2026-07-17 15:40:53 [INFO] AcnSDK - Cleared identity cache file: /home/unitree/zxy/imt/acn_sdk/data/identity.json
2026-07-17 15:40:53 [INFO] AcnSDK - AcnSDK initialized for agent=RobotDog, network_status=offline
2026-07-17 15:40:53 [INFO] AcnSDK - SDK network endpoints acn_agent=9010 ws=9002 moq=9003 web_ui=9005
2026-07-17 15:40:53 [INFO] IdentityManager - Persisted identity state: {'agent_id': 'did:udid:type2.rid678.achid0.userid1380013811193775@6gc.mnc015.mcc234.3gppnetwork.org', 'vc0': {'context': ['3gpp-ts-33.xxx-v20.0.0'], 'id': 'CMCC/credentials/8385', 'type': ['VerifiableCredential', 'BindingSIMCredential'], 'issuer': 'did:udid:idm@6gc.mnc015.mcc234.3gppnetwork.org', 'valid_from': '2026-07-17T07:26:43Z', 'valid_until': '2027-07-17T07:26:43Z', 'claims': {'agent_name': 'RobotDog', 'agent_id': 'did:udid:type2.rid678.achid0.userid1380013811193775@6gc.mnc015.mcc234.3gppnetwork.org', 'agent_attribute': '6G业务开通', 'master_id': 'type0.rid678.schid0.userid1userid20001@6gc0001@6gc.mnc015.mcc234.3gppnetwork.org', 'self_id': 'type0.rid678.schid0..mnc015.mcc234.3gppnetwork.org'}, 'proof': {'creator': 'did:udid:idm@6gc.mnc015.mcc234.3gppnetwork.org#keys-1', 'signature_value': 'MEUCIQCV3beIY0mhXBDFx20ovdZ+dRVW6+vBQQeWmr1d/PhfhgIgHnSWEx572ZanmRPH7eSTdXOz3Asn/d+dVt6J1vZb+ds='}}, 'capability_names': ['载重运输', '自主导航', '高清摄像'], 'capability_vcs': [{'context': ['3gpp-ts-33.xxx-v20.0.0'], 'id': 'robot-factory/credentials/4636', 'type': ['VerifiableCredential', 'BindingSIMCredential'], 'issuer': 'did:robotfactoryissuer@6gc.mnc015.mcc234.3gppnetwork', 'valid_from': '2026-07-16T07:26:44.449176+00:00', 'valid_until': '2027-07-17T07:26:44.449176+00:00', 'claims': {'agent_name': 'RobotDog', 'agent_id': 'did:udid:type2.rid678.achid0.userid1380013811193775@6gc.mnc015.mcc234.3gppnetwork.org', 'agent_attribute': '载重运输', 'authorization_mode': 'Mode2'}, 'proof': {'creator': 'did:robotfactoryissuer@6gc.mnc015.mcc234.3gppnetwork#keys-1', 'signature_value': 'MEYCIQCEfQ1X9nfBHaaL4O4vEeYxQO58dOJlBYxfWoigRMkdOwIhANmcMRCApdxvG3gxWa2v3uthuWcfDW2/dHlzaZEixshR'}}, {'context': ['3gpp-ts-33.xxx-v20.0.0'], 'id': 'robot-factory/credentials/7498', 'type': ['VerifiableCredential', 'BindingSIMCredential'], 'issuer': 'did:robotfactoryissuer@6gc.mnc015.mcc234.3gppnetwork', 'valid_from': '2026-07-16T07:26:44.449176+00:00', 'valid_until': '2027-07-17T07:26:44.449176+00:00', 'claims': {'agent_name': 'RobotDog', 'agent_id': 'did:udid:type2.rid678.achid0.userid1380013811193775@6gc.mnc015.mcc234.3gppnetwork.org', 'agent_attribute': '自主导航', 'authorization_mode': 'Mode2'}, 'proof': {'creator': 'did:robotfactoryissuer@6gc.mnc015.mcc234.3gppnetwork#keys-1', 'signature_value': 'MEYCIQCpzdrWFV6rQZDQ2b/fppo/7JYyxbtf/VR7y29Y0Tl11gIhAOq1635GmRBclILzBYKq+bC/pFOsL0LnCyHx7ymtIqVt'}}, {'context': ['3gpp-ts-33.xxx-v20.0.0'], 'id': 'robot-factory/credentials/0169', 'type': ['VerifiableCredential', 'BindingSIMCredential'], 'issuer': 'did:robotfactoryissuer@6gc.mnc015.mcc234.3gppnetwork', 'valid_from': '2026-07-16T07:26:44.449176+00:00', 'valid_until': '2027-07-17T07:26:44.449176+00:00', 'claims': {'agent_name': 'RobotDog', 'agent_id': 'did:udid:type2.rid678.achid0.userid1380013811193775@6gc.mnc015.mcc234.3gppnetwork.org', 'agent_attribute': '高清摄像', 'authorization_mode': 'Mode2'}, 'proof': {'creator': 'did:robotfactoryissuer@6gc.mnc015.mcc234.3gppnetwork#keys-1', 'signature_value': 'MEUCIQDB2xwTZDQNWRBXFxIJ3H/TfQLsAHz4Yj3A80JKT14ibAIgR9h/ISFOaNEM8adcsU+Z8PkYB7JXEJ8xQHgdHhTs/U8='}}], 'agent_name': 'RobotDog', 'owner': '13800138111', 'priority': 4, 'metadata': {'region': 'CN', 'role': 'collaborator'}}
2026-07-17 15:40:53 [INFO] WebSocketClient - Connecting websocket to ws://192.168.1.10:9002/ws
2026-07-17 15:40:54 [INFO] WebSocketClient - Websocket connected.
2026-07-17 15:40:54 [INFO] WebSocketClient - Sending websocket payload
{
  "type": "SETUP",
  "timestamp": "2026-07-17T07:40:54Z",
  "payload": {
    "src_agent_id": "did:udid:type2.rid678.achid0.userid1380013811193775@6gc.mnc015.mcc234.3gppnetwork.org"
  }
}
2026-07-17 15:40:54 [INFO] WebSocketClient - Received websocket payload
{
  "type": "SETUP",
  "timestamp": "2026-07-17T07:40:53.270514Z",
  "payload": {
    "status": "OK"
  }
}
2026-07-17 15:40:54 [INFO] MoQClient - Connecting MoQ client role=publisher remote=192.168.1.10:9003
2026-07-17 15:40:54 [INFO] moq.pub.publisher - MOQPublisher initialized for 192.168.1.10:9003
2026-07-17 15:40:54 [INFO] moq.pub.publisher - Connecting to relay at 192.168.1.10:9003
2026-07-17 15:40:54 [INFO] moq.transport.quic_transport - QUIC client config: congestion=cubic max_data=67108864 max_stream_data=67108864
2026-07-17 15:40:54 [INFO] moq.transport.quic_transport - Connecting to 192.168.1.10:9003
2026-07-17 15:40:54 [INFO] moq.transport.quic_transport - MOQQuicProtocol initialized
2026-07-17 15:40:54 [INFO] quic - [6897ce9e8a472b7b] Negotiated protocol version 0x00000001 (VERSION_1)
2026-07-17 15:40:54 [INFO] quic - [6897ce9e8a472b7b] ALPN negotiated protocol moq-00
2026-07-17 15:40:54 [INFO] moq.transport.quic_transport - QUIC connection established
2026-07-17 15:40:54 [INFO] moq.session.session - MOQSession created: session_id=pub-281473443043488, role=PUBLISHER
2026-07-17 15:40:54 [INFO] moq.session.session - Sent SETUP: version=4278190097, role=PUBLISHER
2026-07-17 15:40:54 [INFO] moq.pub.publisher - Connected to relay
2026-07-17 15:40:54 [INFO] MoQClient - MoQ publisher connected to relay
2026-07-17 15:40:54 [INFO] MoQClient - MoQ client connected role=publisher remote=192.168.1.10:9003
2026-07-17 15:40:54 [INFO] MoQClient - Connecting MoQ client role=subscriber remote=192.168.1.10:9003
2026-07-17 15:40:54 [INFO] moq.sub.subscriber - MOQSubscriber initialized for 192.168.1.10:9003
2026-07-17 15:40:54 [INFO] moq.sub.subscriber - Connecting to relay at 192.168.1.10:9003
2026-07-17 15:40:54 [INFO] moq.transport.quic_transport - QUIC client config: congestion=cubic max_data=67108864 max_stream_data=67108864
2026-07-17 15:40:54 [INFO] moq.transport.quic_transport - Connecting to 192.168.1.10:9003
2026-07-17 15:40:54 [INFO] moq.transport.quic_transport - MOQQuicProtocol initialized
2026-07-17 15:40:54 [INFO] quic - [c4a2ca8f6d2a0399] Negotiated protocol version 0x00000001 (VERSION_1)
2026-07-17 15:40:54 [INFO] quic - [c4a2ca8f6d2a0399] ALPN negotiated protocol moq-00
2026-07-17 15:40:54 [INFO] moq.transport.quic_transport - QUIC connection established
2026-07-17 15:40:54 [INFO] moq.session.session - MOQSession created: session_id=sub-281473443501616, role=SUBSCRIBER
2026-07-17 15:40:54 [INFO] moq.session.session - Sent SETUP: version=4278190097, role=SUBSCRIBER
2026-07-17 15:40:54 [INFO] moq.sub.subscriber - Connected to relay
2026-07-17 15:40:54 [INFO] MoQClient - MoQ subscriber connected to relay
2026-07-17 15:40:54 [INFO] MoQClient - MoQ client connected role=subscriber remote=192.168.1.10:9003
2026-07-17 15:40:54 [INFO] AcnSDK - Background network listener started.
2026-07-17 15:40:54 [INFO] AcnSDK - Network join successful for agent_id=did:udid:type2.rid678.achid0.userid1380013811193775@6gc.mnc015.mcc234.3gppnetwork.org
2026-07-17 15:40:54 [INFO] WebSocketClient - Sending websocket payload
{
  "type": "DISCONNECTION",
  "timestamp": "2026-07-17T07:40:54Z",
  "payload": {
    "src_agent_id": "did:udid:type2.rid678.achid0.userid1380013811193775@6gc.mnc015.mcc234.3gppnetwork.org"
  }
}
2026-07-17 15:40:54 [INFO] WebSocketClient - Disconnecting websocket from ws://192.168.1.10:9002/ws
2026-07-17 15:40:54 [INFO] MoQClient - Disconnecting MoQ client role=publisher remote=192.168.1.10:9003
2026-07-17 15:40:54 [INFO] moq.session.session - Closing session: pub-281473443043488
2026-07-17 15:40:54 [INFO] quic - [6897ce9e8a472b7b] Connection close sent (code 0x0, reason )
2026-07-17 15:40:54 [INFO] moq.transport.quic_transport - QUIC connection closed
2026-07-17 15:40:54 [INFO] MoQClient - MoQ client disconnected role=publisher remote=192.168.1.10:9003
2026-07-17 15:40:54 [INFO] MoQClient - Disconnecting MoQ client role=subscriber remote=192.168.1.10:9003
2026-07-17 15:40:54 [INFO] moq.session.session - Closing session: sub-281473443501616
2026-07-17 15:40:54 [INFO] quic - [c4a2ca8f6d2a0399] Connection close sent (code 0x0, reason )
2026-07-17 15:40:54 [INFO] moq.transport.quic_transport - QUIC connection closed
2026-07-17 15:40:54 [INFO] MoQClient - MoQ client disconnected role=subscriber remote=192.168.1.10:9003
2026-07-17 15:40:54 [INFO] TaskManager - Stopping all tasks: []
2026-07-17 15:40:54 [INFO] AcnSDK - Network state changed to offline
2026-07-17 15:40:54 [INFO] HttpClient - HTTP POST http://192.168.1.10:9010/acn-agent/v1/agent-deletions
{
  "agent_id": "did:udid:type2.rid678.achid0.userid1380013811193775@6gc.mnc015.mcc234.3gppnetwork.org",
  "reason": "demo completed",
  "timestamp": "2026-07-17T07:40:54Z",
  "signature": "MEUCIHdwAVi0fyzjTUE7Kxs+Z2dVto3ZzhADxQmY/u2yRzxuAiEAyZwtl5+iVD2/9wnteMPIHYVT9+4EOgcHLkEQ/Ec6qrU=",
  "signature_encoding": "base64"
}
2026-07-17 15:40:54 [INFO] httpx - HTTP Request: POST http://192.168.1.10:9010/acn-agent/v1/agent-deletions "HTTP/1.1 200 OK"
2026-07-17 15:40:54 [INFO] HttpClient - HTTP response /acn-agent/v1/agent-deletions
{
  "result": "success",
  "agent_id": "did:udid:type2.rid678.achid0.userid1380013811193775@6gc.mnc015.mcc234.3gppnetwork.org",
  "message": "Agent profile and history deleted successfully",
  "forwarded_to_agent_gw": true,
  "agent_gw_response": {
    "success": true,
    "status_code": 200,
    "body": {
      "status": "OK"
    },
    "raw_text": null,
    "error": null
  }
}
2026-07-17 15:40:54 [INFO] IdentityManager - Clearing identity state.
2026-07-17 15:40:54 [INFO] IdentityManager - Persisted identity state: {'agent_id': None, 'vc0': None, 'capability_names': [], 'capability_vcs': [], 'agent_name': None, 'owner': None, 'priority': None, 'metadata': {}}
2026-07-17 15:40:54 [INFO] AcnSDK - Network state changed to offline
2026-07-17 15:40:54 [INFO] AcnSDK - Robot deregistered. agent_id=did:udid:type2.rid678.achid0.userid1380013811193775@6gc.mnc015.mcc234.3gppnetwork.org
2026-07-17 15:40:56 [INFO] AcnSDK - Cleared identity cache file: /home/unitree/zxy/imt/acn_sdk/data/identity.json
2026-07-17 15:40:56 [INFO] AcnSDK - AcnSDK initialized for agent=RobotDog, network_status=offline
2026-07-17 15:40:56 [INFO] AcnSDK - SDK network endpoints acn_agent=9010 ws=9002 moq=9003 web_ui=9005
2026-07-17 15:40:56 [INFO] HttpClient - HTTP POST http://192.168.1.10:9010/idm/v1/identity-applications
{
  "owner": "13800138111",
  "name": "RobotDog",
  "public_key": "-----BEGIN PUBLIC KEY-----\nMFkwEwYHKoZIzj0CAQYIKoZIzj0DAQcDQgAEjNqmCmtuP9IpEQb88DZmbN0nfAMT\nu0mALPHBfC+5PQSKfmfgFQoiv30y7MZCB4iQHIEf4S7+dHY/x6KK0s6Dfw==\n-----END PUBLIC KEY-----\n",
  "description": "RobotDogModel, SN654321",
  "timestamp": "2026-07-17T07:40:56Z",
  "metadata": {
    "region": "CN",
    "role": "collaborator"
  },
  "signature": "MEYCIQCNBzxnD8ILJZ/j0SB8XUYqrQaivMBs29nFB9i0v9zfwQIhAILWfftcuAM0IU5OUnX1vHGkLvnQ167n06l0L0akECwT",
  "signature_encoding": "base64"
}
2026-07-17 15:40:56 [INFO] httpx - HTTP Request: POST http://192.168.1.10:9010/idm/v1/identity-applications "HTTP/1.1 200 OK"
2026-07-17 15:40:56 [INFO] HttpClient - HTTP response /idm/v1/identity-applications
{
  "result": "success",
  "agent_id": "did:udid:type2.rid678.achid0.userid1380013811189165@6gc.mnc015.mcc234.3gppnetwork.org",
  "vc0": {
    "context": [
      "3gpp-ts-33.xxx-v20.0.0"
    ],
    "id": "CMCC/credentials/1343",
    "type": [
      "VerifiableCredential",
      "BindingSIMCredential"
    ],
    "issuer": "did:udid:idm@6gc.mnc015.mcc234.3gppnetwork.org",
    "valid_from": "2026-07-17T07:40:55Z",
    "valid_until": "2027-07-17T07:40:55Z",
    "claims": {
      "agent_name": "RobotDog",
      "agent_id": "did:udid:type2.rid678.achid0.userid1380013811189165@6gc.mnc015.mcc234.3gppnetwork.org",
      "agent_attribute": "6G业务开通",
      "master_id": "type0.rid678.schid0.userid1userid20001@6gc0001@6gc.mnc015.mcc234.3gppnetwork.org",
      "self_id": "type0.rid678.schid0..mnc015.mcc234.3gppnetwork.org"
    },
    "proof": {
      "creator": "did:udid:idm@6gc.mnc015.mcc234.3gppnetwork.org#keys-1",
      "signature_value": "MEYCIQDJTiDhXGLznHYRLrFHDe49GIQ9oNduArLVAAqH2AYDQwIhAKISORuzoSaoxjEnWEoJ1HOLSB2soNjRI7roo/e6JNbq"
    }
  }
}
2026-07-17 15:40:56 [INFO] IdentityManager - Persisted identity state: {'agent_id': 'did:udid:type2.rid678.achid0.userid1380013811189165@6gc.mnc015.mcc234.3gppnetwork.org', 'vc0': {'context': ['3gpp-ts-33.xxx-v20.0.0'], 'id': 'CMCC/credentials/1343', 'type': ['VerifiableCredential', 'BindingSIMCredential'], 'issuer': 'did:udid:idm@6gc.mnc015.mcc234.3gppnetwork.org', 'valid_from': '2026-07-17T07:40:55Z', 'valid_until': '2027-07-17T07:40:55Z', 'claims': {'agent_name': 'RobotDog', 'agent_id': 'did:udid:type2.rid678.achid0.userid1380013811189165@6gc.mnc015.mcc234.3gppnetwork.org', 'agent_attribute': '6G业务开通', 'master_id': 'type0.rid678.schid0.userid1userid20001@6gc0001@6gc.mnc015.mcc234.3gppnetwork.org', 'self_id': 'type0.rid678.schid0..mnc015.mcc234.3gppnetwork.org'}, 'proof': {'creator': 'did:udid:idm@6gc.mnc015.mcc234.3gppnetwork.org#keys-1', 'signature_value': 'MEYCIQDJTiDhXGLznHYRLrFHDe49GIQ9oNduArLVAAqH2AYDQwIhAKISORuzoSaoxjEnWEoJ1HOLSB2soNjRI7roo/e6JNbq'}}, 'capability_names': [], 'capability_vcs': [], 'agent_name': 'RobotDog', 'owner': '13800138111', 'priority': 4, 'metadata': {'region': 'CN', 'role': 'collaborator'}}
2026-07-17 15:40:56 [INFO] AcnSDK - Agent registered. agent_id=did:udid:type2.rid678.achid0.userid1380013811189165@6gc.mnc015.mcc234.3gppnetwork.org
2026-07-17 15:40:56 [INFO] CredentialIssuer - Issued capability VCs: [{'context': ['3gpp-ts-33.xxx-v20.0.0'], 'id': 'robot-factory/credentials/4781', 'type': ['VerifiableCredential', 'BindingSIMCredential'], 'issuer': 'did:robotfactoryissuer@6gc.mnc015.mcc234.3gppnetwork', 'valid_from': '2026-07-16T07:40:56.599760+00:00', 'valid_until': '2027-07-17T07:40:56.599760+00:00', 'claims': {'agent_name': 'RobotDog', 'agent_id': 'did:udid:type2.rid678.achid0.userid1380013811189165@6gc.mnc015.mcc234.3gppnetwork.org', 'agent_attribute': '载重运输', 'authorization_mode': 'Mode2'}, 'proof': {'creator': 'did:robotfactoryissuer@6gc.mnc015.mcc234.3gppnetwork#keys-1', 'signature_value': 'MEUCIQCYbLvOJBPvllglHAtVS6lmJ1nOKOCGJKHEfNFUnH8jOQIgeZugwg5BkPpjxJHdeXGuCRTz0Z9S74osikEZvWIP7Fs='}}, {'context': ['3gpp-ts-33.xxx-v20.0.0'], 'id': 'robot-factory/credentials/6345', 'type': ['VerifiableCredential', 'BindingSIMCredential'], 'issuer': 'did:robotfactoryissuer@6gc.mnc015.mcc234.3gppnetwork', 'valid_from': '2026-07-16T07:40:56.599760+00:00', 'valid_until': '2027-07-17T07:40:56.599760+00:00', 'claims': {'agent_name': 'RobotDog', 'agent_id': 'did:udid:type2.rid678.achid0.userid1380013811189165@6gc.mnc015.mcc234.3gppnetwork.org', 'agent_attribute': '自主导航', 'authorization_mode': 'Mode2'}, 'proof': {'creator': 'did:robotfactoryissuer@6gc.mnc015.mcc234.3gppnetwork#keys-1', 'signature_value': 'MEUCIQDWMWX0ndyibkiKLVGmHc+a6BmCyQG2ZXw9B75Ia6zYoAIgW77G4unNdW+ViDs+Vy/qm5IhKgH1Zd2sVbjcP9tkmj8='}}, {'context': ['3gpp-ts-33.xxx-v20.0.0'], 'id': 'robot-factory/credentials/1168', 'type': ['VerifiableCredential', 'BindingSIMCredential'], 'issuer': 'did:robotfactoryissuer@6gc.mnc015.mcc234.3gppnetwork', 'valid_from': '2026-07-16T07:40:56.599760+00:00', 'valid_until': '2027-07-17T07:40:56.599760+00:00', 'claims': {'agent_name': 'RobotDog', 'agent_id': 'did:udid:type2.rid678.achid0.userid1380013811189165@6gc.mnc015.mcc234.3gppnetwork.org', 'agent_attribute': '高清摄像', 'authorization_mode': 'Mode2'}, 'proof': {'creator': 'did:robotfactoryissuer@6gc.mnc015.mcc234.3gppnetwork#keys-1', 'signature_value': 'MEUCIQDfSHiupXmCxTsdEM6qGm9CrtOmGZBMGcLktzxTCMreHAIgc5SUT9CDcxR4qaDjm7dLthKwYBbJj64jxKNCR+auIyQ='}}]
2026-07-17 15:40:56 [INFO] IdentityManager - Persisted identity state: {'agent_id': 'did:udid:type2.rid678.achid0.userid1380013811189165@6gc.mnc015.mcc234.3gppnetwork.org', 'vc0': {'context': ['3gpp-ts-33.xxx-v20.0.0'], 'id': 'CMCC/credentials/1343', 'type': ['VerifiableCredential', 'BindingSIMCredential'], 'issuer': 'did:udid:idm@6gc.mnc015.mcc234.3gppnetwork.org', 'valid_from': '2026-07-17T07:40:55Z', 'valid_until': '2027-07-17T07:40:55Z', 'claims': {'agent_name': 'RobotDog', 'agent_id': 'did:udid:type2.rid678.achid0.userid1380013811189165@6gc.mnc015.mcc234.3gppnetwork.org', 'agent_attribute': '6G业务开通', 'master_id': 'type0.rid678.schid0.userid1userid20001@6gc0001@6gc.mnc015.mcc234.3gppnetwork.org', 'self_id': 'type0.rid678.schid0..mnc015.mcc234.3gppnetwork.org'}, 'proof': {'creator': 'did:udid:idm@6gc.mnc015.mcc234.3gppnetwork.org#keys-1', 'signature_value': 'MEYCIQDJTiDhXGLznHYRLrFHDe49GIQ9oNduArLVAAqH2AYDQwIhAKISORuzoSaoxjEnWEoJ1HOLSB2soNjRI7roo/e6JNbq'}}, 'capability_names': ['载重运输', '自主导航', '高清摄像'], 'capability_vcs': [{'context': ['3gpp-ts-33.xxx-v20.0.0'], 'id': 'robot-factory/credentials/4781', 'type': ['VerifiableCredential', 'BindingSIMCredential'], 'issuer': 'did:robotfactoryissuer@6gc.mnc015.mcc234.3gppnetwork', 'valid_from': '2026-07-16T07:40:56.599760+00:00', 'valid_until': '2027-07-17T07:40:56.599760+00:00', 'claims': {'agent_name': 'RobotDog', 'agent_id': 'did:udid:type2.rid678.achid0.userid1380013811189165@6gc.mnc015.mcc234.3gppnetwork.org', 'agent_attribute': '载重运输', 'authorization_mode': 'Mode2'}, 'proof': {'creator': 'did:robotfactoryissuer@6gc.mnc015.mcc234.3gppnetwork#keys-1', 'signature_value': 'MEUCIQCYbLvOJBPvllglHAtVS6lmJ1nOKOCGJKHEfNFUnH8jOQIgeZugwg5BkPpjxJHdeXGuCRTz0Z9S74osikEZvWIP7Fs='}}, {'context': ['3gpp-ts-33.xxx-v20.0.0'], 'id': 'robot-factory/credentials/6345', 'type': ['VerifiableCredential', 'BindingSIMCredential'], 'issuer': 'did:robotfactoryissuer@6gc.mnc015.mcc234.3gppnetwork', 'valid_from': '2026-07-16T07:40:56.599760+00:00', 'valid_until': '2027-07-17T07:40:56.599760+00:00', 'claims': {'agent_name': 'RobotDog', 'agent_id': 'did:udid:type2.rid678.achid0.userid1380013811189165@6gc.mnc015.mcc234.3gppnetwork.org', 'agent_attribute': '自主导航', 'authorization_mode': 'Mode2'}, 'proof': {'creator': 'did:robotfactoryissuer@6gc.mnc015.mcc234.3gppnetwork#keys-1', 'signature_value': 'MEUCIQDWMWX0ndyibkiKLVGmHc+a6BmCyQG2ZXw9B75Ia6zYoAIgW77G4unNdW+ViDs+Vy/qm5IhKgH1Zd2sVbjcP9tkmj8='}}, {'context': ['3gpp-ts-33.xxx-v20.0.0'], 'id': 'robot-factory/credentials/1168', 'type': ['VerifiableCredential', 'BindingSIMCredential'], 'issuer': 'did:robotfactoryissuer@6gc.mnc015.mcc234.3gppnetwork', 'valid_from': '2026-07-16T07:40:56.599760+00:00', 'valid_until': '2027-07-17T07:40:56.599760+00:00', 'claims': {'agent_name': 'RobotDog', 'agent_id': 'did:udid:type2.rid678.achid0.userid1380013811189165@6gc.mnc015.mcc234.3gppnetwork.org', 'agent_attribute': '高清摄像', 'authorization_mode': 'Mode2'}, 'proof': {'creator': 'did:robotfactoryissuer@6gc.mnc015.mcc234.3gppnetwork#keys-1', 'signature_value': 'MEUCIQDfSHiupXmCxTsdEM6qGm9CrtOmGZBMGcLktzxTCMreHAIgc5SUT9CDcxR4qaDjm7dLthKwYBbJj64jxKNCR+auIyQ='}}], 'agent_name': 'RobotDog', 'owner': '13800138111', 'priority': 4, 'metadata': {'region': 'CN', 'role': 'collaborator'}}
2026-07-17 15:40:56 [INFO] HttpClient - HTTP POST http://192.168.1.10:9010/arf/v1/agent-cards
{
  "agent_id": "did:udid:type2.rid678.achid0.userid1380013811189165@6gc.mnc015.mcc234.3gppnetwork.org",
  "priority": 4,
  "timestamp": "2026-07-17T07:40:56Z",
  "signature": "MEUCIHRyaiYsYx75SHaGqulknCShpcDt30kb8mBydbLujfRJAiEAxIKlY7w5LGUUQyK0RYiVcugN8fYaMkcOdALj3/vX72A=",
  "signature_encoding": "base64",
  "vc_list": [
    {
      "context": [
        "3gpp-ts-33.xxx-v20.0.0"
      ],
      "id": "CMCC/credentials/1343",
      "type": [
        "VerifiableCredential",
        "BindingSIMCredential"
      ],
      "issuer": "did:udid:idm@6gc.mnc015.mcc234.3gppnetwork.org",
      "valid_from": "2026-07-17T07:40:55Z",
      "valid_until": "2027-07-17T07:40:55Z",
      "claims": {
        "agent_name": "RobotDog",
        "agent_id": "did:udid:type2.rid678.achid0.userid1380013811189165@6gc.mnc015.mcc234.3gppnetwork.org",
        "agent_attribute": "6G业务开通",
        "master_id": "type0.rid678.schid0.userid1userid20001@6gc0001@6gc.mnc015.mcc234.3gppnetwork.org",
        "self_id": "type0.rid678.schid0..mnc015.mcc234.3gppnetwork.org"
      },
      "proof": {
        "creator": "did:udid:idm@6gc.mnc015.mcc234.3gppnetwork.org#keys-1",
        "signature_value": "MEYCIQDJTiDhXGLznHYRLrFHDe49GIQ9oNduArLVAAqH2AYDQwIhAKISORuzoSaoxjEnWEoJ1HOLSB2soNjRI7roo/e6JNbq"
      }
    },
    {
      "context": [
        "3gpp-ts-33.xxx-v20.0.0"
      ],
      "id": "robot-factory/credentials/4781",
      "type": [
        "VerifiableCredential",
        "BindingSIMCredential"
      ],
      "issuer": "did:robotfactoryissuer@6gc.mnc015.mcc234.3gppnetwork",
      "valid_from": "2026-07-16T07:40:56.599760+00:00",
      "valid_until": "2027-07-17T07:40:56.599760+00:00",
      "claims": {
        "agent_name": "RobotDog",
        "agent_id": "did:udid:type2.rid678.achid0.userid1380013811189165@6gc.mnc015.mcc234.3gppnetwork.org",
        "agent_attribute": "载重运输",
        "authorization_mode": "Mode2"
      },
      "proof": {
        "creator": "did:robotfactoryissuer@6gc.mnc015.mcc234.3gppnetwork#keys-1",
        "signature_value": "MEUCIQCYbLvOJBPvllglHAtVS6lmJ1nOKOCGJKHEfNFUnH8jOQIgeZugwg5BkPpjxJHdeXGuCRTz0Z9S74osikEZvWIP7Fs="
      }
    },
    {
      "context": [
        "3gpp-ts-33.xxx-v20.0.0"
      ],
      "id": "robot-factory/credentials/6345",
      "type": [
        "VerifiableCredential",
        "BindingSIMCredential"
      ],
      "issuer": "did:robotfactoryissuer@6gc.mnc015.mcc234.3gppnetwork",
      "valid_from": "2026-07-16T07:40:56.599760+00:00",
      "valid_until": "2027-07-17T07:40:56.599760+00:00",
      "claims": {
        "agent_name": "RobotDog",
        "agent_id": "did:udid:type2.rid678.achid0.userid1380013811189165@6gc.mnc015.mcc234.3gppnetwork.org",
        "agent_attribute": "自主导航",
        "authorization_mode": "Mode2"
      },
      "proof": {
        "creator": "did:robotfactoryissuer@6gc.mnc015.mcc234.3gppnetwork#keys-1",
        "signature_value": "MEUCIQDWMWX0ndyibkiKLVGmHc+a6BmCyQG2ZXw9B75Ia6zYoAIgW77G4unNdW+ViDs+Vy/qm5IhKgH1Zd2sVbjcP9tkmj8="
      }
    },
    {
      "context": [
        "3gpp-ts-33.xxx-v20.0.0"
      ],
      "id": "robot-factory/credentials/1168",
      "type": [
        "VerifiableCredential",
        "BindingSIMCredential"
      ],
      "issuer": "did:robotfactoryissuer@6gc.mnc015.mcc234.3gppnetwork",
      "valid_from": "2026-07-16T07:40:56.599760+00:00",
      "valid_until": "2027-07-17T07:40:56.599760+00:00",
      "claims": {
        "agent_name": "RobotDog",
        "agent_id": "did:udid:type2.rid678.achid0.userid1380013811189165@6gc.mnc015.mcc234.3gppnetwork.org",
        "agent_attribute": "高清摄像",
        "authorization_mode": "Mode2"
      },
      "proof": {
        "creator": "did:robotfactoryissuer@6gc.mnc015.mcc234.3gppnetwork#keys-1",
        "signature_value": "MEUCIQDfSHiupXmCxTsdEM6qGm9CrtOmGZBMGcLktzxTCMreHAIgc5SUT9CDcxR4qaDjm7dLthKwYBbJj64jxKNCR+auIyQ="
      }
    }
  ]
}
2026-07-17 15:40:56 [INFO] httpx - HTTP Request: POST http://192.168.1.10:9010/arf/v1/agent-cards "HTTP/1.1 200 OK"
2026-07-17 15:40:56 [INFO] HttpClient - HTTP response /arf/v1/agent-cards
{
  "status": "OK"
}
2026-07-17 15:40:56 [INFO] AcnSDK - Robot attribute registered. agent_id=did:udid:type2.rid678.achid0.userid1380013811189165@6gc.mnc015.mcc234.3gppnetwork.org
2026-07-17 15:40:56 [INFO] WebSocketClient - Connecting websocket to ws://192.168.1.10:9002/ws
2026-07-17 15:40:57 [INFO] WebSocketClient - Websocket connected.
2026-07-17 15:40:57 [INFO] WebSocketClient - Sending websocket payload
{
  "type": "SETUP",
  "timestamp": "2026-07-17T07:40:57Z",
  "payload": {
    "src_agent_id": "did:udid:type2.rid678.achid0.userid1380013811189165@6gc.mnc015.mcc234.3gppnetwork.org"
  }
}
2026-07-17 15:40:57 [INFO] WebSocketClient - Received websocket payload
{
  "type": "SETUP",
  "timestamp": "2026-07-17T07:40:56.230097Z",
  "payload": {
    "status": "OK"
  }
}
2026-07-17 15:40:57 [INFO] MoQClient - Connecting MoQ client role=publisher remote=192.168.1.10:9003
2026-07-17 15:40:57 [INFO] moq.pub.publisher - MOQPublisher initialized for 192.168.1.10:9003
2026-07-17 15:40:57 [INFO] moq.pub.publisher - Connecting to relay at 192.168.1.10:9003
2026-07-17 15:40:57 [INFO] moq.transport.quic_transport - QUIC client config: congestion=cubic max_data=67108864 max_stream_data=67108864
2026-07-17 15:40:57 [INFO] moq.transport.quic_transport - Connecting to 192.168.1.10:9003
2026-07-17 15:40:57 [INFO] moq.transport.quic_transport - MOQQuicProtocol initialized
2026-07-17 15:40:57 [INFO] quic - [afbbacabf6ee5f34] Negotiated protocol version 0x00000001 (VERSION_1)
2026-07-17 15:40:57 [INFO] quic - [afbbacabf6ee5f34] ALPN negotiated protocol moq-00
2026-07-17 15:40:57 [INFO] moq.transport.quic_transport - QUIC connection established
2026-07-17 15:40:57 [INFO] moq.session.session - MOQSession created: session_id=pub-281473429952288, role=PUBLISHER
2026-07-17 15:40:57 [INFO] moq.session.session - Sent SETUP: version=4278190097, role=PUBLISHER
2026-07-17 15:40:57 [INFO] moq.pub.publisher - Connected to relay
2026-07-17 15:40:57 [INFO] MoQClient - MoQ publisher connected to relay
2026-07-17 15:40:57 [INFO] MoQClient - MoQ client connected role=publisher remote=192.168.1.10:9003
2026-07-17 15:40:57 [INFO] MoQClient - Connecting MoQ client role=subscriber remote=192.168.1.10:9003
2026-07-17 15:40:57 [INFO] moq.sub.subscriber - MOQSubscriber initialized for 192.168.1.10:9003
2026-07-17 15:40:57 [INFO] moq.sub.subscriber - Connecting to relay at 192.168.1.10:9003
2026-07-17 15:40:57 [INFO] moq.transport.quic_transport - QUIC client config: congestion=cubic max_data=67108864 max_stream_data=67108864
2026-07-17 15:40:57 [INFO] moq.transport.quic_transport - Connecting to 192.168.1.10:9003
2026-07-17 15:40:57 [INFO] moq.transport.quic_transport - MOQQuicProtocol initialized
2026-07-17 15:40:57 [INFO] quic - [fe65b839c5c47310] Negotiated protocol version 0x00000001 (VERSION_1)
2026-07-17 15:40:57 [INFO] quic - [fe65b839c5c47310] ALPN negotiated protocol moq-00
2026-07-17 15:40:57 [INFO] moq.transport.quic_transport - QUIC connection established
2026-07-17 15:40:57 [INFO] moq.session.session - MOQSession created: session_id=sub-281473429960592, role=SUBSCRIBER
2026-07-17 15:40:57 [INFO] moq.session.session - Sent SETUP: version=4278190097, role=SUBSCRIBER
2026-07-17 15:40:57 [INFO] moq.sub.subscriber - Connected to relay
2026-07-17 15:40:57 [INFO] MoQClient - MoQ subscriber connected to relay
2026-07-17 15:40:57 [INFO] MoQClient - MoQ client connected role=subscriber remote=192.168.1.10:9003
2026-07-17 15:40:57 [INFO] AcnSDK - Background network listener started.
2026-07-17 15:40:57 [INFO] AcnSDK - Network join successful for agent_id=did:udid:type2.rid678.achid0.userid1380013811189165@6gc.mnc015.mcc234.3gppnetwork.org
2026-07-17 15:40:57 [INFO] AcnSDK - Queried local agent info agent_id=did:udid:type2.rid678.achid0.userid1380013811189165@6gc.mnc015.mcc234.3gppnetwork.org
2026-07-17 15:40:57 [INFO] HttpClient - HTTP POST http://192.168.1.10:9010/acn-agent/v1/owner-agents
{
  "owner": "13800138111"
}
2026-07-17 15:40:57 [INFO] httpx - HTTP Request: POST http://192.168.1.10:9010/acn-agent/v1/owner-agents "HTTP/1.1 200 OK"
2026-07-17 15:40:57 [INFO] HttpClient - HTTP response /acn-agent/v1/owner-agents
{
  "owner": "13800138111",
  "total": 2,
  "agents": [
    {
      "agent_id": "did:udid:type2.rid678.achid0.userid1380013811174929@6gc.mnc015.mcc234.3gppnetwork.org",
      "agent_name": "RobotDog",
      "description": "RobotDogModel, SN654321"
    },
    {
      "agent_id": "did:udid:type2.rid678.achid0.userid1380013811189165@6gc.mnc015.mcc234.3gppnetwork.org",
      "agent_name": "RobotDog",
      "description": "RobotDogModel, SN654321"
    }
  ]
}
2026-07-17 15:40:57 [INFO] AcnSDK - Queried agent list owner=13800138111
2026-07-17 15:41:08 [INFO] AcnSDK - Cleared identity cache file: /home/unitree/zxy/imt/acn_sdk/data/identity.json
2026-07-17 15:41:08 [INFO] AcnSDK - AcnSDK initialized for agent=RobotDog, network_status=offline
2026-07-17 15:41:08 [INFO] AcnSDK - SDK network endpoints acn_agent=9010 ws=9002 moq=9003 web_ui=9005
2026-07-17 15:41:08 [INFO] IdentityManager - Persisted identity state: {'agent_id': 'did:udid:type2.rid678.achid0.userid1380013811189165@6gc.mnc015.mcc234.3gppnetwork.org', 'vc0': {'context': ['3gpp-ts-33.xxx-v20.0.0'], 'id': 'CMCC/credentials/1343', 'type': ['VerifiableCredential', 'BindingSIMCredential'], 'issuer': 'did:udid:idm@6gc.mnc015.mcc234.3gppnetwork.org', 'valid_from': '2026-07-17T07:40:55Z', 'valid_until': '2027-07-17T07:40:55Z', 'claims': {'agent_name': 'RobotDog', 'agent_id': 'did:udid:type2.rid678.achid0.userid1380013811189165@6gc.mnc015.mcc234.3gppnetwork.org', 'agent_attribute': '6G业务开通', 'master_id': 'type0.rid678.schid0.userid1userid20001@6gc0001@6gc.mnc015.mcc234.3gppnetwork.org', 'self_id': 'type0.rid678.schid0..mnc015.mcc234.3gppnetwork.org'}, 'proof': {'creator': 'did:udid:idm@6gc.mnc015.mcc234.3gppnetwork.org#keys-1', 'signature_value': 'MEYCIQDJTiDhXGLznHYRLrFHDe49GIQ9oNduArLVAAqH2AYDQwIhAKISORuzoSaoxjEnWEoJ1HOLSB2soNjRI7roo/e6JNbq'}}, 'capability_names': ['载重运输', '自主导航', '高清摄像'], 'capability_vcs': [{'context': ['3gpp-ts-33.xxx-v20.0.0'], 'id': 'robot-factory/credentials/4781', 'type': ['VerifiableCredential', 'BindingSIMCredential'], 'issuer': 'did:robotfactoryissuer@6gc.mnc015.mcc234.3gppnetwork', 'valid_from': '2026-07-16T07:40:56.599760+00:00', 'valid_until': '2027-07-17T07:40:56.599760+00:00', 'claims': {'agent_name': 'RobotDog', 'agent_id': 'did:udid:type2.rid678.achid0.userid1380013811189165@6gc.mnc015.mcc234.3gppnetwork.org', 'agent_attribute': '载重运输', 'authorization_mode': 'Mode2'}, 'proof': {'creator': 'did:robotfactoryissuer@6gc.mnc015.mcc234.3gppnetwork#keys-1', 'signature_value': 'MEUCIQCYbLvOJBPvllglHAtVS6lmJ1nOKOCGJKHEfNFUnH8jOQIgeZugwg5BkPpjxJHdeXGuCRTz0Z9S74osikEZvWIP7Fs='}}, {'context': ['3gpp-ts-33.xxx-v20.0.0'], 'id': 'robot-factory/credentials/6345', 'type': ['VerifiableCredential', 'BindingSIMCredential'], 'issuer': 'did:robotfactoryissuer@6gc.mnc015.mcc234.3gppnetwork', 'valid_from': '2026-07-16T07:40:56.599760+00:00', 'valid_until': '2027-07-17T07:40:56.599760+00:00', 'claims': {'agent_name': 'RobotDog', 'agent_id': 'did:udid:type2.rid678.achid0.userid1380013811189165@6gc.mnc015.mcc234.3gppnetwork.org', 'agent_attribute': '自主导航', 'authorization_mode': 'Mode2'}, 'proof': {'creator': 'did:robotfactoryissuer@6gc.mnc015.mcc234.3gppnetwork#keys-1', 'signature_value': 'MEUCIQDWMWX0ndyibkiKLVGmHc+a6BmCyQG2ZXw9B75Ia6zYoAIgW77G4unNdW+ViDs+Vy/qm5IhKgH1Zd2sVbjcP9tkmj8='}}, {'context': ['3gpp-ts-33.xxx-v20.0.0'], 'id': 'robot-factory/credentials/1168', 'type': ['VerifiableCredential', 'BindingSIMCredential'], 'issuer': 'did:robotfactoryissuer@6gc.mnc015.mcc234.3gppnetwork', 'valid_from': '2026-07-16T07:40:56.599760+00:00', 'valid_until': '2027-07-17T07:40:56.599760+00:00', 'claims': {'agent_name': 'RobotDog', 'agent_id': 'did:udid:type2.rid678.achid0.userid1380013811189165@6gc.mnc015.mcc234.3gppnetwork.org', 'agent_attribute': '高清摄像', 'authorization_mode': 'Mode2'}, 'proof': {'creator': 'did:robotfactoryissuer@6gc.mnc015.mcc234.3gppnetwork#keys-1', 'signature_value': 'MEUCIQDfSHiupXmCxTsdEM6qGm9CrtOmGZBMGcLktzxTCMreHAIgc5SUT9CDcxR4qaDjm7dLthKwYBbJj64jxKNCR+auIyQ='}}], 'agent_name': 'RobotDog', 'owner': '13800138111', 'priority': 4, 'metadata': {'region': 'CN', 'role': 'collaborator'}}
2026-07-17 15:41:08 [INFO] WebSocketClient - Connecting websocket to ws://192.168.1.10:9002/ws
2026-07-17 15:41:08 [INFO] WebSocketClient - Websocket connected.
2026-07-17 15:41:08 [INFO] WebSocketClient - Sending websocket payload
{
  "type": "SETUP",
  "timestamp": "2026-07-17T07:41:08Z",
  "payload": {
    "src_agent_id": "did:udid:type2.rid678.achid0.userid1380013811189165@6gc.mnc015.mcc234.3gppnetwork.org"
  }
}
2026-07-17 15:41:09 [INFO] WebSocketClient - Received websocket payload
{
  "type": "SETUP",
  "timestamp": "2026-07-17T07:41:08.190502Z",
  "payload": {
    "status": "OK"
  }
}
2026-07-17 15:41:09 [INFO] MoQClient - Connecting MoQ client role=publisher remote=192.168.1.10:9003
2026-07-17 15:41:09 [INFO] moq.pub.publisher - MOQPublisher initialized for 192.168.1.10:9003
2026-07-17 15:41:09 [INFO] moq.pub.publisher - Connecting to relay at 192.168.1.10:9003
2026-07-17 15:41:09 [INFO] moq.transport.quic_transport - QUIC client config: congestion=cubic max_data=67108864 max_stream_data=67108864
2026-07-17 15:41:09 [INFO] moq.transport.quic_transport - Connecting to 192.168.1.10:9003
2026-07-17 15:41:09 [INFO] moq.transport.quic_transport - MOQQuicProtocol initialized
2026-07-17 15:41:09 [INFO] quic - [e7130888e7f08cdb] Negotiated protocol version 0x00000001 (VERSION_1)
2026-07-17 15:41:09 [INFO] quic - [e7130888e7f08cdb] ALPN negotiated protocol moq-00
2026-07-17 15:41:09 [INFO] moq.transport.quic_transport - QUIC connection established
2026-07-17 15:41:09 [INFO] moq.session.session - MOQSession created: session_id=pub-281473317623872, role=PUBLISHER
2026-07-17 15:41:09 [INFO] moq.session.session - Sent SETUP: version=4278190097, role=PUBLISHER
2026-07-17 15:41:09 [INFO] moq.pub.publisher - Connected to relay
2026-07-17 15:41:09 [INFO] MoQClient - MoQ publisher connected to relay
2026-07-17 15:41:09 [INFO] MoQClient - MoQ client connected role=publisher remote=192.168.1.10:9003
2026-07-17 15:41:09 [INFO] MoQClient - Connecting MoQ client role=subscriber remote=192.168.1.10:9003
2026-07-17 15:41:09 [INFO] moq.sub.subscriber - MOQSubscriber initialized for 192.168.1.10:9003
2026-07-17 15:41:09 [INFO] moq.sub.subscriber - Connecting to relay at 192.168.1.10:9003
2026-07-17 15:41:09 [INFO] moq.transport.quic_transport - QUIC client config: congestion=cubic max_data=67108864 max_stream_data=67108864
2026-07-17 15:41:09 [INFO] moq.transport.quic_transport - Connecting to 192.168.1.10:9003
2026-07-17 15:41:09 [INFO] moq.transport.quic_transport - MOQQuicProtocol initialized
2026-07-17 15:41:09 [INFO] quic - [4cae95a425a44fdd] Negotiated protocol version 0x00000001 (VERSION_1)
2026-07-17 15:41:09 [INFO] quic - [4cae95a425a44fdd] ALPN negotiated protocol moq-00
2026-07-17 15:41:09 [INFO] moq.transport.quic_transport - QUIC connection established
2026-07-17 15:41:09 [INFO] moq.session.session - MOQSession created: session_id=sub-281473299207632, role=SUBSCRIBER
2026-07-17 15:41:09 [INFO] moq.session.session - Sent SETUP: version=4278190097, role=SUBSCRIBER
2026-07-17 15:41:09 [INFO] moq.sub.subscriber - Connected to relay
2026-07-17 15:41:09 [INFO] MoQClient - MoQ subscriber connected to relay
2026-07-17 15:41:09 [INFO] MoQClient - MoQ client connected role=subscriber remote=192.168.1.10:9003
2026-07-17 15:41:09 [INFO] AcnSDK - Background network listener started.
2026-07-17 15:41:09 [INFO] AcnSDK - Network join successful for agent_id=did:udid:type2.rid678.achid0.userid1380013811189165@6gc.mnc015.mcc234.3gppnetwork.org
2026-07-17 15:41:09 [INFO] WebSocketClient - Sending websocket payload
{
  "type": "DISCONNECTION",
  "timestamp": "2026-07-17T07:41:09Z",
  "payload": {
    "src_agent_id": "did:udid:type2.rid678.achid0.userid1380013811189165@6gc.mnc015.mcc234.3gppnetwork.org"
  }
}
2026-07-17 15:41:09 [INFO] WebSocketClient - Disconnecting websocket from ws://192.168.1.10:9002/ws
2026-07-17 15:41:09 [INFO] MoQClient - Disconnecting MoQ client role=publisher remote=192.168.1.10:9003
2026-07-17 15:41:09 [INFO] moq.session.session - Closing session: pub-281473317623872
2026-07-17 15:41:09 [INFO] quic - [e7130888e7f08cdb] Connection close sent (code 0x0, reason )
2026-07-17 15:41:09 [INFO] moq.transport.quic_transport - QUIC connection closed
2026-07-17 15:41:09 [INFO] MoQClient - MoQ client disconnected role=publisher remote=192.168.1.10:9003
2026-07-17 15:41:09 [INFO] MoQClient - Disconnecting MoQ client role=subscriber remote=192.168.1.10:9003
2026-07-17 15:41:09 [INFO] moq.session.session - Closing session: sub-281473299207632
2026-07-17 15:41:09 [INFO] quic - [4cae95a425a44fdd] Connection close sent (code 0x0, reason )
2026-07-17 15:41:09 [INFO] moq.transport.quic_transport - QUIC connection closed
2026-07-17 15:41:09 [INFO] MoQClient - MoQ client disconnected role=subscriber remote=192.168.1.10:9003
2026-07-17 15:41:09 [INFO] TaskManager - Stopping all tasks: []
2026-07-17 15:41:09 [INFO] AcnSDK - Network state changed to offline
2026-07-17 15:41:09 [INFO] HttpClient - HTTP POST http://192.168.1.10:9010/acn-agent/v1/agent-deletions
{
  "agent_id": "did:udid:type2.rid678.achid0.userid1380013811189165@6gc.mnc015.mcc234.3gppnetwork.org",
  "reason": "demo completed",
  "timestamp": "2026-07-17T07:41:09Z",
  "signature": "MEUCIQC+YqKjtQNrqAlke3TszJTQDvxFmcKqZkTdBI2qZ9QcKAIgMMrNvOWEgWpBLe80IjWHcSLQkEAw2lfhuE1Cwg3m0U4=",
  "signature_encoding": "base64"
}
2026-07-17 15:41:09 [INFO] httpx - HTTP Request: POST http://192.168.1.10:9010/acn-agent/v1/agent-deletions "HTTP/1.1 200 OK"
2026-07-17 15:41:09 [INFO] HttpClient - HTTP response /acn-agent/v1/agent-deletions
{
  "result": "success",
  "agent_id": "did:udid:type2.rid678.achid0.userid1380013811189165@6gc.mnc015.mcc234.3gppnetwork.org",
  "message": "Agent profile and history deleted successfully",
  "forwarded_to_agent_gw": true,
  "agent_gw_response": {
    "success": true,
    "status_code": 200,
    "body": {
      "status": "OK"
    },
    "raw_text": null,
    "error": null
  }
}
2026-07-17 15:41:09 [INFO] IdentityManager - Clearing identity state.
2026-07-17 15:41:09 [INFO] IdentityManager - Persisted identity state: {'agent_id': None, 'vc0': None, 'capability_names': [], 'capability_vcs': [], 'agent_name': None, 'owner': None, 'priority': None, 'metadata': {}}
2026-07-17 15:41:09 [INFO] AcnSDK - Network state changed to offline
2026-07-17 15:41:09 [INFO] AcnSDK - Robot deregistered. agent_id=did:udid:type2.rid678.achid0.userid1380013811189165@6gc.mnc015.mcc234.3gppnetwork.org
2026-07-17 15:41:12 [INFO] AcnSDK - Cleared identity cache file: /home/unitree/zxy/imt/acn_sdk/data/identity.json
2026-07-17 15:41:12 [INFO] AcnSDK - AcnSDK initialized for agent=RobotDog, network_status=offline
2026-07-17 15:41:12 [INFO] AcnSDK - SDK network endpoints acn_agent=9010 ws=9002 moq=9003 web_ui=9005
2026-07-17 15:41:12 [INFO] HttpClient - HTTP POST http://192.168.1.10:9010/idm/v1/identity-applications
{
  "owner": "13800138111",
  "name": "RobotDog",
  "public_key": "-----BEGIN PUBLIC KEY-----\nMFkwEwYHKoZIzj0CAQYIKoZIzj0DAQcDQgAEjNqmCmtuP9IpEQb88DZmbN0nfAMT\nu0mALPHBfC+5PQSKfmfgFQoiv30y7MZCB4iQHIEf4S7+dHY/x6KK0s6Dfw==\n-----END PUBLIC KEY-----\n",
  "description": "RobotDogModel, SN654321",
  "timestamp": "2026-07-17T07:41:12Z",
  "metadata": {
    "region": "CN",
    "role": "collaborator"
  },
  "signature": "MEUCIQDJ608s+TE2g3wK3e/ZcioEOYn7PUIkfWoVvoTWoYK15gIgewvGhHa3qQSfD7AZQiaEjBEcpCVUpmyRmkdaF3MUN1s=",
  "signature_encoding": "base64"
}
2026-07-17 15:41:13 [INFO] httpx - HTTP Request: POST http://192.168.1.10:9010/idm/v1/identity-applications "HTTP/1.1 200 OK"
2026-07-17 15:41:13 [INFO] HttpClient - HTTP response /idm/v1/identity-applications
{
  "result": "success",
  "agent_id": "did:udid:type2.rid678.achid0.userid1380013811132548@6gc.mnc015.mcc234.3gppnetwork.org",
  "vc0": {
    "context": [
      "3gpp-ts-33.xxx-v20.0.0"
    ],
    "id": "CMCC/credentials/0549",
    "type": [
      "VerifiableCredential",
      "BindingSIMCredential"
    ],
    "issuer": "did:udid:idm@6gc.mnc015.mcc234.3gppnetwork.org",
    "valid_from": "2026-07-17T07:41:12Z",
    "valid_until": "2027-07-17T07:41:12Z",
    "claims": {
      "agent_name": "RobotDog",
      "agent_id": "did:udid:type2.rid678.achid0.userid1380013811132548@6gc.mnc015.mcc234.3gppnetwork.org",
      "agent_attribute": "6G业务开通",
      "master_id": "type0.rid678.schid0.userid1userid20001@6gc0001@6gc.mnc015.mcc234.3gppnetwork.org",
      "self_id": "type0.rid678.schid0..mnc015.mcc234.3gppnetwork.org"
    },
    "proof": {
      "creator": "did:udid:idm@6gc.mnc015.mcc234.3gppnetwork.org#keys-1",
      "signature_value": "MEQCIETWwyOJ8+3rmPCzX0eTT+3iwJgeC5PbGpHswYWbQWpiAiBQF3ybZ+KEDszvpt5230kdoNJs8g5KoR9Ezl6fGPKYEA=="
    }
  }
}
2026-07-17 15:41:13 [INFO] IdentityManager - Persisted identity state: {'agent_id': 'did:udid:type2.rid678.achid0.userid1380013811132548@6gc.mnc015.mcc234.3gppnetwork.org', 'vc0': {'context': ['3gpp-ts-33.xxx-v20.0.0'], 'id': 'CMCC/credentials/0549', 'type': ['VerifiableCredential', 'BindingSIMCredential'], 'issuer': 'did:udid:idm@6gc.mnc015.mcc234.3gppnetwork.org', 'valid_from': '2026-07-17T07:41:12Z', 'valid_until': '2027-07-17T07:41:12Z', 'claims': {'agent_name': 'RobotDog', 'agent_id': 'did:udid:type2.rid678.achid0.userid1380013811132548@6gc.mnc015.mcc234.3gppnetwork.org', 'agent_attribute': '6G业务开通', 'master_id': 'type0.rid678.schid0.userid1userid20001@6gc0001@6gc.mnc015.mcc234.3gppnetwork.org', 'self_id': 'type0.rid678.schid0..mnc015.mcc234.3gppnetwork.org'}, 'proof': {'creator': 'did:udid:idm@6gc.mnc015.mcc234.3gppnetwork.org#keys-1', 'signature_value': 'MEQCIETWwyOJ8+3rmPCzX0eTT+3iwJgeC5PbGpHswYWbQWpiAiBQF3ybZ+KEDszvpt5230kdoNJs8g5KoR9Ezl6fGPKYEA=='}}, 'capability_names': [], 'capability_vcs': [], 'agent_name': 'RobotDog', 'owner': '13800138111', 'priority': 4, 'metadata': {'region': 'CN', 'role': 'collaborator'}}
2026-07-17 15:41:13 [INFO] AcnSDK - Agent registered. agent_id=did:udid:type2.rid678.achid0.userid1380013811132548@6gc.mnc015.mcc234.3gppnetwork.org
2026-07-17 15:41:13 [INFO] CredentialIssuer - Issued capability VCs: [{'context': ['3gpp-ts-33.xxx-v20.0.0'], 'id': 'robot-factory/credentials/0323', 'type': ['VerifiableCredential', 'BindingSIMCredential'], 'issuer': 'did:robotfactoryissuer@6gc.mnc015.mcc234.3gppnetwork', 'valid_from': '2026-07-16T07:41:13.184080+00:00', 'valid_until': '2027-07-17T07:41:13.184080+00:00', 'claims': {'agent_name': 'RobotDog', 'agent_id': 'did:udid:type2.rid678.achid0.userid1380013811132548@6gc.mnc015.mcc234.3gppnetwork.org', 'agent_attribute': '载重运输', 'authorization_mode': 'Mode2'}, 'proof': {'creator': 'did:robotfactoryissuer@6gc.mnc015.mcc234.3gppnetwork#keys-1', 'signature_value': 'MEQCIB7Jt3JgaoXkmwlEs4f2RBoiUtEvZ5uFtS+ScG3dz/BmAiBrZ2JK6RprSwGee7KdxuBl8u8N4PWDzsS2JgwI1oc30w=='}}, {'context': ['3gpp-ts-33.xxx-v20.0.0'], 'id': 'robot-factory/credentials/8003', 'type': ['VerifiableCredential', 'BindingSIMCredential'], 'issuer': 'did:robotfactoryissuer@6gc.mnc015.mcc234.3gppnetwork', 'valid_from': '2026-07-16T07:41:13.184080+00:00', 'valid_until': '2027-07-17T07:41:13.184080+00:00', 'claims': {'agent_name': 'RobotDog', 'agent_id': 'did:udid:type2.rid678.achid0.userid1380013811132548@6gc.mnc015.mcc234.3gppnetwork.org', 'agent_attribute': '自主导航', 'authorization_mode': 'Mode2'}, 'proof': {'creator': 'did:robotfactoryissuer@6gc.mnc015.mcc234.3gppnetwork#keys-1', 'signature_value': 'MEYCIQCI7uAVPBGJZJkkfzFAokHwfmN8AIO9iNS0vQog/sOVzgIhALI2h/74hvZCZzXsmD3/O4GwGK6bYmgZx57wnYLyE3+3'}}, {'context': ['3gpp-ts-33.xxx-v20.0.0'], 'id': 'robot-factory/credentials/0386', 'type': ['VerifiableCredential', 'BindingSIMCredential'], 'issuer': 'did:robotfactoryissuer@6gc.mnc015.mcc234.3gppnetwork', 'valid_from': '2026-07-16T07:41:13.184080+00:00', 'valid_until': '2027-07-17T07:41:13.184080+00:00', 'claims': {'agent_name': 'RobotDog', 'agent_id': 'did:udid:type2.rid678.achid0.userid1380013811132548@6gc.mnc015.mcc234.3gppnetwork.org', 'agent_attribute': '高清摄像', 'authorization_mode': 'Mode2'}, 'proof': {'creator': 'did:robotfactoryissuer@6gc.mnc015.mcc234.3gppnetwork#keys-1', 'signature_value': 'MEUCIQC1TcFWr3f70REtDOdunzwtFjvwKI/avLE286Pwp7Rc/gIgRMjoYIJCu+iAsJOAXkyGLgPDs09kLxWDzm7KKJ4x9pI='}}]
2026-07-17 15:41:13 [INFO] IdentityManager - Persisted identity state: {'agent_id': 'did:udid:type2.rid678.achid0.userid1380013811132548@6gc.mnc015.mcc234.3gppnetwork.org', 'vc0': {'context': ['3gpp-ts-33.xxx-v20.0.0'], 'id': 'CMCC/credentials/0549', 'type': ['VerifiableCredential', 'BindingSIMCredential'], 'issuer': 'did:udid:idm@6gc.mnc015.mcc234.3gppnetwork.org', 'valid_from': '2026-07-17T07:41:12Z', 'valid_until': '2027-07-17T07:41:12Z', 'claims': {'agent_name': 'RobotDog', 'agent_id': 'did:udid:type2.rid678.achid0.userid1380013811132548@6gc.mnc015.mcc234.3gppnetwork.org', 'agent_attribute': '6G业务开通', 'master_id': 'type0.rid678.schid0.userid1userid20001@6gc0001@6gc.mnc015.mcc234.3gppnetwork.org', 'self_id': 'type0.rid678.schid0..mnc015.mcc234.3gppnetwork.org'}, 'proof': {'creator': 'did:udid:idm@6gc.mnc015.mcc234.3gppnetwork.org#keys-1', 'signature_value': 'MEQCIETWwyOJ8+3rmPCzX0eTT+3iwJgeC5PbGpHswYWbQWpiAiBQF3ybZ+KEDszvpt5230kdoNJs8g5KoR9Ezl6fGPKYEA=='}}, 'capability_names': ['载重运输', '自主导航', '高清摄像'], 'capability_vcs': [{'context': ['3gpp-ts-33.xxx-v20.0.0'], 'id': 'robot-factory/credentials/0323', 'type': ['VerifiableCredential', 'BindingSIMCredential'], 'issuer': 'did:robotfactoryissuer@6gc.mnc015.mcc234.3gppnetwork', 'valid_from': '2026-07-16T07:41:13.184080+00:00', 'valid_until': '2027-07-17T07:41:13.184080+00:00', 'claims': {'agent_name': 'RobotDog', 'agent_id': 'did:udid:type2.rid678.achid0.userid1380013811132548@6gc.mnc015.mcc234.3gppnetwork.org', 'agent_attribute': '载重运输', 'authorization_mode': 'Mode2'}, 'proof': {'creator': 'did:robotfactoryissuer@6gc.mnc015.mcc234.3gppnetwork#keys-1', 'signature_value': 'MEQCIB7Jt3JgaoXkmwlEs4f2RBoiUtEvZ5uFtS+ScG3dz/BmAiBrZ2JK6RprSwGee7KdxuBl8u8N4PWDzsS2JgwI1oc30w=='}}, {'context': ['3gpp-ts-33.xxx-v20.0.0'], 'id': 'robot-factory/credentials/8003', 'type': ['VerifiableCredential', 'BindingSIMCredential'], 'issuer': 'did:robotfactoryissuer@6gc.mnc015.mcc234.3gppnetwork', 'valid_from': '2026-07-16T07:41:13.184080+00:00', 'valid_until': '2027-07-17T07:41:13.184080+00:00', 'claims': {'agent_name': 'RobotDog', 'agent_id': 'did:udid:type2.rid678.achid0.userid1380013811132548@6gc.mnc015.mcc234.3gppnetwork.org', 'agent_attribute': '自主导航', 'authorization_mode': 'Mode2'}, 'proof': {'creator': 'did:robotfactoryissuer@6gc.mnc015.mcc234.3gppnetwork#keys-1', 'signature_value': 'MEYCIQCI7uAVPBGJZJkkfzFAokHwfmN8AIO9iNS0vQog/sOVzgIhALI2h/74hvZCZzXsmD3/O4GwGK6bYmgZx57wnYLyE3+3'}}, {'context': ['3gpp-ts-33.xxx-v20.0.0'], 'id': 'robot-factory/credentials/0386', 'type': ['VerifiableCredential', 'BindingSIMCredential'], 'issuer': 'did:robotfactoryissuer@6gc.mnc015.mcc234.3gppnetwork', 'valid_from': '2026-07-16T07:41:13.184080+00:00', 'valid_until': '2027-07-17T07:41:13.184080+00:00', 'claims': {'agent_name': 'RobotDog', 'agent_id': 'did:udid:type2.rid678.achid0.userid1380013811132548@6gc.mnc015.mcc234.3gppnetwork.org', 'agent_attribute': '高清摄像', 'authorization_mode': 'Mode2'}, 'proof': {'creator': 'did:robotfactoryissuer@6gc.mnc015.mcc234.3gppnetwork#keys-1', 'signature_value': 'MEUCIQC1TcFWr3f70REtDOdunzwtFjvwKI/avLE286Pwp7Rc/gIgRMjoYIJCu+iAsJOAXkyGLgPDs09kLxWDzm7KKJ4x9pI='}}], 'agent_name': 'RobotDog', 'owner': '13800138111', 'priority': 4, 'metadata': {'region': 'CN', 'role': 'collaborator'}}
2026-07-17 15:41:13 [INFO] HttpClient - HTTP POST http://192.168.1.10:9010/arf/v1/agent-cards
{
  "agent_id": "did:udid:type2.rid678.achid0.userid1380013811132548@6gc.mnc015.mcc234.3gppnetwork.org",
  "priority": 4,
  "timestamp": "2026-07-17T07:41:13Z",
  "signature": "MEQCIH40fExqAJv14K/pPHVoNSRBGDWkyZREQGbX+17XLs6eAiANDDGh2gujyM7Xf/1MW8LX2Dkb3ZuGW+4emuHiaY9pcQ==",
  "signature_encoding": "base64",
  "vc_list": [
    {
      "context": [
        "3gpp-ts-33.xxx-v20.0.0"
      ],
      "id": "CMCC/credentials/0549",
      "type": [
        "VerifiableCredential",
        "BindingSIMCredential"
      ],
      "issuer": "did:udid:idm@6gc.mnc015.mcc234.3gppnetwork.org",
      "valid_from": "2026-07-17T07:41:12Z",
      "valid_until": "2027-07-17T07:41:12Z",
      "claims": {
        "agent_name": "RobotDog",
        "agent_id": "did:udid:type2.rid678.achid0.userid1380013811132548@6gc.mnc015.mcc234.3gppnetwork.org",
        "agent_attribute": "6G业务开通",
        "master_id": "type0.rid678.schid0.userid1userid20001@6gc0001@6gc.mnc015.mcc234.3gppnetwork.org",
        "self_id": "type0.rid678.schid0..mnc015.mcc234.3gppnetwork.org"
      },
      "proof": {
        "creator": "did:udid:idm@6gc.mnc015.mcc234.3gppnetwork.org#keys-1",
        "signature_value": "MEQCIETWwyOJ8+3rmPCzX0eTT+3iwJgeC5PbGpHswYWbQWpiAiBQF3ybZ+KEDszvpt5230kdoNJs8g5KoR9Ezl6fGPKYEA=="
      }
    },
    {
      "context": [
        "3gpp-ts-33.xxx-v20.0.0"
      ],
      "id": "robot-factory/credentials/0323",
      "type": [
        "VerifiableCredential",
        "BindingSIMCredential"
      ],
      "issuer": "did:robotfactoryissuer@6gc.mnc015.mcc234.3gppnetwork",
      "valid_from": "2026-07-16T07:41:13.184080+00:00",
      "valid_until": "2027-07-17T07:41:13.184080+00:00",
      "claims": {
        "agent_name": "RobotDog",
        "agent_id": "did:udid:type2.rid678.achid0.userid1380013811132548@6gc.mnc015.mcc234.3gppnetwork.org",
        "agent_attribute": "载重运输",
        "authorization_mode": "Mode2"
      },
      "proof": {
        "creator": "did:robotfactoryissuer@6gc.mnc015.mcc234.3gppnetwork#keys-1",
        "signature_value": "MEQCIB7Jt3JgaoXkmwlEs4f2RBoiUtEvZ5uFtS+ScG3dz/BmAiBrZ2JK6RprSwGee7KdxuBl8u8N4PWDzsS2JgwI1oc30w=="
      }
    },
    {
      "context": [
        "3gpp-ts-33.xxx-v20.0.0"
      ],
      "id": "robot-factory/credentials/8003",
      "type": [
        "VerifiableCredential",
        "BindingSIMCredential"
      ],
      "issuer": "did:robotfactoryissuer@6gc.mnc015.mcc234.3gppnetwork",
      "valid_from": "2026-07-16T07:41:13.184080+00:00",
      "valid_until": "2027-07-17T07:41:13.184080+00:00",
      "claims": {
        "agent_name": "RobotDog",
        "agent_id": "did:udid:type2.rid678.achid0.userid1380013811132548@6gc.mnc015.mcc234.3gppnetwork.org",
        "agent_attribute": "自主导航",
        "authorization_mode": "Mode2"
      },
      "proof": {
        "creator": "did:robotfactoryissuer@6gc.mnc015.mcc234.3gppnetwork#keys-1",
        "signature_value": "MEYCIQCI7uAVPBGJZJkkfzFAokHwfmN8AIO9iNS0vQog/sOVzgIhALI2h/74hvZCZzXsmD3/O4GwGK6bYmgZx57wnYLyE3+3"
      }
    },
    {
      "context": [
        "3gpp-ts-33.xxx-v20.0.0"
      ],
      "id": "robot-factory/credentials/0386",
      "type": [
        "VerifiableCredential",
        "BindingSIMCredential"
      ],
      "issuer": "did:robotfactoryissuer@6gc.mnc015.mcc234.3gppnetwork",
      "valid_from": "2026-07-16T07:41:13.184080+00:00",
      "valid_until": "2027-07-17T07:41:13.184080+00:00",
      "claims": {
        "agent_name": "RobotDog",
        "agent_id": "did:udid:type2.rid678.achid0.userid1380013811132548@6gc.mnc015.mcc234.3gppnetwork.org",
        "agent_attribute": "高清摄像",
        "authorization_mode": "Mode2"
      },
      "proof": {
        "creator": "did:robotfactoryissuer@6gc.mnc015.mcc234.3gppnetwork#keys-1",
        "signature_value": "MEUCIQC1TcFWr3f70REtDOdunzwtFjvwKI/avLE286Pwp7Rc/gIgRMjoYIJCu+iAsJOAXkyGLgPDs09kLxWDzm7KKJ4x9pI="
      }
    }
  ]
}
2026-07-17 15:41:13 [INFO] httpx - HTTP Request: POST http://192.168.1.10:9010/arf/v1/agent-cards "HTTP/1.1 200 OK"
2026-07-17 15:41:13 [INFO] HttpClient - HTTP response /arf/v1/agent-cards
{
  "status": "OK"
}
2026-07-17 15:41:13 [INFO] AcnSDK - Robot attribute registered. agent_id=did:udid:type2.rid678.achid0.userid1380013811132548@6gc.mnc015.mcc234.3gppnetwork.org
2026-07-17 15:41:13 [INFO] WebSocketClient - Connecting websocket to ws://192.168.1.10:9002/ws
2026-07-17 15:41:13 [INFO] WebSocketClient - Websocket connected.
2026-07-17 15:41:13 [INFO] WebSocketClient - Sending websocket payload
{
  "type": "SETUP",
  "timestamp": "2026-07-17T07:41:13Z",
  "payload": {
    "src_agent_id": "did:udid:type2.rid678.achid0.userid1380013811132548@6gc.mnc015.mcc234.3gppnetwork.org"
  }
}
2026-07-17 15:41:13 [INFO] WebSocketClient - Received websocket payload
{
  "type": "SETUP",
  "timestamp": "2026-07-17T07:41:12.717082Z",
  "payload": {
    "status": "OK"
  }
}
2026-07-17 15:41:13 [INFO] MoQClient - Connecting MoQ client role=publisher remote=192.168.1.10:9003
2026-07-17 15:41:13 [INFO] moq.pub.publisher - MOQPublisher initialized for 192.168.1.10:9003
2026-07-17 15:41:13 [INFO] moq.pub.publisher - Connecting to relay at 192.168.1.10:9003
2026-07-17 15:41:13 [INFO] moq.transport.quic_transport - QUIC client config: congestion=cubic max_data=67108864 max_stream_data=67108864
2026-07-17 15:41:13 [INFO] moq.transport.quic_transport - Connecting to 192.168.1.10:9003
2026-07-17 15:41:13 [INFO] moq.transport.quic_transport - MOQQuicProtocol initialized
2026-07-17 15:41:13 [INFO] quic - [9aa3abdd97108d32] Negotiated protocol version 0x00000001 (VERSION_1)
2026-07-17 15:41:13 [INFO] quic - [9aa3abdd97108d32] ALPN negotiated protocol moq-00
2026-07-17 15:41:13 [INFO] moq.transport.quic_transport - QUIC connection established
2026-07-17 15:41:13 [INFO] moq.session.session - MOQSession created: session_id=pub-281473801443152, role=PUBLISHER
2026-07-17 15:41:13 [INFO] moq.session.session - Sent SETUP: version=4278190097, role=PUBLISHER
2026-07-17 15:41:13 [INFO] moq.pub.publisher - Connected to relay
2026-07-17 15:41:13 [INFO] MoQClient - MoQ publisher connected to relay
2026-07-17 15:41:13 [INFO] MoQClient - MoQ client connected role=publisher remote=192.168.1.10:9003
2026-07-17 15:41:13 [INFO] MoQClient - Connecting MoQ client role=subscriber remote=192.168.1.10:9003
2026-07-17 15:41:13 [INFO] moq.sub.subscriber - MOQSubscriber initialized for 192.168.1.10:9003
2026-07-17 15:41:13 [INFO] moq.sub.subscriber - Connecting to relay at 192.168.1.10:9003
2026-07-17 15:41:13 [INFO] moq.transport.quic_transport - QUIC client config: congestion=cubic max_data=67108864 max_stream_data=67108864
2026-07-17 15:41:13 [INFO] moq.transport.quic_transport - Connecting to 192.168.1.10:9003
2026-07-17 15:41:13 [INFO] moq.transport.quic_transport - MOQQuicProtocol initialized
2026-07-17 15:41:13 [INFO] quic - [c5398e5a92404417] Negotiated protocol version 0x00000001 (VERSION_1)
2026-07-17 15:41:13 [INFO] quic - [c5398e5a92404417] ALPN negotiated protocol moq-00
2026-07-17 15:41:13 [INFO] moq.transport.quic_transport - QUIC connection established
2026-07-17 15:41:13 [INFO] moq.session.session - MOQSession created: session_id=sub-281473801451504, role=SUBSCRIBER
2026-07-17 15:41:13 [INFO] moq.session.session - Sent SETUP: version=4278190097, role=SUBSCRIBER
2026-07-17 15:41:13 [INFO] moq.sub.subscriber - Connected to relay
2026-07-17 15:41:13 [INFO] MoQClient - MoQ subscriber connected to relay
2026-07-17 15:41:13 [INFO] MoQClient - MoQ client connected role=subscriber remote=192.168.1.10:9003
2026-07-17 15:41:13 [INFO] AcnSDK - Background network listener started.
2026-07-17 15:41:13 [INFO] AcnSDK - Network join successful for agent_id=did:udid:type2.rid678.achid0.userid1380013811132548@6gc.mnc015.mcc234.3gppnetwork.org
2026-07-17 15:41:13 [INFO] AcnSDK - Queried local agent info agent_id=did:udid:type2.rid678.achid0.userid1380013811132548@6gc.mnc015.mcc234.3gppnetwork.org
2026-07-17 15:41:13 [INFO] HttpClient - HTTP POST http://192.168.1.10:9010/acn-agent/v1/owner-agents
{
  "owner": "13800138111"
}
2026-07-17 15:41:13 [INFO] httpx - HTTP Request: POST http://192.168.1.10:9010/acn-agent/v1/owner-agents "HTTP/1.1 200 OK"
2026-07-17 15:41:13 [INFO] HttpClient - HTTP response /acn-agent/v1/owner-agents
{
  "owner": "13800138111",
  "total": 2,
  "agents": [
    {
      "agent_id": "did:udid:type2.rid678.achid0.userid1380013811132548@6gc.mnc015.mcc234.3gppnetwork.org",
      "agent_name": "RobotDog",
      "description": "RobotDogModel, SN654321"
    },
    {
      "agent_id": "did:udid:type2.rid678.achid0.userid1380013811174929@6gc.mnc015.mcc234.3gppnetwork.org",
      "agent_name": "RobotDog",
      "description": "RobotDogModel, SN654321"
    }
  ]
}
2026-07-17 15:41:13 [INFO] AcnSDK - Queried agent list owner=13800138111
2026-07-17 15:42:34 [INFO] WebSocketClient - Received websocket payload
{
  "type": "TASK_REQUEST_COLLABORATION",
  "timestamp": "2026-07-17T07:42:33.669545Z",
  "payload": {
    "src_agent_id": "did:udid:type2.rid678.achid0.userid+861380013800016432@6gc.mnc015.mcc234.3gppnetwork.org",
    "dst_agent_id": "did:udid:type2.rid678.achid0.userid1380013811132548@6gc.mnc015.mcc234.3gppnetwork.org",
    "task_id": "task-12345",
    "task_description": "Collaboration task",
    "agent_card": {
      "agent_id": "did:udid:type2.rid678.achid0.userid+861380013800016432@6gc.mnc015.mcc234.3gppnetwork.org",
      "agent_name": "AR glasses",
      "skill": [
        "6G业务开通",
        "视觉共享",
        "远程操控"
      ]
    },
    "timestamp": "2026-07-17T07:42:33.669545Z"
  }
}
2026-07-17 15:42:34 [INFO] AcnSDK - Handling network message type=TASK_REQUEST_COLLABORATION payload=
{
  "src_agent_id": "did:udid:type2.rid678.achid0.userid+861380013800016432@6gc.mnc015.mcc234.3gppnetwork.org",
  "dst_agent_id": "did:udid:type2.rid678.achid0.userid1380013811132548@6gc.mnc015.mcc234.3gppnetwork.org",
  "task_id": "task-12345",
  "task_description": "Collaboration task",
  "agent_card": {
    "agent_id": "did:udid:type2.rid678.achid0.userid+861380013800016432@6gc.mnc015.mcc234.3gppnetwork.org",
    "agent_name": "AR glasses",
    "skill": [
      "6G业务开通",
      "视觉共享",
      "远程操控"
    ]
  },
  "timestamp": "2026-07-17T07:42:33.669545Z"
}
2026-07-17 15:42:34 [INFO] WebSocketClient - Sending websocket payload
{
  "type": "TASK_ACCEPT_COLLABORATION",
  "timestamp": "2026-07-17T07:42:34Z",
  "payload": {
    "src_agent_id": "did:udid:type2.rid678.achid0.userid1380013811132548@6gc.mnc015.mcc234.3gppnetwork.org",
    "dst_agent_id": "did:udid:type2.rid678.achid0.userid+861380013800016432@6gc.mnc015.mcc234.3gppnetwork.org",
    "task_id": "task-12345",
    "result": "OK"
  }
}
2026-07-17 15:42:34 [INFO] AcnSDK - Task collaboration accepted. task_id=task-12345 dst_agent_id=did:udid:type2.rid678.achid0.userid+861380013800016432@6gc.mnc015.mcc234.3gppnetwork.org
2026-07-17 15:42:34 [INFO] WebSocketClient - Received websocket payload
{
  "type": "START_TASK",
  "timestamp": "2026-07-17T07:42:33Z",
  "payload": {
    "src_agent_id": "did:udid:type2.rid678.achid0.userid+861380013800016432@6gc.mnc015.mcc234.3gppnetwork.org",
    "dst_agent_id": "did:udid:type2.rid678.achid0.userid1380013811132548@6gc.mnc015.mcc234.3gppnetwork.org",
    "task_id": "task-12345",
    "task_description": "协同任务"
  }
}
2026-07-17 15:42:34 [INFO] AcnSDK - Handling network message type=START_TASK payload=
{
  "src_agent_id": "did:udid:type2.rid678.achid0.userid+861380013800016432@6gc.mnc015.mcc234.3gppnetwork.org",
  "dst_agent_id": "did:udid:type2.rid678.achid0.userid1380013811132548@6gc.mnc015.mcc234.3gppnetwork.org",
  "task_id": "task-12345",
  "task_description": "协同任务"
}
2026-07-17 15:42:34 [INFO] HttpClient - HTTP POST http://192.168.1.10:9010/acn-agent/v1/task-executions
{
  "agent_id": "did:udid:type2.rid678.achid0.userid1380013811132548@6gc.mnc015.mcc234.3gppnetwork.org",
  "task_id": "task-12345",
  "description": "协同任务",
  "timestamp": "2026-07-17T07:42:34Z"
}
2026-07-17 15:42:34 [INFO] httpx - HTTP Request: POST http://192.168.1.10:9010/acn-agent/v1/task-executions "HTTP/1.1 200 OK"
2026-07-17 15:42:34 [INFO] HttpClient - HTTP response /acn-agent/v1/task-executions
{
  "status": "OK"
}
2026-07-17 15:42:34 [INFO] AcnSDK - Task execution requested. task_id=task-12345
2026-07-17 15:45:09 [INFO] WebSocketClient - Received websocket payload
{
  "type": "TASK_TERMINATION",
  "timestamp": "2026-07-17T07:45:08.800075Z",
  "payload": {
    "src_agent_id": "did:udid:type2.rid678.achid0.userid+861380013800016432@6gc.mnc015.mcc234.3gppnetwork.org",
    "task_id": "task-12345",
    "task_description": "任务结束"
  }
}
2026-07-17 15:45:09 [INFO] AcnSDK - Handling network message type=TASK_TERMINATION payload=
{
  "src_agent_id": "did:udid:type2.rid678.achid0.userid+861380013800016432@6gc.mnc015.mcc234.3gppnetwork.org",
  "task_id": "task-12345",
  "task_description": "任务结束"
}
2026-07-17 15:45:09 [INFO] HttpClient - HTTP POST http://192.168.1.10:9010/acn-agent/v1/task-execution-terminations
{
  "agent_id": "did:udid:type2.rid678.achid0.userid1380013811132548@6gc.mnc015.mcc234.3gppnetwork.org",
  "task_id": "task-12345",
  "reason": "",
  "timestamp": "2026-07-17T07:45:09Z",
  "force": false
}
2026-07-17 15:45:09 [INFO] httpx - HTTP Request: POST http://192.168.1.10:9010/acn-agent/v1/task-execution-terminations "HTTP/1.1 200 OK"
2026-07-17 15:45:09 [INFO] HttpClient - HTTP response /acn-agent/v1/task-execution-terminations
{
  "status": "OK"
}
2026-07-17 15:45:09 [INFO] AcnSDK - Task termination requested. task_id=task-12345
2026-07-17 15:45:11 [INFO] WebSocketClient - Received websocket payload
{
  "type": "CLEAR",
  "timestamp": "2026-07-17T07:45:11.056780Z",
  "payload": {}
}
2026-07-17 15:45:11 [INFO] AcnSDK - Handling network message type=CLEAR payload=
{}
2026-07-17 15:45:11 [INFO] IdentityManager - Clearing identity state.
2026-07-17 15:45:11 [INFO] IdentityManager - Persisted identity state: {'agent_id': None, 'vc0': None, 'capability_names': [], 'capability_vcs': [], 'agent_name': None, 'owner': None, 'priority': None, 'metadata': {}}
2026-07-17 15:45:11 [INFO] WebSocketClient - Disconnecting websocket from ws://192.168.1.10:9002/ws
2026-07-17 15:45:11 [INFO] MoQClient - Disconnecting MoQ client role=publisher remote=192.168.1.10:9003
2026-07-17 15:45:11 [INFO] moq.session.session - Closing session: pub-281473801443152
2026-07-17 15:45:11 [INFO] quic - [9aa3abdd97108d32] Connection close sent (code 0x0, reason )
2026-07-17 15:45:11 [INFO] moq.transport.quic_transport - QUIC connection closed
2026-07-17 15:45:11 [INFO] MoQClient - MoQ client disconnected role=publisher remote=192.168.1.10:9003
2026-07-17 15:45:11 [INFO] MoQClient - Disconnecting MoQ client role=subscriber remote=192.168.1.10:9003
2026-07-17 15:45:11 [INFO] moq.session.session - Closing session: sub-281473801451504
2026-07-17 15:45:11 [INFO] quic - [c5398e5a92404417] Connection close sent (code 0x0, reason )
2026-07-17 15:45:11 [INFO] moq.transport.quic_transport - QUIC connection closed
2026-07-17 15:45:11 [INFO] MoQClient - MoQ client disconnected role=subscriber remote=192.168.1.10:9003
2026-07-17 15:45:11 [INFO] TaskManager - Stopping all tasks: []
2026-07-17 15:45:11 [INFO] AcnSDK - Network state changed to offline
2026-07-17 15:45:26 [INFO] AcnSDK - Cleared identity cache file: /home/unitree/zxy/imt/acn_sdk/data/identity.json
2026-07-17 15:45:26 [INFO] AcnSDK - AcnSDK initialized for agent=RobotDog, network_status=offline
2026-07-17 15:45:26 [INFO] AcnSDK - SDK network endpoints acn_agent=9010 ws=9002 moq=9003 web_ui=9005
2026-07-17 15:45:26 [INFO] IdentityManager - Persisted identity state: {'agent_id': None, 'vc0': None, 'capability_names': [], 'capability_vcs': [], 'agent_name': None, 'owner': None, 'priority': None, 'metadata': {}}
2026-07-17 15:46:03 [INFO] AcnSDK - Cleared identity cache file: /home/unitree/zxy/imt/acn_sdk/data/identity.json
2026-07-17 15:46:03 [INFO] AcnSDK - AcnSDK initialized for agent=RobotDog, network_status=offline
2026-07-17 15:46:03 [INFO] AcnSDK - SDK network endpoints acn_agent=9010 ws=9002 moq=9003 web_ui=9005
2026-07-17 15:46:03 [INFO] HttpClient - HTTP POST http://192.168.1.10:9010/idm/v1/identity-applications
{
  "owner": "13800138111",
  "name": "RobotDog",
  "public_key": "-----BEGIN PUBLIC KEY-----\nMFkwEwYHKoZIzj0CAQYIKoZIzj0DAQcDQgAEjNqmCmtuP9IpEQb88DZmbN0nfAMT\nu0mALPHBfC+5PQSKfmfgFQoiv30y7MZCB4iQHIEf4S7+dHY/x6KK0s6Dfw==\n-----END PUBLIC KEY-----\n",
  "description": "RobotDogModel, SN654321",
  "timestamp": "2026-07-17T07:46:03Z",
  "metadata": {
    "region": "CN",
    "role": "collaborator"
  },
  "signature": "MEUCIENbKYzkv0tI7qHOLHeafXjoHHujFmsdTughDfB5vYmYAiEA6j85HrMX0edYtOHRJbToL4N9iDpGslqSrjJirFgQD/g=",
  "signature_encoding": "base64"
}
2026-07-17 15:46:04 [INFO] httpx - HTTP Request: POST http://192.168.1.10:9010/idm/v1/identity-applications "HTTP/1.1 200 OK"
2026-07-17 15:46:04 [INFO] HttpClient - HTTP response /idm/v1/identity-applications
{
  "result": "success",
  "agent_id": "did:udid:type2.rid678.achid0.userid1380013811143623@6gc.mnc015.mcc234.3gppnetwork.org",
  "vc0": {
    "context": [
      "3gpp-ts-33.xxx-v20.0.0"
    ],
    "id": "CMCC/credentials/4208",
    "type": [
      "VerifiableCredential",
      "BindingSIMCredential"
    ],
    "issuer": "did:udid:idm@6gc.mnc015.mcc234.3gppnetwork.org",
    "valid_from": "2026-07-17T07:46:03Z",
    "valid_until": "2027-07-17T07:46:03Z",
    "claims": {
      "agent_name": "RobotDog",
      "agent_id": "did:udid:type2.rid678.achid0.userid1380013811143623@6gc.mnc015.mcc234.3gppnetwork.org",
      "agent_attribute": "6G业务开通",
      "master_id": "type0.rid678.schid0.userid1userid20001@6gc0001@6gc.mnc015.mcc234.3gppnetwork.org",
      "self_id": "type0.rid678.schid0..mnc015.mcc234.3gppnetwork.org"
    },
    "proof": {
      "creator": "did:udid:idm@6gc.mnc015.mcc234.3gppnetwork.org#keys-1",
      "signature_value": "MEYCIQCLZz8SsF1x4mwzzHhZs/uetWtzpdZWnxOJMd48c4qOfgIhAKsx16hjDmxYFApScqLqYoZLDJpPe0vuCaPocC+1Eu06"
    }
  }
}
2026-07-17 15:46:04 [INFO] IdentityManager - Persisted identity state: {'agent_id': 'did:udid:type2.rid678.achid0.userid1380013811143623@6gc.mnc015.mcc234.3gppnetwork.org', 'vc0': {'context': ['3gpp-ts-33.xxx-v20.0.0'], 'id': 'CMCC/credentials/4208', 'type': ['VerifiableCredential', 'BindingSIMCredential'], 'issuer': 'did:udid:idm@6gc.mnc015.mcc234.3gppnetwork.org', 'valid_from': '2026-07-17T07:46:03Z', 'valid_until': '2027-07-17T07:46:03Z', 'claims': {'agent_name': 'RobotDog', 'agent_id': 'did:udid:type2.rid678.achid0.userid1380013811143623@6gc.mnc015.mcc234.3gppnetwork.org', 'agent_attribute': '6G业务开通', 'master_id': 'type0.rid678.schid0.userid1userid20001@6gc0001@6gc.mnc015.mcc234.3gppnetwork.org', 'self_id': 'type0.rid678.schid0..mnc015.mcc234.3gppnetwork.org'}, 'proof': {'creator': 'did:udid:idm@6gc.mnc015.mcc234.3gppnetwork.org#keys-1', 'signature_value': 'MEYCIQCLZz8SsF1x4mwzzHhZs/uetWtzpdZWnxOJMd48c4qOfgIhAKsx16hjDmxYFApScqLqYoZLDJpPe0vuCaPocC+1Eu06'}}, 'capability_names': [], 'capability_vcs': [], 'agent_name': 'RobotDog', 'owner': '13800138111', 'priority': 4, 'metadata': {'region': 'CN', 'role': 'collaborator'}}
2026-07-17 15:46:04 [INFO] AcnSDK - Agent registered. agent_id=did:udid:type2.rid678.achid0.userid1380013811143623@6gc.mnc015.mcc234.3gppnetwork.org
2026-07-17 15:46:04 [INFO] CredentialIssuer - Issued capability VCs: [{'context': ['3gpp-ts-33.xxx-v20.0.0'], 'id': 'robot-factory/credentials/7635', 'type': ['VerifiableCredential', 'BindingSIMCredential'], 'issuer': 'did:robotfactoryissuer@6gc.mnc015.mcc234.3gppnetwork', 'valid_from': '2026-07-16T07:46:04.084280+00:00', 'valid_until': '2027-07-17T07:46:04.084280+00:00', 'claims': {'agent_name': 'RobotDog', 'agent_id': 'did:udid:type2.rid678.achid0.userid1380013811143623@6gc.mnc015.mcc234.3gppnetwork.org', 'agent_attribute': '载重运输', 'authorization_mode': 'Mode2'}, 'proof': {'creator': 'did:robotfactoryissuer@6gc.mnc015.mcc234.3gppnetwork#keys-1', 'signature_value': 'MEYCIQD4nGWRq42Q6lgTuuzAC4vyVCgzycKp5m90YRjENqvnFQIhAOl62lEARqglCpT+VyVaIMdE5p/N2SuOXasdppcJ5ega'}}, {'context': ['3gpp-ts-33.xxx-v20.0.0'], 'id': 'robot-factory/credentials/8818', 'type': ['VerifiableCredential', 'BindingSIMCredential'], 'issuer': 'did:robotfactoryissuer@6gc.mnc015.mcc234.3gppnetwork', 'valid_from': '2026-07-16T07:46:04.084280+00:00', 'valid_until': '2027-07-17T07:46:04.084280+00:00', 'claims': {'agent_name': 'RobotDog', 'agent_id': 'did:udid:type2.rid678.achid0.userid1380013811143623@6gc.mnc015.mcc234.3gppnetwork.org', 'agent_attribute': '自主导航', 'authorization_mode': 'Mode2'}, 'proof': {'creator': 'did:robotfactoryissuer@6gc.mnc015.mcc234.3gppnetwork#keys-1', 'signature_value': 'MEYCIQCW8LSWLNSP5y2Sa0HuU35jcX5Y8ciZAMi4kslvvJM8VgIhALbrZwSoQ1SwS9xLsNDbk2G6hJlBIkgl77MTKbqIESt3'}}, {'context': ['3gpp-ts-33.xxx-v20.0.0'], 'id': 'robot-factory/credentials/6459', 'type': ['VerifiableCredential', 'BindingSIMCredential'], 'issuer': 'did:robotfactoryissuer@6gc.mnc015.mcc234.3gppnetwork', 'valid_from': '2026-07-16T07:46:04.084280+00:00', 'valid_until': '2027-07-17T07:46:04.084280+00:00', 'claims': {'agent_name': 'RobotDog', 'agent_id': 'did:udid:type2.rid678.achid0.userid1380013811143623@6gc.mnc015.mcc234.3gppnetwork.org', 'agent_attribute': '高清摄像', 'authorization_mode': 'Mode2'}, 'proof': {'creator': 'did:robotfactoryissuer@6gc.mnc015.mcc234.3gppnetwork#keys-1', 'signature_value': 'MEUCIQCkTgGsbEnSuaUVhSJ8Mx/hmfGgFEkiAHQKbNCsBwACbgIgJK+tvg809TrA71gCGyTfjwEAuxwXUl5K6zfiJHoh4M8='}}]
2026-07-17 15:46:04 [INFO] IdentityManager - Persisted identity state: {'agent_id': 'did:udid:type2.rid678.achid0.userid1380013811143623@6gc.mnc015.mcc234.3gppnetwork.org', 'vc0': {'context': ['3gpp-ts-33.xxx-v20.0.0'], 'id': 'CMCC/credentials/4208', 'type': ['VerifiableCredential', 'BindingSIMCredential'], 'issuer': 'did:udid:idm@6gc.mnc015.mcc234.3gppnetwork.org', 'valid_from': '2026-07-17T07:46:03Z', 'valid_until': '2027-07-17T07:46:03Z', 'claims': {'agent_name': 'RobotDog', 'agent_id': 'did:udid:type2.rid678.achid0.userid1380013811143623@6gc.mnc015.mcc234.3gppnetwork.org', 'agent_attribute': '6G业务开通', 'master_id': 'type0.rid678.schid0.userid1userid20001@6gc0001@6gc.mnc015.mcc234.3gppnetwork.org', 'self_id': 'type0.rid678.schid0..mnc015.mcc234.3gppnetwork.org'}, 'proof': {'creator': 'did:udid:idm@6gc.mnc015.mcc234.3gppnetwork.org#keys-1', 'signature_value': 'MEYCIQCLZz8SsF1x4mwzzHhZs/uetWtzpdZWnxOJMd48c4qOfgIhAKsx16hjDmxYFApScqLqYoZLDJpPe0vuCaPocC+1Eu06'}}, 'capability_names': ['载重运输', '自主导航', '高清摄像'], 'capability_vcs': [{'context': ['3gpp-ts-33.xxx-v20.0.0'], 'id': 'robot-factory/credentials/7635', 'type': ['VerifiableCredential', 'BindingSIMCredential'], 'issuer': 'did:robotfactoryissuer@6gc.mnc015.mcc234.3gppnetwork', 'valid_from': '2026-07-16T07:46:04.084280+00:00', 'valid_until': '2027-07-17T07:46:04.084280+00:00', 'claims': {'agent_name': 'RobotDog', 'agent_id': 'did:udid:type2.rid678.achid0.userid1380013811143623@6gc.mnc015.mcc234.3gppnetwork.org', 'agent_attribute': '载重运输', 'authorization_mode': 'Mode2'}, 'proof': {'creator': 'did:robotfactoryissuer@6gc.mnc015.mcc234.3gppnetwork#keys-1', 'signature_value': 'MEYCIQD4nGWRq42Q6lgTuuzAC4vyVCgzycKp5m90YRjENqvnFQIhAOl62lEARqglCpT+VyVaIMdE5p/N2SuOXasdppcJ5ega'}}, {'context': ['3gpp-ts-33.xxx-v20.0.0'], 'id': 'robot-factory/credentials/8818', 'type': ['VerifiableCredential', 'BindingSIMCredential'], 'issuer': 'did:robotfactoryissuer@6gc.mnc015.mcc234.3gppnetwork', 'valid_from': '2026-07-16T07:46:04.084280+00:00', 'valid_until': '2027-07-17T07:46:04.084280+00:00', 'claims': {'agent_name': 'RobotDog', 'agent_id': 'did:udid:type2.rid678.achid0.userid1380013811143623@6gc.mnc015.mcc234.3gppnetwork.org', 'agent_attribute': '自主导航', 'authorization_mode': 'Mode2'}, 'proof': {'creator': 'did:robotfactoryissuer@6gc.mnc015.mcc234.3gppnetwork#keys-1', 'signature_value': 'MEYCIQCW8LSWLNSP5y2Sa0HuU35jcX5Y8ciZAMi4kslvvJM8VgIhALbrZwSoQ1SwS9xLsNDbk2G6hJlBIkgl77MTKbqIESt3'}}, {'context': ['3gpp-ts-33.xxx-v20.0.0'], 'id': 'robot-factory/credentials/6459', 'type': ['VerifiableCredential', 'BindingSIMCredential'], 'issuer': 'did:robotfactoryissuer@6gc.mnc015.mcc234.3gppnetwork', 'valid_from': '2026-07-16T07:46:04.084280+00:00', 'valid_until': '2027-07-17T07:46:04.084280+00:00', 'claims': {'agent_name': 'RobotDog', 'agent_id': 'did:udid:type2.rid678.achid0.userid1380013811143623@6gc.mnc015.mcc234.3gppnetwork.org', 'agent_attribute': '高清摄像', 'authorization_mode': 'Mode2'}, 'proof': {'creator': 'did:robotfactoryissuer@6gc.mnc015.mcc234.3gppnetwork#keys-1', 'signature_value': 'MEUCIQCkTgGsbEnSuaUVhSJ8Mx/hmfGgFEkiAHQKbNCsBwACbgIgJK+tvg809TrA71gCGyTfjwEAuxwXUl5K6zfiJHoh4M8='}}], 'agent_name': 'RobotDog', 'owner': '13800138111', 'priority': 4, 'metadata': {'region': 'CN', 'role': 'collaborator'}}
2026-07-17 15:46:04 [INFO] HttpClient - HTTP POST http://192.168.1.10:9010/arf/v1/agent-cards
{
  "agent_id": "did:udid:type2.rid678.achid0.userid1380013811143623@6gc.mnc015.mcc234.3gppnetwork.org",
  "priority": 4,
  "timestamp": "2026-07-17T07:46:04Z",
  "signature": "MEUCIFWK+yLCoD5poLs8eXc99IkFqJD93MLlAJvDM3135Ff/AiEAmhBm05WgpZp7E7mGm+meuVZflrtMx930cxZWuPy/drA=",
  "signature_encoding": "base64",
  "vc_list": [
    {
      "context": [
        "3gpp-ts-33.xxx-v20.0.0"
      ],
      "id": "CMCC/credentials/4208",
      "type": [
        "VerifiableCredential",
        "BindingSIMCredential"
      ],
      "issuer": "did:udid:idm@6gc.mnc015.mcc234.3gppnetwork.org",
      "valid_from": "2026-07-17T07:46:03Z",
      "valid_until": "2027-07-17T07:46:03Z",
      "claims": {
        "agent_name": "RobotDog",
        "agent_id": "did:udid:type2.rid678.achid0.userid1380013811143623@6gc.mnc015.mcc234.3gppnetwork.org",
        "agent_attribute": "6G业务开通",
        "master_id": "type0.rid678.schid0.userid1userid20001@6gc0001@6gc.mnc015.mcc234.3gppnetwork.org",
        "self_id": "type0.rid678.schid0..mnc015.mcc234.3gppnetwork.org"
      },
      "proof": {
        "creator": "did:udid:idm@6gc.mnc015.mcc234.3gppnetwork.org#keys-1",
        "signature_value": "MEYCIQCLZz8SsF1x4mwzzHhZs/uetWtzpdZWnxOJMd48c4qOfgIhAKsx16hjDmxYFApScqLqYoZLDJpPe0vuCaPocC+1Eu06"
      }
    },
    {
      "context": [
        "3gpp-ts-33.xxx-v20.0.0"
      ],
      "id": "robot-factory/credentials/7635",
      "type": [
        "VerifiableCredential",
        "BindingSIMCredential"
      ],
      "issuer": "did:robotfactoryissuer@6gc.mnc015.mcc234.3gppnetwork",
      "valid_from": "2026-07-16T07:46:04.084280+00:00",
      "valid_until": "2027-07-17T07:46:04.084280+00:00",
      "claims": {
        "agent_name": "RobotDog",
        "agent_id": "did:udid:type2.rid678.achid0.userid1380013811143623@6gc.mnc015.mcc234.3gppnetwork.org",
        "agent_attribute": "载重运输",
        "authorization_mode": "Mode2"
      },
      "proof": {
        "creator": "did:robotfactoryissuer@6gc.mnc015.mcc234.3gppnetwork#keys-1",
        "signature_value": "MEYCIQD4nGWRq42Q6lgTuuzAC4vyVCgzycKp5m90YRjENqvnFQIhAOl62lEARqglCpT+VyVaIMdE5p/N2SuOXasdppcJ5ega"
      }
    },
    {
      "context": [
        "3gpp-ts-33.xxx-v20.0.0"
      ],
      "id": "robot-factory/credentials/8818",
      "type": [
        "VerifiableCredential",
        "BindingSIMCredential"
      ],
      "issuer": "did:robotfactoryissuer@6gc.mnc015.mcc234.3gppnetwork",
      "valid_from": "2026-07-16T07:46:04.084280+00:00",
      "valid_until": "2027-07-17T07:46:04.084280+00:00",
      "claims": {
        "agent_name": "RobotDog",
        "agent_id": "did:udid:type2.rid678.achid0.userid1380013811143623@6gc.mnc015.mcc234.3gppnetwork.org",
        "agent_attribute": "自主导航",
        "authorization_mode": "Mode2"
      },
      "proof": {
        "creator": "did:robotfactoryissuer@6gc.mnc015.mcc234.3gppnetwork#keys-1",
        "signature_value": "MEYCIQCW8LSWLNSP5y2Sa0HuU35jcX5Y8ciZAMi4kslvvJM8VgIhALbrZwSoQ1SwS9xLsNDbk2G6hJlBIkgl77MTKbqIESt3"
      }
    },
    {
      "context": [
        "3gpp-ts-33.xxx-v20.0.0"
      ],
      "id": "robot-factory/credentials/6459",
      "type": [
        "VerifiableCredential",
        "BindingSIMCredential"
      ],
      "issuer": "did:robotfactoryissuer@6gc.mnc015.mcc234.3gppnetwork",
      "valid_from": "2026-07-16T07:46:04.084280+00:00",
      "valid_until": "2027-07-17T07:46:04.084280+00:00",
      "claims": {
        "agent_name": "RobotDog",
        "agent_id": "did:udid:type2.rid678.achid0.userid1380013811143623@6gc.mnc015.mcc234.3gppnetwork.org",
        "agent_attribute": "高清摄像",
        "authorization_mode": "Mode2"
      },
      "proof": {
        "creator": "did:robotfactoryissuer@6gc.mnc015.mcc234.3gppnetwork#keys-1",
        "signature_value": "MEUCIQCkTgGsbEnSuaUVhSJ8Mx/hmfGgFEkiAHQKbNCsBwACbgIgJK+tvg809TrA71gCGyTfjwEAuxwXUl5K6zfiJHoh4M8="
      }
    }
  ]
}
2026-07-17 15:46:04 [INFO] httpx - HTTP Request: POST http://192.168.1.10:9010/arf/v1/agent-cards "HTTP/1.1 200 OK"
2026-07-17 15:46:04 [INFO] HttpClient - HTTP response /arf/v1/agent-cards
{
  "status": "OK"
}
2026-07-17 15:46:04 [INFO] AcnSDK - Robot attribute registered. agent_id=did:udid:type2.rid678.achid0.userid1380013811143623@6gc.mnc015.mcc234.3gppnetwork.org
2026-07-17 15:46:04 [INFO] WebSocketClient - Connecting websocket to ws://192.168.1.10:9002/ws
2026-07-17 15:46:04 [INFO] WebSocketClient - Websocket connected.
2026-07-17 15:46:04 [INFO] WebSocketClient - Sending websocket payload
{
  "type": "SETUP",
  "timestamp": "2026-07-17T07:46:04Z",
  "payload": {
    "src_agent_id": "did:udid:type2.rid678.achid0.userid1380013811143623@6gc.mnc015.mcc234.3gppnetwork.org"
  }
}
2026-07-17 15:46:04 [INFO] WebSocketClient - Received websocket payload
{
  "type": "SETUP",
  "timestamp": "2026-07-17T07:46:03.656741Z",
  "payload": {
    "status": "OK"
  }
}
2026-07-17 15:46:04 [INFO] MoQClient - Connecting MoQ client role=publisher remote=192.168.1.10:9003
2026-07-17 15:46:04 [INFO] moq.pub.publisher - MOQPublisher initialized for 192.168.1.10:9003
2026-07-17 15:46:04 [INFO] moq.pub.publisher - Connecting to relay at 192.168.1.10:9003
2026-07-17 15:46:04 [INFO] moq.transport.quic_transport - QUIC client config: congestion=cubic max_data=67108864 max_stream_data=67108864
2026-07-17 15:46:04 [INFO] moq.transport.quic_transport - Connecting to 192.168.1.10:9003
2026-07-17 15:46:04 [INFO] moq.transport.quic_transport - MOQQuicProtocol initialized
2026-07-17 15:46:04 [INFO] quic - [b1d3fe6b9d9842d0] Negotiated protocol version 0x00000001 (VERSION_1)
2026-07-17 15:46:04 [INFO] quic - [b1d3fe6b9d9842d0] ALPN negotiated protocol moq-00
2026-07-17 15:46:04 [INFO] moq.transport.quic_transport - QUIC connection established
2026-07-17 15:46:04 [INFO] moq.session.session - MOQSession created: session_id=pub-281473010308848, role=PUBLISHER
2026-07-17 15:46:04 [INFO] moq.session.session - Sent SETUP: version=4278190097, role=PUBLISHER
2026-07-17 15:46:04 [INFO] moq.pub.publisher - Connected to relay
2026-07-17 15:46:04 [INFO] MoQClient - MoQ publisher connected to relay
2026-07-17 15:46:04 [INFO] MoQClient - MoQ client connected role=publisher remote=192.168.1.10:9003
2026-07-17 15:46:04 [INFO] MoQClient - Connecting MoQ client role=subscriber remote=192.168.1.10:9003
2026-07-17 15:46:04 [INFO] moq.sub.subscriber - MOQSubscriber initialized for 192.168.1.10:9003
2026-07-17 15:46:04 [INFO] moq.sub.subscriber - Connecting to relay at 192.168.1.10:9003
2026-07-17 15:46:04 [INFO] moq.transport.quic_transport - QUIC client config: congestion=cubic max_data=67108864 max_stream_data=67108864
2026-07-17 15:46:04 [INFO] moq.transport.quic_transport - Connecting to 192.168.1.10:9003
2026-07-17 15:46:04 [INFO] moq.transport.quic_transport - MOQQuicProtocol initialized
2026-07-17 15:46:04 [INFO] quic - [a41d996bcb223f3c] Negotiated protocol version 0x00000001 (VERSION_1)
2026-07-17 15:46:04 [INFO] quic - [a41d996bcb223f3c] ALPN negotiated protocol moq-00
2026-07-17 15:46:04 [INFO] moq.transport.quic_transport - QUIC connection established
2026-07-17 15:46:04 [INFO] moq.session.session - MOQSession created: session_id=sub-281473010317152, role=SUBSCRIBER
2026-07-17 15:46:04 [INFO] moq.session.session - Sent SETUP: version=4278190097, role=SUBSCRIBER
2026-07-17 15:46:04 [INFO] moq.sub.subscriber - Connected to relay
2026-07-17 15:46:04 [INFO] MoQClient - MoQ subscriber connected to relay
2026-07-17 15:46:04 [INFO] MoQClient - MoQ client connected role=subscriber remote=192.168.1.10:9003
2026-07-17 15:46:04 [INFO] AcnSDK - Background network listener started.
2026-07-17 15:46:04 [INFO] AcnSDK - Network join successful for agent_id=did:udid:type2.rid678.achid0.userid1380013811143623@6gc.mnc015.mcc234.3gppnetwork.org
2026-07-17 15:46:04 [INFO] AcnSDK - Queried local agent info agent_id=did:udid:type2.rid678.achid0.userid1380013811143623@6gc.mnc015.mcc234.3gppnetwork.org
2026-07-17 15:46:04 [INFO] HttpClient - HTTP POST http://192.168.1.10:9010/acn-agent/v1/owner-agents
{
  "owner": "13800138111"
}
2026-07-17 15:46:04 [INFO] httpx - HTTP Request: POST http://192.168.1.10:9010/acn-agent/v1/owner-agents "HTTP/1.1 200 OK"
2026-07-17 15:46:04 [INFO] HttpClient - HTTP response /acn-agent/v1/owner-agents
{
  "owner": "13800138111",
  "total": 1,
  "agents": [
    {
      "agent_id": "did:udid:type2.rid678.achid0.userid1380013811143623@6gc.mnc015.mcc234.3gppnetwork.org",
      "agent_name": "RobotDog",
      "description": "RobotDogModel, SN654321"
    }
  ]
}
2026-07-17 15:46:04 [INFO] AcnSDK - Queried agent list owner=13800138111
2026-07-17 15:47:53 [INFO] WebSocketClient - Received websocket payload
{
  "type": "CLEAR",
  "timestamp": "2026-07-17T07:47:52.401744Z",
  "payload": {}
}
2026-07-17 15:47:53 [INFO] AcnSDK - Handling network message type=CLEAR payload=
{}
2026-07-17 15:47:53 [INFO] IdentityManager - Clearing identity state.
2026-07-17 15:47:53 [INFO] IdentityManager - Persisted identity state: {'agent_id': None, 'vc0': None, 'capability_names': [], 'capability_vcs': [], 'agent_name': None, 'owner': None, 'priority': None, 'metadata': {}}
2026-07-17 15:47:53 [INFO] WebSocketClient - Disconnecting websocket from ws://192.168.1.10:9002/ws
2026-07-17 15:47:53 [INFO] MoQClient - Disconnecting MoQ client role=publisher remote=192.168.1.10:9003
2026-07-17 15:47:53 [INFO] moq.session.session - Closing session: pub-281473010308848
2026-07-17 15:47:53 [INFO] quic - [b1d3fe6b9d9842d0] Connection close sent (code 0x0, reason )
2026-07-17 15:47:53 [INFO] moq.transport.quic_transport - QUIC connection closed
2026-07-17 15:47:53 [INFO] MoQClient - MoQ client disconnected role=publisher remote=192.168.1.10:9003
2026-07-17 15:47:53 [INFO] MoQClient - Disconnecting MoQ client role=subscriber remote=192.168.1.10:9003
2026-07-17 15:47:53 [INFO] moq.session.session - Closing session: sub-281473010317152
2026-07-17 15:47:53 [INFO] quic - [a41d996bcb223f3c] Connection close sent (code 0x0, reason )
2026-07-17 15:47:53 [INFO] moq.transport.quic_transport - QUIC connection closed
2026-07-17 15:47:53 [INFO] MoQClient - MoQ client disconnected role=subscriber remote=192.168.1.10:9003
2026-07-17 15:47:53 [INFO] TaskManager - Stopping all tasks: []
2026-07-17 15:47:53 [INFO] AcnSDK - Network state changed to offline
2026-07-17 15:48:03 [INFO] AcnSDK - Cleared identity cache file: /home/unitree/zxy/imt/acn_sdk/data/identity.json
2026-07-17 15:48:03 [INFO] AcnSDK - AcnSDK initialized for agent=RobotDog, network_status=offline
2026-07-17 15:48:03 [INFO] AcnSDK - SDK network endpoints acn_agent=9010 ws=9002 moq=9003 web_ui=9005
2026-07-17 15:48:03 [INFO] IdentityManager - Persisted identity state: {'agent_id': None, 'vc0': None, 'capability_names': [], 'capability_vcs': [], 'agent_name': None, 'owner': None, 'priority': None, 'metadata': {}}
2026-07-17 15:48:17 [INFO] AcnSDK - Cleared identity cache file: /home/unitree/zxy/imt/acn_sdk/data/identity.json
2026-07-17 15:48:17 [INFO] AcnSDK - AcnSDK initialized for agent=RobotDog, network_status=offline
2026-07-17 15:48:17 [INFO] AcnSDK - SDK network endpoints acn_agent=9010 ws=9002 moq=9003 web_ui=9005
2026-07-17 15:48:17 [INFO] HttpClient - HTTP POST http://192.168.1.10:9010/idm/v1/identity-applications
{
  "owner": "13800138111",
  "name": "RobotDog",
  "public_key": "-----BEGIN PUBLIC KEY-----\nMFkwEwYHKoZIzj0CAQYIKoZIzj0DAQcDQgAEjNqmCmtuP9IpEQb88DZmbN0nfAMT\nu0mALPHBfC+5PQSKfmfgFQoiv30y7MZCB4iQHIEf4S7+dHY/x6KK0s6Dfw==\n-----END PUBLIC KEY-----\n",
  "description": "RobotDogModel, SN654321",
  "timestamp": "2026-07-17T07:48:17Z",
  "metadata": {
    "region": "CN",
    "role": "collaborator"
  },
  "signature": "MEQCIFPflrZXUL53TTapglEkzQK31hGUKo+2Dw47IqzpMHZTAiAvOz6PkjJJoDOoHlNjGKg2RBv8a01/5Hh+tV5+J9fGzA==",
  "signature_encoding": "base64"
}
2026-07-17 15:48:18 [INFO] httpx - HTTP Request: POST http://192.168.1.10:9010/idm/v1/identity-applications "HTTP/1.1 200 OK"
2026-07-17 15:48:18 [INFO] HttpClient - HTTP response /idm/v1/identity-applications
{
  "result": "success",
  "agent_id": "did:udid:type2.rid678.achid0.userid1380013811138647@6gc.mnc015.mcc234.3gppnetwork.org",
  "vc0": {
    "context": [
      "3gpp-ts-33.xxx-v20.0.0"
    ],
    "id": "CMCC/credentials/7060",
    "type": [
      "VerifiableCredential",
      "BindingSIMCredential"
    ],
    "issuer": "did:udid:idm@6gc.mnc015.mcc234.3gppnetwork.org",
    "valid_from": "2026-07-17T07:48:17Z",
    "valid_until": "2027-07-17T07:48:17Z",
    "claims": {
      "agent_name": "RobotDog",
      "agent_id": "did:udid:type2.rid678.achid0.userid1380013811138647@6gc.mnc015.mcc234.3gppnetwork.org",
      "agent_attribute": "6G业务开通",
      "master_id": "type0.rid678.schid0.userid1userid20001@6gc0001@6gc.mnc015.mcc234.3gppnetwork.org",
      "self_id": "type0.rid678.schid0..mnc015.mcc234.3gppnetwork.org"
    },
    "proof": {
      "creator": "did:udid:idm@6gc.mnc015.mcc234.3gppnetwork.org#keys-1",
      "signature_value": "MEUCIAu8Be8AfiuYMLw62CmxZcH6IGANevO3fNzMZed7AonmAiEAyZzq13GK5r3kowALCYj336jfWvSbFIk6niioXbGwO7I="
    }
  }
}
2026-07-17 15:48:18 [INFO] IdentityManager - Persisted identity state: {'agent_id': 'did:udid:type2.rid678.achid0.userid1380013811138647@6gc.mnc015.mcc234.3gppnetwork.org', 'vc0': {'context': ['3gpp-ts-33.xxx-v20.0.0'], 'id': 'CMCC/credentials/7060', 'type': ['VerifiableCredential', 'BindingSIMCredential'], 'issuer': 'did:udid:idm@6gc.mnc015.mcc234.3gppnetwork.org', 'valid_from': '2026-07-17T07:48:17Z', 'valid_until': '2027-07-17T07:48:17Z', 'claims': {'agent_name': 'RobotDog', 'agent_id': 'did:udid:type2.rid678.achid0.userid1380013811138647@6gc.mnc015.mcc234.3gppnetwork.org', 'agent_attribute': '6G业务开通', 'master_id': 'type0.rid678.schid0.userid1userid20001@6gc0001@6gc.mnc015.mcc234.3gppnetwork.org', 'self_id': 'type0.rid678.schid0..mnc015.mcc234.3gppnetwork.org'}, 'proof': {'creator': 'did:udid:idm@6gc.mnc015.mcc234.3gppnetwork.org#keys-1', 'signature_value': 'MEUCIAu8Be8AfiuYMLw62CmxZcH6IGANevO3fNzMZed7AonmAiEAyZzq13GK5r3kowALCYj336jfWvSbFIk6niioXbGwO7I='}}, 'capability_names': [], 'capability_vcs': [], 'agent_name': 'RobotDog', 'owner': '13800138111', 'priority': 4, 'metadata': {'region': 'CN', 'role': 'collaborator'}}
2026-07-17 15:48:18 [INFO] AcnSDK - Agent registered. agent_id=did:udid:type2.rid678.achid0.userid1380013811138647@6gc.mnc015.mcc234.3gppnetwork.org
2026-07-17 15:48:18 [INFO] CredentialIssuer - Issued capability VCs: [{'context': ['3gpp-ts-33.xxx-v20.0.0'], 'id': 'robot-factory/credentials/7865', 'type': ['VerifiableCredential', 'BindingSIMCredential'], 'issuer': 'did:robotfactoryissuer@6gc.mnc015.mcc234.3gppnetwork', 'valid_from': '2026-07-16T07:48:18.336258+00:00', 'valid_until': '2027-07-17T07:48:18.336258+00:00', 'claims': {'agent_name': 'RobotDog', 'agent_id': 'did:udid:type2.rid678.achid0.userid1380013811138647@6gc.mnc015.mcc234.3gppnetwork.org', 'agent_attribute': '载重运输', 'authorization_mode': 'Mode2'}, 'proof': {'creator': 'did:robotfactoryissuer@6gc.mnc015.mcc234.3gppnetwork#keys-1', 'signature_value': 'MEQCIBCk49jqcLjodZDSwdwioR+NUB68TGNbWVqnazRsuH6KAiA8d/GRgNV14WO0rf7byhLvFjbUNDYSFB9zHzTshd0cpQ=='}}, {'context': ['3gpp-ts-33.xxx-v20.0.0'], 'id': 'robot-factory/credentials/3929', 'type': ['VerifiableCredential', 'BindingSIMCredential'], 'issuer': 'did:robotfactoryissuer@6gc.mnc015.mcc234.3gppnetwork', 'valid_from': '2026-07-16T07:48:18.336258+00:00', 'valid_until': '2027-07-17T07:48:18.336258+00:00', 'claims': {'agent_name': 'RobotDog', 'agent_id': 'did:udid:type2.rid678.achid0.userid1380013811138647@6gc.mnc015.mcc234.3gppnetwork.org', 'agent_attribute': '自主导航', 'authorization_mode': 'Mode2'}, 'proof': {'creator': 'did:robotfactoryissuer@6gc.mnc015.mcc234.3gppnetwork#keys-1', 'signature_value': 'MEYCIQCqazm+a7KSZf93eokUpibIj/592ZSf9L/QUf9g0QdaygIhAJawnUdcVbEqBtLVrXtRuXtG4ZOQZQ/6jvtRHh9sOdsh'}}, {'context': ['3gpp-ts-33.xxx-v20.0.0'], 'id': 'robot-factory/credentials/8903', 'type': ['VerifiableCredential', 'BindingSIMCredential'], 'issuer': 'did:robotfactoryissuer@6gc.mnc015.mcc234.3gppnetwork', 'valid_from': '2026-07-16T07:48:18.336258+00:00', 'valid_until': '2027-07-17T07:48:18.336258+00:00', 'claims': {'agent_name': 'RobotDog', 'agent_id': 'did:udid:type2.rid678.achid0.userid1380013811138647@6gc.mnc015.mcc234.3gppnetwork.org', 'agent_attribute': '高清摄像', 'authorization_mode': 'Mode2'}, 'proof': {'creator': 'did:robotfactoryissuer@6gc.mnc015.mcc234.3gppnetwork#keys-1', 'signature_value': 'MEYCIQCj+0v+hoZb53kxLRR8s3TW93ejBGWmaW+gixzfAePDGQIhAJfrwCXQ2W9IgsImF7iPdn4ntWdX0kNIf6xVo89Y8PRA'}}]
2026-07-17 15:48:18 [INFO] IdentityManager - Persisted identity state: {'agent_id': 'did:udid:type2.rid678.achid0.userid1380013811138647@6gc.mnc015.mcc234.3gppnetwork.org', 'vc0': {'context': ['3gpp-ts-33.xxx-v20.0.0'], 'id': 'CMCC/credentials/7060', 'type': ['VerifiableCredential', 'BindingSIMCredential'], 'issuer': 'did:udid:idm@6gc.mnc015.mcc234.3gppnetwork.org', 'valid_from': '2026-07-17T07:48:17Z', 'valid_until': '2027-07-17T07:48:17Z', 'claims': {'agent_name': 'RobotDog', 'agent_id': 'did:udid:type2.rid678.achid0.userid1380013811138647@6gc.mnc015.mcc234.3gppnetwork.org', 'agent_attribute': '6G业务开通', 'master_id': 'type0.rid678.schid0.userid1userid20001@6gc0001@6gc.mnc015.mcc234.3gppnetwork.org', 'self_id': 'type0.rid678.schid0..mnc015.mcc234.3gppnetwork.org'}, 'proof': {'creator': 'did:udid:idm@6gc.mnc015.mcc234.3gppnetwork.org#keys-1', 'signature_value': 'MEUCIAu8Be8AfiuYMLw62CmxZcH6IGANevO3fNzMZed7AonmAiEAyZzq13GK5r3kowALCYj336jfWvSbFIk6niioXbGwO7I='}}, 'capability_names': ['载重运输', '自主导航', '高清摄像'], 'capability_vcs': [{'context': ['3gpp-ts-33.xxx-v20.0.0'], 'id': 'robot-factory/credentials/7865', 'type': ['VerifiableCredential', 'BindingSIMCredential'], 'issuer': 'did:robotfactoryissuer@6gc.mnc015.mcc234.3gppnetwork', 'valid_from': '2026-07-16T07:48:18.336258+00:00', 'valid_until': '2027-07-17T07:48:18.336258+00:00', 'claims': {'agent_name': 'RobotDog', 'agent_id': 'did:udid:type2.rid678.achid0.userid1380013811138647@6gc.mnc015.mcc234.3gppnetwork.org', 'agent_attribute': '载重运输', 'authorization_mode': 'Mode2'}, 'proof': {'creator': 'did:robotfactoryissuer@6gc.mnc015.mcc234.3gppnetwork#keys-1', 'signature_value': 'MEQCIBCk49jqcLjodZDSwdwioR+NUB68TGNbWVqnazRsuH6KAiA8d/GRgNV14WO0rf7byhLvFjbUNDYSFB9zHzTshd0cpQ=='}}, {'context': ['3gpp-ts-33.xxx-v20.0.0'], 'id': 'robot-factory/credentials/3929', 'type': ['VerifiableCredential', 'BindingSIMCredential'], 'issuer': 'did:robotfactoryissuer@6gc.mnc015.mcc234.3gppnetwork', 'valid_from': '2026-07-16T07:48:18.336258+00:00', 'valid_until': '2027-07-17T07:48:18.336258+00:00', 'claims': {'agent_name': 'RobotDog', 'agent_id': 'did:udid:type2.rid678.achid0.userid1380013811138647@6gc.mnc015.mcc234.3gppnetwork.org', 'agent_attribute': '自主导航', 'authorization_mode': 'Mode2'}, 'proof': {'creator': 'did:robotfactoryissuer@6gc.mnc015.mcc234.3gppnetwork#keys-1', 'signature_value': 'MEYCIQCqazm+a7KSZf93eokUpibIj/592ZSf9L/QUf9g0QdaygIhAJawnUdcVbEqBtLVrXtRuXtG4ZOQZQ/6jvtRHh9sOdsh'}}, {'context': ['3gpp-ts-33.xxx-v20.0.0'], 'id': 'robot-factory/credentials/8903', 'type': ['VerifiableCredential', 'BindingSIMCredential'], 'issuer': 'did:robotfactoryissuer@6gc.mnc015.mcc234.3gppnetwork', 'valid_from': '2026-07-16T07:48:18.336258+00:00', 'valid_until': '2027-07-17T07:48:18.336258+00:00', 'claims': {'agent_name': 'RobotDog', 'agent_id': 'did:udid:type2.rid678.achid0.userid1380013811138647@6gc.mnc015.mcc234.3gppnetwork.org', 'agent_attribute': '高清摄像', 'authorization_mode': 'Mode2'}, 'proof': {'creator': 'did:robotfactoryissuer@6gc.mnc015.mcc234.3gppnetwork#keys-1', 'signature_value': 'MEYCIQCj+0v+hoZb53kxLRR8s3TW93ejBGWmaW+gixzfAePDGQIhAJfrwCXQ2W9IgsImF7iPdn4ntWdX0kNIf6xVo89Y8PRA'}}], 'agent_name': 'RobotDog', 'owner': '13800138111', 'priority': 4, 'metadata': {'region': 'CN', 'role': 'collaborator'}}
2026-07-17 15:48:18 [INFO] HttpClient - HTTP POST http://192.168.1.10:9010/arf/v1/agent-cards
{
  "agent_id": "did:udid:type2.rid678.achid0.userid1380013811138647@6gc.mnc015.mcc234.3gppnetwork.org",
  "priority": 4,
  "timestamp": "2026-07-17T07:48:18Z",
  "signature": "MEQCIGAoQML4Z1KRw3EzGtErc1XR8cbIdBB4K1nWV0vW9rcdAiBqjyQkC0vhbhx1frLlX+i4hKw/L9THrtmeHRHEacSp7A==",
  "signature_encoding": "base64",
  "vc_list": [
    {
      "context": [
        "3gpp-ts-33.xxx-v20.0.0"
      ],
      "id": "CMCC/credentials/7060",
      "type": [
        "VerifiableCredential",
        "BindingSIMCredential"
      ],
      "issuer": "did:udid:idm@6gc.mnc015.mcc234.3gppnetwork.org",
      "valid_from": "2026-07-17T07:48:17Z",
      "valid_until": "2027-07-17T07:48:17Z",
      "claims": {
        "agent_name": "RobotDog",
        "agent_id": "did:udid:type2.rid678.achid0.userid1380013811138647@6gc.mnc015.mcc234.3gppnetwork.org",
        "agent_attribute": "6G业务开通",
        "master_id": "type0.rid678.schid0.userid1userid20001@6gc0001@6gc.mnc015.mcc234.3gppnetwork.org",
        "self_id": "type0.rid678.schid0..mnc015.mcc234.3gppnetwork.org"
      },
      "proof": {
        "creator": "did:udid:idm@6gc.mnc015.mcc234.3gppnetwork.org#keys-1",
        "signature_value": "MEUCIAu8Be8AfiuYMLw62CmxZcH6IGANevO3fNzMZed7AonmAiEAyZzq13GK5r3kowALCYj336jfWvSbFIk6niioXbGwO7I="
      }
    },
    {
      "context": [
        "3gpp-ts-33.xxx-v20.0.0"
      ],
      "id": "robot-factory/credentials/7865",
      "type": [
        "VerifiableCredential",
        "BindingSIMCredential"
      ],
      "issuer": "did:robotfactoryissuer@6gc.mnc015.mcc234.3gppnetwork",
      "valid_from": "2026-07-16T07:48:18.336258+00:00",
      "valid_until": "2027-07-17T07:48:18.336258+00:00",
      "claims": {
        "agent_name": "RobotDog",
        "agent_id": "did:udid:type2.rid678.achid0.userid1380013811138647@6gc.mnc015.mcc234.3gppnetwork.org",
        "agent_attribute": "载重运输",
        "authorization_mode": "Mode2"
      },
      "proof": {
        "creator": "did:robotfactoryissuer@6gc.mnc015.mcc234.3gppnetwork#keys-1",
        "signature_value": "MEQCIBCk49jqcLjodZDSwdwioR+NUB68TGNbWVqnazRsuH6KAiA8d/GRgNV14WO0rf7byhLvFjbUNDYSFB9zHzTshd0cpQ=="
      }
    },
    {
      "context": [
        "3gpp-ts-33.xxx-v20.0.0"
      ],
      "id": "robot-factory/credentials/3929",
      "type": [
        "VerifiableCredential",
        "BindingSIMCredential"
      ],
      "issuer": "did:robotfactoryissuer@6gc.mnc015.mcc234.3gppnetwork",
      "valid_from": "2026-07-16T07:48:18.336258+00:00",
      "valid_until": "2027-07-17T07:48:18.336258+00:00",
      "claims": {
        "agent_name": "RobotDog",
        "agent_id": "did:udid:type2.rid678.achid0.userid1380013811138647@6gc.mnc015.mcc234.3gppnetwork.org",
        "agent_attribute": "自主导航",
        "authorization_mode": "Mode2"
      },
      "proof": {
        "creator": "did:robotfactoryissuer@6gc.mnc015.mcc234.3gppnetwork#keys-1",
        "signature_value": "MEYCIQCqazm+a7KSZf93eokUpibIj/592ZSf9L/QUf9g0QdaygIhAJawnUdcVbEqBtLVrXtRuXtG4ZOQZQ/6jvtRHh9sOdsh"
      }
    },
    {
      "context": [
        "3gpp-ts-33.xxx-v20.0.0"
      ],
      "id": "robot-factory/credentials/8903",
      "type": [
        "VerifiableCredential",
        "BindingSIMCredential"
      ],
      "issuer": "did:robotfactoryissuer@6gc.mnc015.mcc234.3gppnetwork",
      "valid_from": "2026-07-16T07:48:18.336258+00:00",
      "valid_until": "2027-07-17T07:48:18.336258+00:00",
      "claims": {
        "agent_name": "RobotDog",
        "agent_id": "did:udid:type2.rid678.achid0.userid1380013811138647@6gc.mnc015.mcc234.3gppnetwork.org",
        "agent_attribute": "高清摄像",
        "authorization_mode": "Mode2"
      },
      "proof": {
        "creator": "did:robotfactoryissuer@6gc.mnc015.mcc234.3gppnetwork#keys-1",
        "signature_value": "MEYCIQCj+0v+hoZb53kxLRR8s3TW93ejBGWmaW+gixzfAePDGQIhAJfrwCXQ2W9IgsImF7iPdn4ntWdX0kNIf6xVo89Y8PRA"
      }
    }
  ]
}
2026-07-17 15:48:18 [INFO] httpx - HTTP Request: POST http://192.168.1.10:9010/arf/v1/agent-cards "HTTP/1.1 200 OK"
2026-07-17 15:48:18 [INFO] HttpClient - HTTP response /arf/v1/agent-cards
{
  "status": "OK"
}
2026-07-17 15:48:18 [INFO] AcnSDK - Robot attribute registered. agent_id=did:udid:type2.rid678.achid0.userid1380013811138647@6gc.mnc015.mcc234.3gppnetwork.org
2026-07-17 15:48:18 [INFO] WebSocketClient - Connecting websocket to ws://192.168.1.10:9002/ws
2026-07-17 15:48:18 [INFO] WebSocketClient - Websocket connected.
2026-07-17 15:48:18 [INFO] WebSocketClient - Sending websocket payload
{
  "type": "SETUP",
  "timestamp": "2026-07-17T07:48:18Z",
  "payload": {
    "src_agent_id": "did:udid:type2.rid678.achid0.userid1380013811138647@6gc.mnc015.mcc234.3gppnetwork.org"
  }
}
2026-07-17 15:48:18 [INFO] WebSocketClient - Received websocket payload
{
  "type": "SETUP",
  "timestamp": "2026-07-17T07:48:17.977454Z",
  "payload": {
    "status": "OK"
  }
}
2026-07-17 15:48:18 [INFO] MoQClient - Connecting MoQ client role=publisher remote=192.168.1.10:9003
2026-07-17 15:48:18 [INFO] moq.pub.publisher - MOQPublisher initialized for 192.168.1.10:9003
2026-07-17 15:48:18 [INFO] moq.pub.publisher - Connecting to relay at 192.168.1.10:9003
2026-07-17 15:48:18 [INFO] moq.transport.quic_transport - QUIC client config: congestion=cubic max_data=67108864 max_stream_data=67108864
2026-07-17 15:48:18 [INFO] moq.transport.quic_transport - Connecting to 192.168.1.10:9003
2026-07-17 15:48:18 [INFO] moq.transport.quic_transport - MOQQuicProtocol initialized
2026-07-17 15:48:18 [INFO] quic - [870b25d1dcd543fa] Negotiated protocol version 0x00000001 (VERSION_1)
2026-07-17 15:48:18 [INFO] quic - [870b25d1dcd543fa] ALPN negotiated protocol moq-00
2026-07-17 15:48:18 [INFO] moq.transport.quic_transport - QUIC connection established
2026-07-17 15:48:18 [INFO] moq.session.session - MOQSession created: session_id=pub-281473466947312, role=PUBLISHER
2026-07-17 15:48:18 [INFO] moq.session.session - Sent SETUP: version=4278190097, role=PUBLISHER
2026-07-17 15:48:18 [INFO] moq.pub.publisher - Connected to relay
2026-07-17 15:48:18 [INFO] MoQClient - MoQ publisher connected to relay
2026-07-17 15:48:18 [INFO] MoQClient - MoQ client connected role=publisher remote=192.168.1.10:9003
2026-07-17 15:48:18 [INFO] MoQClient - Connecting MoQ client role=subscriber remote=192.168.1.10:9003
2026-07-17 15:48:18 [INFO] moq.sub.subscriber - MOQSubscriber initialized for 192.168.1.10:9003
2026-07-17 15:48:18 [INFO] moq.sub.subscriber - Connecting to relay at 192.168.1.10:9003
2026-07-17 15:48:18 [INFO] moq.transport.quic_transport - QUIC client config: congestion=cubic max_data=67108864 max_stream_data=67108864
2026-07-17 15:48:18 [INFO] moq.transport.quic_transport - Connecting to 192.168.1.10:9003
2026-07-17 15:48:18 [INFO] moq.transport.quic_transport - MOQQuicProtocol initialized
2026-07-17 15:48:18 [INFO] quic - [88fb65ca8987e19c] Negotiated protocol version 0x00000001 (VERSION_1)
2026-07-17 15:48:18 [INFO] quic - [88fb65ca8987e19c] ALPN negotiated protocol moq-00
2026-07-17 15:48:18 [INFO] moq.transport.quic_transport - QUIC connection established
2026-07-17 15:48:18 [INFO] moq.session.session - MOQSession created: session_id=sub-281473466955616, role=SUBSCRIBER
2026-07-17 15:48:18 [INFO] moq.session.session - Sent SETUP: version=4278190097, role=SUBSCRIBER
2026-07-17 15:48:18 [INFO] moq.sub.subscriber - Connected to relay
2026-07-17 15:48:18 [INFO] MoQClient - MoQ subscriber connected to relay
2026-07-17 15:48:18 [INFO] MoQClient - MoQ client connected role=subscriber remote=192.168.1.10:9003
2026-07-17 15:48:18 [INFO] AcnSDK - Background network listener started.
2026-07-17 15:48:18 [INFO] AcnSDK - Network join successful for agent_id=did:udid:type2.rid678.achid0.userid1380013811138647@6gc.mnc015.mcc234.3gppnetwork.org
2026-07-17 15:48:18 [INFO] AcnSDK - Queried local agent info agent_id=did:udid:type2.rid678.achid0.userid1380013811138647@6gc.mnc015.mcc234.3gppnetwork.org
2026-07-17 15:48:18 [INFO] HttpClient - HTTP POST http://192.168.1.10:9010/acn-agent/v1/owner-agents
{
  "owner": "13800138111"
}
2026-07-17 15:48:18 [INFO] httpx - HTTP Request: POST http://192.168.1.10:9010/acn-agent/v1/owner-agents "HTTP/1.1 200 OK"
2026-07-17 15:48:18 [INFO] HttpClient - HTTP response /acn-agent/v1/owner-agents
{
  "owner": "13800138111",
  "total": 1,
  "agents": [
    {
      "agent_id": "did:udid:type2.rid678.achid0.userid1380013811138647@6gc.mnc015.mcc234.3gppnetwork.org",
      "agent_name": "RobotDog",
      "description": "RobotDogModel, SN654321"
    }
  ]
}
2026-07-17 15:48:18 [INFO] AcnSDK - Queried agent list owner=13800138111
2026-07-17 15:50:56 [INFO] WebSocketClient - Received websocket payload
{
  "type": "TASK_REQUEST_COLLABORATION",
  "timestamp": "2026-07-17T07:50:55.773490Z",
  "payload": {
    "src_agent_id": "did:udid:type2.rid678.achid0.userid+861380013800065084@6gc.mnc015.mcc234.3gppnetwork.org",
    "dst_agent_id": "did:udid:type2.rid678.achid0.userid1380013811138647@6gc.mnc015.mcc234.3gppnetwork.org",
    "task_id": "task-12345",
    "task_description": "Collaboration task",
    "agent_card": {
      "agent_id": "did:udid:type2.rid678.achid0.userid+861380013800065084@6gc.mnc015.mcc234.3gppnetwork.org",
      "agent_name": "AR glasses",
      "skill": [
        "6G业务开通",
        "视觉共享",
        "远程操控"
      ]
    },
    "timestamp": "2026-07-17T07:50:55.773490Z"
  }
}
2026-07-17 15:50:56 [INFO] AcnSDK - Handling network message type=TASK_REQUEST_COLLABORATION payload=
{
  "src_agent_id": "did:udid:type2.rid678.achid0.userid+861380013800065084@6gc.mnc015.mcc234.3gppnetwork.org",
  "dst_agent_id": "did:udid:type2.rid678.achid0.userid1380013811138647@6gc.mnc015.mcc234.3gppnetwork.org",
  "task_id": "task-12345",
  "task_description": "Collaboration task",
  "agent_card": {
    "agent_id": "did:udid:type2.rid678.achid0.userid+861380013800065084@6gc.mnc015.mcc234.3gppnetwork.org",
    "agent_name": "AR glasses",
    "skill": [
      "6G业务开通",
      "视觉共享",
      "远程操控"
    ]
  },
  "timestamp": "2026-07-17T07:50:55.773490Z"
}
2026-07-17 15:50:56 [INFO] WebSocketClient - Sending websocket payload
{
  "type": "TASK_ACCEPT_COLLABORATION",
  "timestamp": "2026-07-17T07:50:56Z",
  "payload": {
    "src_agent_id": "did:udid:type2.rid678.achid0.userid1380013811138647@6gc.mnc015.mcc234.3gppnetwork.org",
    "dst_agent_id": "did:udid:type2.rid678.achid0.userid+861380013800065084@6gc.mnc015.mcc234.3gppnetwork.org",
    "task_id": "task-12345",
    "result": "OK"
  }
}
2026-07-17 15:50:56 [INFO] AcnSDK - Task collaboration accepted. task_id=task-12345 dst_agent_id=did:udid:type2.rid678.achid0.userid+861380013800065084@6gc.mnc015.mcc234.3gppnetwork.org
2026-07-17 15:50:56 [INFO] WebSocketClient - Received websocket payload
{
  "type": "START_TASK",
  "timestamp": "2026-07-17T07:50:55Z",
  "payload": {
    "src_agent_id": "did:udid:type2.rid678.achid0.userid+861380013800065084@6gc.mnc015.mcc234.3gppnetwork.org",
    "dst_agent_id": "did:udid:type2.rid678.achid0.userid1380013811138647@6gc.mnc015.mcc234.3gppnetwork.org",
    "task_id": "task-12345",
    "task_description": "协同任务"
  }
}
2026-07-17 15:50:56 [INFO] AcnSDK - Handling network message type=START_TASK payload=
{
  "src_agent_id": "did:udid:type2.rid678.achid0.userid+861380013800065084@6gc.mnc015.mcc234.3gppnetwork.org",
  "dst_agent_id": "did:udid:type2.rid678.achid0.userid1380013811138647@6gc.mnc015.mcc234.3gppnetwork.org",
  "task_id": "task-12345",
  "task_description": "协同任务"
}
2026-07-17 15:50:56 [INFO] HttpClient - HTTP POST http://192.168.1.10:9010/acn-agent/v1/task-executions
{
  "agent_id": "did:udid:type2.rid678.achid0.userid1380013811138647@6gc.mnc015.mcc234.3gppnetwork.org",
  "task_id": "task-12345",
  "description": "协同任务",
  "timestamp": "2026-07-17T07:50:56Z"
}
2026-07-17 15:50:56 [INFO] httpx - HTTP Request: POST http://192.168.1.10:9010/acn-agent/v1/task-executions "HTTP/1.1 200 OK"
2026-07-17 15:50:56 [INFO] HttpClient - HTTP response /acn-agent/v1/task-executions
{
  "status": "OK"
}
2026-07-17 15:50:56 [INFO] AcnSDK - Task execution requested. task_id=task-12345
2026-07-17 15:52:18 [INFO] WebSocketClient - Received websocket payload
{
  "type": "TASK_TERMINATION",
  "timestamp": "2026-07-17T07:52:17.357423Z",
  "payload": {
    "src_agent_id": "did:udid:type2.rid678.achid0.userid+861380013800065084@6gc.mnc015.mcc234.3gppnetwork.org",
    "task_id": "task-12345",
    "task_description": "任务结束"
  }
}
2026-07-17 15:52:18 [INFO] AcnSDK - Handling network message type=TASK_TERMINATION payload=
{
  "src_agent_id": "did:udid:type2.rid678.achid0.userid+861380013800065084@6gc.mnc015.mcc234.3gppnetwork.org",
  "task_id": "task-12345",
  "task_description": "任务结束"
}
2026-07-17 15:52:18 [INFO] HttpClient - HTTP POST http://192.168.1.10:9010/acn-agent/v1/task-execution-terminations
{
  "agent_id": "did:udid:type2.rid678.achid0.userid1380013811138647@6gc.mnc015.mcc234.3gppnetwork.org",
  "task_id": "task-12345",
  "reason": "",
  "timestamp": "2026-07-17T07:52:18Z",
  "force": false
}
2026-07-17 15:52:18 [INFO] httpx - HTTP Request: POST http://192.168.1.10:9010/acn-agent/v1/task-execution-terminations "HTTP/1.1 200 OK"
2026-07-17 15:52:18 [INFO] HttpClient - HTTP response /acn-agent/v1/task-execution-terminations
{
  "status": "OK"
}
2026-07-17 15:52:18 [INFO] AcnSDK - Task termination requested. task_id=task-12345
2026-07-17 15:53:01 [INFO] WebSocketClient - Received websocket payload
{
  "type": "CLEAR",
  "timestamp": "2026-07-17T07:53:01.054846Z",
  "payload": {}
}
2026-07-17 15:53:01 [INFO] AcnSDK - Handling network message type=CLEAR payload=
{}
2026-07-17 15:53:01 [INFO] IdentityManager - Clearing identity state.
2026-07-17 15:53:01 [INFO] IdentityManager - Persisted identity state: {'agent_id': None, 'vc0': None, 'capability_names': [], 'capability_vcs': [], 'agent_name': None, 'owner': None, 'priority': None, 'metadata': {}}
2026-07-17 15:53:01 [INFO] WebSocketClient - Disconnecting websocket from ws://192.168.1.10:9002/ws
2026-07-17 15:53:01 [INFO] MoQClient - Disconnecting MoQ client role=publisher remote=192.168.1.10:9003
2026-07-17 15:53:01 [INFO] moq.session.session - Closing session: pub-281473466947312
2026-07-17 15:53:01 [INFO] quic - [870b25d1dcd543fa] Connection close sent (code 0x0, reason )
2026-07-17 15:53:01 [INFO] moq.transport.quic_transport - QUIC connection closed
2026-07-17 15:53:01 [INFO] MoQClient - MoQ client disconnected role=publisher remote=192.168.1.10:9003
2026-07-17 15:53:01 [INFO] MoQClient - Disconnecting MoQ client role=subscriber remote=192.168.1.10:9003
2026-07-17 15:53:01 [INFO] moq.session.session - Closing session: sub-281473466955616
2026-07-17 15:53:01 [INFO] quic - [88fb65ca8987e19c] Connection close sent (code 0x0, reason )
2026-07-17 15:53:01 [INFO] moq.transport.quic_transport - QUIC connection closed
2026-07-17 15:53:01 [INFO] MoQClient - MoQ client disconnected role=subscriber remote=192.168.1.10:9003
2026-07-17 15:53:01 [INFO] TaskManager - Stopping all tasks: []
2026-07-17 15:53:01 [INFO] AcnSDK - Network state changed to offline
2026-07-17 15:57:48 [INFO] AcnSDK - Cleared identity cache file: /home/unitree/zxy/imt/acn_sdk/data/identity.json
2026-07-17 15:57:48 [INFO] AcnSDK - AcnSDK initialized for agent=RobotDog, network_status=offline
2026-07-17 15:57:48 [INFO] AcnSDK - SDK network endpoints acn_agent=9010 ws=9002 moq=9003 web_ui=9005
2026-07-17 15:57:48 [INFO] IdentityManager - Persisted identity state: {'agent_id': None, 'vc0': None, 'capability_names': [], 'capability_vcs': [], 'agent_name': None, 'owner': None, 'priority': None, 'metadata': {}}
2026-07-17 15:57:59 [INFO] AcnSDK - Cleared identity cache file: /home/unitree/zxy/imt/acn_sdk/data/identity.json
2026-07-17 15:57:59 [INFO] AcnSDK - AcnSDK initialized for agent=RobotDog, network_status=offline
2026-07-17 15:57:59 [INFO] AcnSDK - SDK network endpoints acn_agent=9010 ws=9002 moq=9003 web_ui=9005
2026-07-17 15:57:59 [INFO] HttpClient - HTTP POST http://192.168.1.10:9010/idm/v1/identity-applications
{
  "owner": "13800138111",
  "name": "RobotDog",
  "public_key": "-----BEGIN PUBLIC KEY-----\nMFkwEwYHKoZIzj0CAQYIKoZIzj0DAQcDQgAEjNqmCmtuP9IpEQb88DZmbN0nfAMT\nu0mALPHBfC+5PQSKfmfgFQoiv30y7MZCB4iQHIEf4S7+dHY/x6KK0s6Dfw==\n-----END PUBLIC KEY-----\n",
  "description": "RobotDogModel, SN654321",
  "timestamp": "2026-07-17T07:57:59Z",
  "metadata": {
    "region": "CN",
    "role": "collaborator"
  },
  "signature": "MEUCIGdP+o+EHavQ1sTLYH0l4XLwxGlHsYnDl1OXFJtOxBMBAiEAyQSpOi7pDYBl1qGZaPB5aiDcaFMBAgJakIkkdIZ8DO8=",
  "signature_encoding": "base64"
}
2026-07-17 15:57:59 [INFO] httpx - HTTP Request: POST http://192.168.1.10:9010/idm/v1/identity-applications "HTTP/1.1 200 OK"
2026-07-17 15:57:59 [INFO] HttpClient - HTTP response /idm/v1/identity-applications
{
  "result": "success",
  "agent_id": "did:udid:type2.rid678.achid0.userid1380013811186486@6gc.mnc015.mcc234.3gppnetwork.org",
  "vc0": {
    "context": [
      "3gpp-ts-33.xxx-v20.0.0"
    ],
    "id": "CMCC/credentials/2939",
    "type": [
      "VerifiableCredential",
      "BindingSIMCredential"
    ],
    "issuer": "did:udid:idm@6gc.mnc015.mcc234.3gppnetwork.org",
    "valid_from": "2026-07-17T07:57:58Z",
    "valid_until": "2027-07-17T07:57:58Z",
    "claims": {
      "agent_name": "RobotDog",
      "agent_id": "did:udid:type2.rid678.achid0.userid1380013811186486@6gc.mnc015.mcc234.3gppnetwork.org",
      "agent_attribute": "6G业务开通",
      "master_id": "type0.rid678.schid0.userid1userid20001@6gc0001@6gc.mnc015.mcc234.3gppnetwork.org",
      "self_id": "type0.rid678.schid0..mnc015.mcc234.3gppnetwork.org"
    },
    "proof": {
      "creator": "did:udid:idm@6gc.mnc015.mcc234.3gppnetwork.org#keys-1",
      "signature_value": "MEYCIQCcfu+SdzSx7v9jhRDkW4C/NUqJz9VuV/igsNgue4vxPwIhAOrCLV+xPGJR11TecqHkDp4+Zz40w+0UDaZ9pSkzJlvL"
    }
  }
}
2026-07-17 15:57:59 [INFO] IdentityManager - Persisted identity state: {'agent_id': 'did:udid:type2.rid678.achid0.userid1380013811186486@6gc.mnc015.mcc234.3gppnetwork.org', 'vc0': {'context': ['3gpp-ts-33.xxx-v20.0.0'], 'id': 'CMCC/credentials/2939', 'type': ['VerifiableCredential', 'BindingSIMCredential'], 'issuer': 'did:udid:idm@6gc.mnc015.mcc234.3gppnetwork.org', 'valid_from': '2026-07-17T07:57:58Z', 'valid_until': '2027-07-17T07:57:58Z', 'claims': {'agent_name': 'RobotDog', 'agent_id': 'did:udid:type2.rid678.achid0.userid1380013811186486@6gc.mnc015.mcc234.3gppnetwork.org', 'agent_attribute': '6G业务开通', 'master_id': 'type0.rid678.schid0.userid1userid20001@6gc0001@6gc.mnc015.mcc234.3gppnetwork.org', 'self_id': 'type0.rid678.schid0..mnc015.mcc234.3gppnetwork.org'}, 'proof': {'creator': 'did:udid:idm@6gc.mnc015.mcc234.3gppnetwork.org#keys-1', 'signature_value': 'MEYCIQCcfu+SdzSx7v9jhRDkW4C/NUqJz9VuV/igsNgue4vxPwIhAOrCLV+xPGJR11TecqHkDp4+Zz40w+0UDaZ9pSkzJlvL'}}, 'capability_names': [], 'capability_vcs': [], 'agent_name': 'RobotDog', 'owner': '13800138111', 'priority': 4, 'metadata': {'region': 'CN', 'role': 'collaborator'}}
2026-07-17 15:57:59 [INFO] AcnSDK - Agent registered. agent_id=did:udid:type2.rid678.achid0.userid1380013811186486@6gc.mnc015.mcc234.3gppnetwork.org
2026-07-17 15:57:59 [INFO] CredentialIssuer - Issued capability VCs: [{'context': ['3gpp-ts-33.xxx-v20.0.0'], 'id': 'robot-factory/credentials/3679', 'type': ['VerifiableCredential', 'BindingSIMCredential'], 'issuer': 'did:robotfactoryissuer@6gc.mnc015.mcc234.3gppnetwork', 'valid_from': '2026-07-16T07:57:59.748470+00:00', 'valid_until': '2027-07-17T07:57:59.748470+00:00', 'claims': {'agent_name': 'RobotDog', 'agent_id': 'did:udid:type2.rid678.achid0.userid1380013811186486@6gc.mnc015.mcc234.3gppnetwork.org', 'agent_attribute': '载重运输', 'authorization_mode': 'Mode2'}, 'proof': {'creator': 'did:robotfactoryissuer@6gc.mnc015.mcc234.3gppnetwork#keys-1', 'signature_value': 'MEQCIEm7/Pd02CCzadoc01W+QjodHfuwGrKpAPYNjAdNSmHMAiBFKF1W07sP2KWC19OXpuyW0mBRtAp5xFfr2FByczDR4A=='}}, {'context': ['3gpp-ts-33.xxx-v20.0.0'], 'id': 'robot-factory/credentials/2570', 'type': ['VerifiableCredential', 'BindingSIMCredential'], 'issuer': 'did:robotfactoryissuer@6gc.mnc015.mcc234.3gppnetwork', 'valid_from': '2026-07-16T07:57:59.748470+00:00', 'valid_until': '2027-07-17T07:57:59.748470+00:00', 'claims': {'agent_name': 'RobotDog', 'agent_id': 'did:udid:type2.rid678.achid0.userid1380013811186486@6gc.mnc015.mcc234.3gppnetwork.org', 'agent_attribute': '自主导航', 'authorization_mode': 'Mode2'}, 'proof': {'creator': 'did:robotfactoryissuer@6gc.mnc015.mcc234.3gppnetwork#keys-1', 'signature_value': 'MEUCIFh0pS2ot6KSmhIf5Xt8GVk9O4+Sr7EnTFOYH7pojzTaAiEA5g8bLGk5JID9C1RuMoCsfinrRn996eV1hFhq1BqTc5c='}}, {'context': ['3gpp-ts-33.xxx-v20.0.0'], 'id': 'robot-factory/credentials/3704', 'type': ['VerifiableCredential', 'BindingSIMCredential'], 'issuer': 'did:robotfactoryissuer@6gc.mnc015.mcc234.3gppnetwork', 'valid_from': '2026-07-16T07:57:59.748470+00:00', 'valid_until': '2027-07-17T07:57:59.748470+00:00', 'claims': {'agent_name': 'RobotDog', 'agent_id': 'did:udid:type2.rid678.achid0.userid1380013811186486@6gc.mnc015.mcc234.3gppnetwork.org', 'agent_attribute': '高清摄像', 'authorization_mode': 'Mode2'}, 'proof': {'creator': 'did:robotfactoryissuer@6gc.mnc015.mcc234.3gppnetwork#keys-1', 'signature_value': 'MEYCIQDf+rV526gQI7w8n91OOdzkKs1Bh1RnwosuGw9IWZb4SAIhAOr2PQm5rn/rRzPYAzUOMQMK16ISMILcBFHGJNuJu7/E'}}]
2026-07-17 15:57:59 [INFO] IdentityManager - Persisted identity state: {'agent_id': 'did:udid:type2.rid678.achid0.userid1380013811186486@6gc.mnc015.mcc234.3gppnetwork.org', 'vc0': {'context': ['3gpp-ts-33.xxx-v20.0.0'], 'id': 'CMCC/credentials/2939', 'type': ['VerifiableCredential', 'BindingSIMCredential'], 'issuer': 'did:udid:idm@6gc.mnc015.mcc234.3gppnetwork.org', 'valid_from': '2026-07-17T07:57:58Z', 'valid_until': '2027-07-17T07:57:58Z', 'claims': {'agent_name': 'RobotDog', 'agent_id': 'did:udid:type2.rid678.achid0.userid1380013811186486@6gc.mnc015.mcc234.3gppnetwork.org', 'agent_attribute': '6G业务开通', 'master_id': 'type0.rid678.schid0.userid1userid20001@6gc0001@6gc.mnc015.mcc234.3gppnetwork.org', 'self_id': 'type0.rid678.schid0..mnc015.mcc234.3gppnetwork.org'}, 'proof': {'creator': 'did:udid:idm@6gc.mnc015.mcc234.3gppnetwork.org#keys-1', 'signature_value': 'MEYCIQCcfu+SdzSx7v9jhRDkW4C/NUqJz9VuV/igsNgue4vxPwIhAOrCLV+xPGJR11TecqHkDp4+Zz40w+0UDaZ9pSkzJlvL'}}, 'capability_names': ['载重运输', '自主导航', '高清摄像'], 'capability_vcs': [{'context': ['3gpp-ts-33.xxx-v20.0.0'], 'id': 'robot-factory/credentials/3679', 'type': ['VerifiableCredential', 'BindingSIMCredential'], 'issuer': 'did:robotfactoryissuer@6gc.mnc015.mcc234.3gppnetwork', 'valid_from': '2026-07-16T07:57:59.748470+00:00', 'valid_until': '2027-07-17T07:57:59.748470+00:00', 'claims': {'agent_name': 'RobotDog', 'agent_id': 'did:udid:type2.rid678.achid0.userid1380013811186486@6gc.mnc015.mcc234.3gppnetwork.org', 'agent_attribute': '载重运输', 'authorization_mode': 'Mode2'}, 'proof': {'creator': 'did:robotfactoryissuer@6gc.mnc015.mcc234.3gppnetwork#keys-1', 'signature_value': 'MEQCIEm7/Pd02CCzadoc01W+QjodHfuwGrKpAPYNjAdNSmHMAiBFKF1W07sP2KWC19OXpuyW0mBRtAp5xFfr2FByczDR4A=='}}, {'context': ['3gpp-ts-33.xxx-v20.0.0'], 'id': 'robot-factory/credentials/2570', 'type': ['VerifiableCredential', 'BindingSIMCredential'], 'issuer': 'did:robotfactoryissuer@6gc.mnc015.mcc234.3gppnetwork', 'valid_from': '2026-07-16T07:57:59.748470+00:00', 'valid_until': '2027-07-17T07:57:59.748470+00:00', 'claims': {'agent_name': 'RobotDog', 'agent_id': 'did:udid:type2.rid678.achid0.userid1380013811186486@6gc.mnc015.mcc234.3gppnetwork.org', 'agent_attribute': '自主导航', 'authorization_mode': 'Mode2'}, 'proof': {'creator': 'did:robotfactoryissuer@6gc.mnc015.mcc234.3gppnetwork#keys-1', 'signature_value': 'MEUCIFh0pS2ot6KSmhIf5Xt8GVk9O4+Sr7EnTFOYH7pojzTaAiEA5g8bLGk5JID9C1RuMoCsfinrRn996eV1hFhq1BqTc5c='}}, {'context': ['3gpp-ts-33.xxx-v20.0.0'], 'id': 'robot-factory/credentials/3704', 'type': ['VerifiableCredential', 'BindingSIMCredential'], 'issuer': 'did:robotfactoryissuer@6gc.mnc015.mcc234.3gppnetwork', 'valid_from': '2026-07-16T07:57:59.748470+00:00', 'valid_until': '2027-07-17T07:57:59.748470+00:00', 'claims': {'agent_name': 'RobotDog', 'agent_id': 'did:udid:type2.rid678.achid0.userid1380013811186486@6gc.mnc015.mcc234.3gppnetwork.org', 'agent_attribute': '高清摄像', 'authorization_mode': 'Mode2'}, 'proof': {'creator': 'did:robotfactoryissuer@6gc.mnc015.mcc234.3gppnetwork#keys-1', 'signature_value': 'MEYCIQDf+rV526gQI7w8n91OOdzkKs1Bh1RnwosuGw9IWZb4SAIhAOr2PQm5rn/rRzPYAzUOMQMK16ISMILcBFHGJNuJu7/E'}}], 'agent_name': 'RobotDog', 'owner': '13800138111', 'priority': 4, 'metadata': {'region': 'CN', 'role': 'collaborator'}}
2026-07-17 15:57:59 [INFO] HttpClient - HTTP POST http://192.168.1.10:9010/arf/v1/agent-cards
{
  "agent_id": "did:udid:type2.rid678.achid0.userid1380013811186486@6gc.mnc015.mcc234.3gppnetwork.org",
  "priority": 4,
  "timestamp": "2026-07-17T07:57:59Z",
  "signature": "MEUCIGAQxPLZIO/TqRg+Ejln8fgJcge+z+D7kFEu5sDKxagtAiEAhK5+fcAGfgsgFCc+LafKftXf9GGvROo0pWjzhIQsr08=",
  "signature_encoding": "base64",
  "vc_list": [
    {
      "context": [
        "3gpp-ts-33.xxx-v20.0.0"
      ],
      "id": "CMCC/credentials/2939",
      "type": [
        "VerifiableCredential",
        "BindingSIMCredential"
      ],
      "issuer": "did:udid:idm@6gc.mnc015.mcc234.3gppnetwork.org",
      "valid_from": "2026-07-17T07:57:58Z",
      "valid_until": "2027-07-17T07:57:58Z",
      "claims": {
        "agent_name": "RobotDog",
        "agent_id": "did:udid:type2.rid678.achid0.userid1380013811186486@6gc.mnc015.mcc234.3gppnetwork.org",
        "agent_attribute": "6G业务开通",
        "master_id": "type0.rid678.schid0.userid1userid20001@6gc0001@6gc.mnc015.mcc234.3gppnetwork.org",
        "self_id": "type0.rid678.schid0..mnc015.mcc234.3gppnetwork.org"
      },
      "proof": {
        "creator": "did:udid:idm@6gc.mnc015.mcc234.3gppnetwork.org#keys-1",
        "signature_value": "MEYCIQCcfu+SdzSx7v9jhRDkW4C/NUqJz9VuV/igsNgue4vxPwIhAOrCLV+xPGJR11TecqHkDp4+Zz40w+0UDaZ9pSkzJlvL"
      }
    },
    {
      "context": [
        "3gpp-ts-33.xxx-v20.0.0"
      ],
      "id": "robot-factory/credentials/3679",
      "type": [
        "VerifiableCredential",
        "BindingSIMCredential"
      ],
      "issuer": "did:robotfactoryissuer@6gc.mnc015.mcc234.3gppnetwork",
      "valid_from": "2026-07-16T07:57:59.748470+00:00",
      "valid_until": "2027-07-17T07:57:59.748470+00:00",
      "claims": {
        "agent_name": "RobotDog",
        "agent_id": "did:udid:type2.rid678.achid0.userid1380013811186486@6gc.mnc015.mcc234.3gppnetwork.org",
        "agent_attribute": "载重运输",
        "authorization_mode": "Mode2"
      },
      "proof": {
        "creator": "did:robotfactoryissuer@6gc.mnc015.mcc234.3gppnetwork#keys-1",
        "signature_value": "MEQCIEm7/Pd02CCzadoc01W+QjodHfuwGrKpAPYNjAdNSmHMAiBFKF1W07sP2KWC19OXpuyW0mBRtAp5xFfr2FByczDR4A=="
      }
    },
    {
      "context": [
        "3gpp-ts-33.xxx-v20.0.0"
      ],
      "id": "robot-factory/credentials/2570",
      "type": [
        "VerifiableCredential",
        "BindingSIMCredential"
      ],
      "issuer": "did:robotfactoryissuer@6gc.mnc015.mcc234.3gppnetwork",
      "valid_from": "2026-07-16T07:57:59.748470+00:00",
      "valid_until": "2027-07-17T07:57:59.748470+00:00",
      "claims": {
        "agent_name": "RobotDog",
        "agent_id": "did:udid:type2.rid678.achid0.userid1380013811186486@6gc.mnc015.mcc234.3gppnetwork.org",
        "agent_attribute": "自主导航",
        "authorization_mode": "Mode2"
      },
      "proof": {
        "creator": "did:robotfactoryissuer@6gc.mnc015.mcc234.3gppnetwork#keys-1",
        "signature_value": "MEUCIFh0pS2ot6KSmhIf5Xt8GVk9O4+Sr7EnTFOYH7pojzTaAiEA5g8bLGk5JID9C1RuMoCsfinrRn996eV1hFhq1BqTc5c="
      }
    },
    {
      "context": [
        "3gpp-ts-33.xxx-v20.0.0"
      ],
      "id": "robot-factory/credentials/3704",
      "type": [
        "VerifiableCredential",
        "BindingSIMCredential"
      ],
      "issuer": "did:robotfactoryissuer@6gc.mnc015.mcc234.3gppnetwork",
      "valid_from": "2026-07-16T07:57:59.748470+00:00",
      "valid_until": "2027-07-17T07:57:59.748470+00:00",
      "claims": {
        "agent_name": "RobotDog",
        "agent_id": "did:udid:type2.rid678.achid0.userid1380013811186486@6gc.mnc015.mcc234.3gppnetwork.org",
        "agent_attribute": "高清摄像",
        "authorization_mode": "Mode2"
      },
      "proof": {
        "creator": "did:robotfactoryissuer@6gc.mnc015.mcc234.3gppnetwork#keys-1",
        "signature_value": "MEYCIQDf+rV526gQI7w8n91OOdzkKs1Bh1RnwosuGw9IWZb4SAIhAOr2PQm5rn/rRzPYAzUOMQMK16ISMILcBFHGJNuJu7/E"
      }
    }
  ]
}
2026-07-17 15:58:00 [INFO] httpx - HTTP Request: POST http://192.168.1.10:9010/arf/v1/agent-cards "HTTP/1.1 200 OK"
2026-07-17 15:58:00 [INFO] HttpClient - HTTP response /arf/v1/agent-cards
{
  "status": "OK"
}
2026-07-17 15:58:00 [INFO] AcnSDK - Robot attribute registered. agent_id=did:udid:type2.rid678.achid0.userid1380013811186486@6gc.mnc015.mcc234.3gppnetwork.org
2026-07-17 15:58:00 [INFO] WebSocketClient - Connecting websocket to ws://192.168.1.10:9002/ws
2026-07-17 15:58:00 [INFO] WebSocketClient - Websocket connected.
2026-07-17 15:58:00 [INFO] WebSocketClient - Sending websocket payload
{
  "type": "SETUP",
  "timestamp": "2026-07-17T07:58:00Z",
  "payload": {
    "src_agent_id": "did:udid:type2.rid678.achid0.userid1380013811186486@6gc.mnc015.mcc234.3gppnetwork.org"
  }
}
2026-07-17 15:58:00 [INFO] WebSocketClient - Received websocket payload
{
  "type": "SETUP",
  "timestamp": "2026-07-17T07:57:59.395386Z",
  "payload": {
    "status": "OK"
  }
}
2026-07-17 15:58:00 [INFO] MoQClient - Connecting MoQ client role=publisher remote=192.168.1.10:9003
2026-07-17 15:58:00 [INFO] moq.pub.publisher - MOQPublisher initialized for 192.168.1.10:9003
2026-07-17 15:58:00 [INFO] moq.pub.publisher - Connecting to relay at 192.168.1.10:9003
2026-07-17 15:58:00 [INFO] moq.transport.quic_transport - QUIC client config: congestion=cubic max_data=67108864 max_stream_data=67108864
2026-07-17 15:58:00 [INFO] moq.transport.quic_transport - Connecting to 192.168.1.10:9003
2026-07-17 15:58:00 [INFO] moq.transport.quic_transport - MOQQuicProtocol initialized
2026-07-17 15:58:00 [INFO] quic - [39db4cd8acde61dc] Negotiated protocol version 0x00000001 (VERSION_1)
2026-07-17 15:58:00 [INFO] quic - [39db4cd8acde61dc] ALPN negotiated protocol moq-00
2026-07-17 15:58:00 [INFO] moq.transport.quic_transport - QUIC connection established
2026-07-17 15:58:00 [INFO] moq.session.session - MOQSession created: session_id=pub-281473089820400, role=PUBLISHER
2026-07-17 15:58:00 [INFO] moq.session.session - Sent SETUP: version=4278190097, role=PUBLISHER
2026-07-17 15:58:00 [INFO] moq.pub.publisher - Connected to relay
2026-07-17 15:58:00 [INFO] MoQClient - MoQ publisher connected to relay
2026-07-17 15:58:00 [INFO] MoQClient - MoQ client connected role=publisher remote=192.168.1.10:9003
2026-07-17 15:58:00 [INFO] MoQClient - Connecting MoQ client role=subscriber remote=192.168.1.10:9003
2026-07-17 15:58:00 [INFO] moq.sub.subscriber - MOQSubscriber initialized for 192.168.1.10:9003
2026-07-17 15:58:00 [INFO] moq.sub.subscriber - Connecting to relay at 192.168.1.10:9003
2026-07-17 15:58:00 [INFO] moq.transport.quic_transport - QUIC client config: congestion=cubic max_data=67108864 max_stream_data=67108864
2026-07-17 15:58:00 [INFO] moq.transport.quic_transport - Connecting to 192.168.1.10:9003
2026-07-17 15:58:00 [INFO] moq.transport.quic_transport - MOQQuicProtocol initialized
2026-07-17 15:58:00 [INFO] quic - [3383a9a30613eb6f] Negotiated protocol version 0x00000001 (VERSION_1)
2026-07-17 15:58:00 [INFO] quic - [3383a9a30613eb6f] ALPN negotiated protocol moq-00
2026-07-17 15:58:00 [INFO] moq.transport.quic_transport - QUIC connection established
2026-07-17 15:58:00 [INFO] moq.session.session - MOQSession created: session_id=sub-281473089828704, role=SUBSCRIBER
2026-07-17 15:58:00 [INFO] moq.session.session - Sent SETUP: version=4278190097, role=SUBSCRIBER
2026-07-17 15:58:00 [INFO] moq.sub.subscriber - Connected to relay
2026-07-17 15:58:00 [INFO] MoQClient - MoQ subscriber connected to relay
2026-07-17 15:58:00 [INFO] MoQClient - MoQ client connected role=subscriber remote=192.168.1.10:9003
2026-07-17 15:58:00 [INFO] AcnSDK - Background network listener started.
2026-07-17 15:58:00 [INFO] AcnSDK - Network join successful for agent_id=did:udid:type2.rid678.achid0.userid1380013811186486@6gc.mnc015.mcc234.3gppnetwork.org
2026-07-17 15:58:00 [INFO] AcnSDK - Queried local agent info agent_id=did:udid:type2.rid678.achid0.userid1380013811186486@6gc.mnc015.mcc234.3gppnetwork.org
2026-07-17 15:58:00 [INFO] HttpClient - HTTP POST http://192.168.1.10:9010/acn-agent/v1/owner-agents
{
  "owner": "13800138111"
}
2026-07-17 15:58:00 [INFO] httpx - HTTP Request: POST http://192.168.1.10:9010/acn-agent/v1/owner-agents "HTTP/1.1 200 OK"
2026-07-17 15:58:00 [INFO] HttpClient - HTTP response /acn-agent/v1/owner-agents
{
  "owner": "13800138111",
  "total": 1,
  "agents": [
    {
      "agent_id": "did:udid:type2.rid678.achid0.userid1380013811186486@6gc.mnc015.mcc234.3gppnetwork.org",
      "agent_name": "RobotDog",
      "description": "RobotDogModel, SN654321"
    }
  ]
}
2026-07-17 15:58:00 [INFO] AcnSDK - Queried agent list owner=13800138111
2026-07-17 15:58:57 [INFO] WebSocketClient - Received websocket payload
{
  "type": "TASK_REQUEST_COLLABORATION",
  "timestamp": "2026-07-17T07:58:56.450330Z",
  "payload": {
    "src_agent_id": "did:udid:type2.rid678.achid0.userid+861380013800068261@6gc.mnc015.mcc234.3gppnetwork.org",
    "dst_agent_id": "did:udid:type2.rid678.achid0.userid1380013811186486@6gc.mnc015.mcc234.3gppnetwork.org",
    "task_id": "task-12345",
    "task_description": "Collaboration task",
    "agent_card": {
      "agent_id": "did:udid:type2.rid678.achid0.userid+861380013800068261@6gc.mnc015.mcc234.3gppnetwork.org",
      "agent_name": "AR glasses",
      "skill": [
        "6G业务开通",
        "视觉共享",
        "远程操控"
      ]
    },
    "timestamp": "2026-07-17T07:58:56.450330Z"
  }
}
2026-07-17 15:58:57 [INFO] AcnSDK - Handling network message type=TASK_REQUEST_COLLABORATION payload=
{
  "src_agent_id": "did:udid:type2.rid678.achid0.userid+861380013800068261@6gc.mnc015.mcc234.3gppnetwork.org",
  "dst_agent_id": "did:udid:type2.rid678.achid0.userid1380013811186486@6gc.mnc015.mcc234.3gppnetwork.org",
  "task_id": "task-12345",
  "task_description": "Collaboration task",
  "agent_card": {
    "agent_id": "did:udid:type2.rid678.achid0.userid+861380013800068261@6gc.mnc015.mcc234.3gppnetwork.org",
    "agent_name": "AR glasses",
    "skill": [
      "6G业务开通",
      "视觉共享",
      "远程操控"
    ]
  },
  "timestamp": "2026-07-17T07:58:56.450330Z"
}
2026-07-17 15:58:57 [INFO] WebSocketClient - Sending websocket payload
{
  "type": "TASK_ACCEPT_COLLABORATION",
  "timestamp": "2026-07-17T07:58:57Z",
  "payload": {
    "src_agent_id": "did:udid:type2.rid678.achid0.userid1380013811186486@6gc.mnc015.mcc234.3gppnetwork.org",
    "dst_agent_id": "did:udid:type2.rid678.achid0.userid+861380013800068261@6gc.mnc015.mcc234.3gppnetwork.org",
    "task_id": "task-12345",
    "result": "OK"
  }
}
2026-07-17 15:58:57 [INFO] AcnSDK - Task collaboration accepted. task_id=task-12345 dst_agent_id=did:udid:type2.rid678.achid0.userid+861380013800068261@6gc.mnc015.mcc234.3gppnetwork.org
2026-07-17 15:58:57 [INFO] WebSocketClient - Received websocket payload
{
  "type": "START_TASK",
  "timestamp": "2026-07-17T07:58:56Z",
  "payload": {
    "src_agent_id": "did:udid:type2.rid678.achid0.userid+861380013800068261@6gc.mnc015.mcc234.3gppnetwork.org",
    "dst_agent_id": "did:udid:type2.rid678.achid0.userid1380013811186486@6gc.mnc015.mcc234.3gppnetwork.org",
    "task_id": "task-12345",
    "task_description": "协同任务"
  }
}
2026-07-17 15:58:57 [INFO] AcnSDK - Handling network message type=START_TASK payload=
{
  "src_agent_id": "did:udid:type2.rid678.achid0.userid+861380013800068261@6gc.mnc015.mcc234.3gppnetwork.org",
  "dst_agent_id": "did:udid:type2.rid678.achid0.userid1380013811186486@6gc.mnc015.mcc234.3gppnetwork.org",
  "task_id": "task-12345",
  "task_description": "协同任务"
}
2026-07-17 15:58:57 [INFO] HttpClient - HTTP POST http://192.168.1.10:9010/acn-agent/v1/task-executions
{
  "agent_id": "did:udid:type2.rid678.achid0.userid1380013811186486@6gc.mnc015.mcc234.3gppnetwork.org",
  "task_id": "task-12345",
  "description": "协同任务",
  "timestamp": "2026-07-17T07:58:57Z"
}
2026-07-17 15:58:57 [INFO] httpx - HTTP Request: POST http://192.168.1.10:9010/acn-agent/v1/task-executions "HTTP/1.1 200 OK"
2026-07-17 15:58:57 [INFO] HttpClient - HTTP response /acn-agent/v1/task-executions
{
  "status": "OK"
}
2026-07-17 15:58:57 [INFO] AcnSDK - Task execution requested. task_id=task-12345
2026-07-17 15:59:10 [INFO] WebSocketClient - Received websocket payload
{
  "type": "TASK_TERMINATION",
  "timestamp": "2026-07-17T07:59:09.791727Z",
  "payload": {
    "src_agent_id": "did:udid:type2.rid678.achid0.userid+861380013800068261@6gc.mnc015.mcc234.3gppnetwork.org",
    "task_id": "task-12345",
    "task_description": "任务结束"
  }
}
2026-07-17 15:59:10 [INFO] AcnSDK - Handling network message type=TASK_TERMINATION payload=
{
  "src_agent_id": "did:udid:type2.rid678.achid0.userid+861380013800068261@6gc.mnc015.mcc234.3gppnetwork.org",
  "task_id": "task-12345",
  "task_description": "任务结束"
}
2026-07-17 15:59:10 [INFO] HttpClient - HTTP POST http://192.168.1.10:9010/acn-agent/v1/task-execution-terminations
{
  "agent_id": "did:udid:type2.rid678.achid0.userid1380013811186486@6gc.mnc015.mcc234.3gppnetwork.org",
  "task_id": "task-12345",
  "reason": "",
  "timestamp": "2026-07-17T07:59:10Z",
  "force": false
}
2026-07-17 15:59:10 [INFO] httpx - HTTP Request: POST http://192.168.1.10:9010/acn-agent/v1/task-execution-terminations "HTTP/1.1 200 OK"
2026-07-17 15:59:10 [INFO] HttpClient - HTTP response /acn-agent/v1/task-execution-terminations
{
  "status": "OK"
}
2026-07-17 15:59:10 [INFO] AcnSDK - Task termination requested. task_id=task-12345
2026-07-17 16:05:12 [INFO] WebSocketClient - Received websocket payload
{
  "type": "CLEAR",
  "timestamp": "2026-07-17T08:05:11.667591Z",
  "payload": {}
}
2026-07-17 16:05:12 [INFO] AcnSDK - Handling network message type=CLEAR payload=
{}
2026-07-17 16:05:12 [INFO] IdentityManager - Clearing identity state.
2026-07-17 16:05:12 [INFO] IdentityManager - Persisted identity state: {'agent_id': None, 'vc0': None, 'capability_names': [], 'capability_vcs': [], 'agent_name': None, 'owner': None, 'priority': None, 'metadata': {}}
2026-07-17 16:05:12 [INFO] WebSocketClient - Disconnecting websocket from ws://192.168.1.10:9002/ws
2026-07-17 16:05:12 [INFO] MoQClient - Disconnecting MoQ client role=publisher remote=192.168.1.10:9003
2026-07-17 16:05:12 [INFO] moq.session.session - Closing session: pub-281473089820400
2026-07-17 16:05:12 [INFO] quic - [39db4cd8acde61dc] Connection close sent (code 0x0, reason )
2026-07-17 16:05:12 [INFO] moq.transport.quic_transport - QUIC connection closed
2026-07-17 16:05:12 [INFO] MoQClient - MoQ client disconnected role=publisher remote=192.168.1.10:9003
2026-07-17 16:05:12 [INFO] MoQClient - Disconnecting MoQ client role=subscriber remote=192.168.1.10:9003
2026-07-17 16:05:12 [INFO] moq.session.session - Closing session: sub-281473089828704
2026-07-17 16:05:12 [INFO] quic - [3383a9a30613eb6f] Connection close sent (code 0x0, reason )
2026-07-17 16:05:12 [INFO] moq.transport.quic_transport - QUIC connection closed
2026-07-17 16:05:12 [INFO] MoQClient - MoQ client disconnected role=subscriber remote=192.168.1.10:9003
2026-07-17 16:05:12 [INFO] TaskManager - Stopping all tasks: []
2026-07-17 16:05:12 [INFO] AcnSDK - Network state changed to offline
2026-07-17 16:07:44 [INFO] AcnSDK - Cleared identity cache file: /home/unitree/zxy/imt/acn_sdk/data/identity.json
2026-07-17 16:07:44 [INFO] AcnSDK - AcnSDK initialized for agent=RobotDog, network_status=offline
2026-07-17 16:07:44 [INFO] AcnSDK - SDK network endpoints acn_agent=9010 ws=9002 moq=9003 web_ui=9005
2026-07-17 16:07:44 [INFO] IdentityManager - Persisted identity state: {'agent_id': None, 'vc0': None, 'capability_names': [], 'capability_vcs': [], 'agent_name': None, 'owner': None, 'priority': None, 'metadata': {}}
2026-07-17 16:07:53 [INFO] AcnSDK - Cleared identity cache file: /home/unitree/zxy/imt/acn_sdk/data/identity.json
2026-07-17 16:07:53 [INFO] AcnSDK - AcnSDK initialized for agent=RobotDog, network_status=offline
2026-07-17 16:07:53 [INFO] AcnSDK - SDK network endpoints acn_agent=9010 ws=9002 moq=9003 web_ui=9005
2026-07-17 16:07:53 [INFO] HttpClient - HTTP POST http://192.168.1.10:9010/idm/v1/identity-applications
{
  "owner": "13800138111",
  "name": "RobotDog",
  "public_key": "-----BEGIN PUBLIC KEY-----\nMFkwEwYHKoZIzj0CAQYIKoZIzj0DAQcDQgAEjNqmCmtuP9IpEQb88DZmbN0nfAMT\nu0mALPHBfC+5PQSKfmfgFQoiv30y7MZCB4iQHIEf4S7+dHY/x6KK0s6Dfw==\n-----END PUBLIC KEY-----\n",
  "description": "RobotDogModel, SN654321",
  "timestamp": "2026-07-17T08:07:53Z",
  "metadata": {
    "region": "CN",
    "role": "collaborator"
  },
  "signature": "MEYCIQCFu9JwmUuFN5ThojFags1MuQo0VUHEYfSE7+s9cl0efgIhAMz0SKyhIUDjQOyyjP6H5PFs3eh1YKCp3f4H896001sE",
  "signature_encoding": "base64"
}
2026-07-17 16:07:54 [INFO] httpx - HTTP Request: POST http://192.168.1.10:9010/idm/v1/identity-applications "HTTP/1.1 200 OK"
2026-07-17 16:07:54 [INFO] HttpClient - HTTP response /idm/v1/identity-applications
{
  "result": "success",
  "agent_id": "did:udid:type2.rid678.achid0.userid1380013811134007@6gc.mnc015.mcc234.3gppnetwork.org",
  "vc0": {
    "context": [
      "3gpp-ts-33.xxx-v20.0.0"
    ],
    "id": "CMCC/credentials/1155",
    "type": [
      "VerifiableCredential",
      "BindingSIMCredential"
    ],
    "issuer": "did:udid:idm@6gc.mnc015.mcc234.3gppnetwork.org",
    "valid_from": "2026-07-17T08:07:53Z",
    "valid_until": "2027-07-17T08:07:53Z",
    "claims": {
      "agent_name": "RobotDog",
      "agent_id": "did:udid:type2.rid678.achid0.userid1380013811134007@6gc.mnc015.mcc234.3gppnetwork.org",
      "agent_attribute": "6G业务开通",
      "master_id": "type0.rid678.schid0.userid1userid20001@6gc0001@6gc.mnc015.mcc234.3gppnetwork.org",
      "self_id": "type0.rid678.schid0..mnc015.mcc234.3gppnetwork.org"
    },
    "proof": {
      "creator": "did:udid:idm@6gc.mnc015.mcc234.3gppnetwork.org#keys-1",
      "signature_value": "MEYCIQDv0/rAsd0QPlg6Uw/lYNqT9TMnVlg2ArK9qcO5liPJYgIhAKBZpuEeiQwkQ2L+Qbyj0SOEH+4pmfpwDB6y2f1jfeTZ"
    }
  }
}
2026-07-17 16:07:54 [INFO] IdentityManager - Persisted identity state: {'agent_id': 'did:udid:type2.rid678.achid0.userid1380013811134007@6gc.mnc015.mcc234.3gppnetwork.org', 'vc0': {'context': ['3gpp-ts-33.xxx-v20.0.0'], 'id': 'CMCC/credentials/1155', 'type': ['VerifiableCredential', 'BindingSIMCredential'], 'issuer': 'did:udid:idm@6gc.mnc015.mcc234.3gppnetwork.org', 'valid_from': '2026-07-17T08:07:53Z', 'valid_until': '2027-07-17T08:07:53Z', 'claims': {'agent_name': 'RobotDog', 'agent_id': 'did:udid:type2.rid678.achid0.userid1380013811134007@6gc.mnc015.mcc234.3gppnetwork.org', 'agent_attribute': '6G业务开通', 'master_id': 'type0.rid678.schid0.userid1userid20001@6gc0001@6gc.mnc015.mcc234.3gppnetwork.org', 'self_id': 'type0.rid678.schid0..mnc015.mcc234.3gppnetwork.org'}, 'proof': {'creator': 'did:udid:idm@6gc.mnc015.mcc234.3gppnetwork.org#keys-1', 'signature_value': 'MEYCIQDv0/rAsd0QPlg6Uw/lYNqT9TMnVlg2ArK9qcO5liPJYgIhAKBZpuEeiQwkQ2L+Qbyj0SOEH+4pmfpwDB6y2f1jfeTZ'}}, 'capability_names': [], 'capability_vcs': [], 'agent_name': 'RobotDog', 'owner': '13800138111', 'priority': 4, 'metadata': {'region': 'CN', 'role': 'collaborator'}}
2026-07-17 16:07:54 [INFO] AcnSDK - Agent registered. agent_id=did:udid:type2.rid678.achid0.userid1380013811134007@6gc.mnc015.mcc234.3gppnetwork.org
2026-07-17 16:07:54 [INFO] CredentialIssuer - Issued capability VCs: [{'context': ['3gpp-ts-33.xxx-v20.0.0'], 'id': 'robot-factory/credentials/7019', 'type': ['VerifiableCredential', 'BindingSIMCredential'], 'issuer': 'did:robotfactoryissuer@6gc.mnc015.mcc234.3gppnetwork', 'valid_from': '2026-07-16T08:07:54.162539+00:00', 'valid_until': '2027-07-17T08:07:54.162539+00:00', 'claims': {'agent_name': 'RobotDog', 'agent_id': 'did:udid:type2.rid678.achid0.userid1380013811134007@6gc.mnc015.mcc234.3gppnetwork.org', 'agent_attribute': '载重运输', 'authorization_mode': 'Mode2'}, 'proof': {'creator': 'did:robotfactoryissuer@6gc.mnc015.mcc234.3gppnetwork#keys-1', 'signature_value': 'MEQCIFZacT0zEc2R9hFIDPJY8176ovFFLxSOkiWN27YhbXIPAiBrz7/k1onhfCRI7bz5V+5BHyXzpEdcbMRzTzrVQ0yTDg=='}}, {'context': ['3gpp-ts-33.xxx-v20.0.0'], 'id': 'robot-factory/credentials/1695', 'type': ['VerifiableCredential', 'BindingSIMCredential'], 'issuer': 'did:robotfactoryissuer@6gc.mnc015.mcc234.3gppnetwork', 'valid_from': '2026-07-16T08:07:54.162539+00:00', 'valid_until': '2027-07-17T08:07:54.162539+00:00', 'claims': {'agent_name': 'RobotDog', 'agent_id': 'did:udid:type2.rid678.achid0.userid1380013811134007@6gc.mnc015.mcc234.3gppnetwork.org', 'agent_attribute': '自主导航', 'authorization_mode': 'Mode2'}, 'proof': {'creator': 'did:robotfactoryissuer@6gc.mnc015.mcc234.3gppnetwork#keys-1', 'signature_value': 'MEYCIQDMaZWZpgQcldoUQBHJdldY8EUG+wF192PPxRxN7cRPIAIhAOLzjo/kFiMN/AMcf8rnprkjAcwJWcQehdisk2IrfvNo'}}, {'context': ['3gpp-ts-33.xxx-v20.0.0'], 'id': 'robot-factory/credentials/0750', 'type': ['VerifiableCredential', 'BindingSIMCredential'], 'issuer': 'did:robotfactoryissuer@6gc.mnc015.mcc234.3gppnetwork', 'valid_from': '2026-07-16T08:07:54.162539+00:00', 'valid_until': '2027-07-17T08:07:54.162539+00:00', 'claims': {'agent_name': 'RobotDog', 'agent_id': 'did:udid:type2.rid678.achid0.userid1380013811134007@6gc.mnc015.mcc234.3gppnetwork.org', 'agent_attribute': '高清摄像', 'authorization_mode': 'Mode2'}, 'proof': {'creator': 'did:robotfactoryissuer@6gc.mnc015.mcc234.3gppnetwork#keys-1', 'signature_value': 'MEYCIQDO3tWjE7gPm9PMplZY4ybLPyt60wV3WA+8/qQsDIwh9wIhAL+U+XFHEYQzDtMhrOrCmRlJVGU/D1dGtyfASx36rbOo'}}]
2026-07-17 16:07:54 [INFO] IdentityManager - Persisted identity state: {'agent_id': 'did:udid:type2.rid678.achid0.userid1380013811134007@6gc.mnc015.mcc234.3gppnetwork.org', 'vc0': {'context': ['3gpp-ts-33.xxx-v20.0.0'], 'id': 'CMCC/credentials/1155', 'type': ['VerifiableCredential', 'BindingSIMCredential'], 'issuer': 'did:udid:idm@6gc.mnc015.mcc234.3gppnetwork.org', 'valid_from': '2026-07-17T08:07:53Z', 'valid_until': '2027-07-17T08:07:53Z', 'claims': {'agent_name': 'RobotDog', 'agent_id': 'did:udid:type2.rid678.achid0.userid1380013811134007@6gc.mnc015.mcc234.3gppnetwork.org', 'agent_attribute': '6G业务开通', 'master_id': 'type0.rid678.schid0.userid1userid20001@6gc0001@6gc.mnc015.mcc234.3gppnetwork.org', 'self_id': 'type0.rid678.schid0..mnc015.mcc234.3gppnetwork.org'}, 'proof': {'creator': 'did:udid:idm@6gc.mnc015.mcc234.3gppnetwork.org#keys-1', 'signature_value': 'MEYCIQDv0/rAsd0QPlg6Uw/lYNqT9TMnVlg2ArK9qcO5liPJYgIhAKBZpuEeiQwkQ2L+Qbyj0SOEH+4pmfpwDB6y2f1jfeTZ'}}, 'capability_names': ['载重运输', '自主导航', '高清摄像'], 'capability_vcs': [{'context': ['3gpp-ts-33.xxx-v20.0.0'], 'id': 'robot-factory/credentials/7019', 'type': ['VerifiableCredential', 'BindingSIMCredential'], 'issuer': 'did:robotfactoryissuer@6gc.mnc015.mcc234.3gppnetwork', 'valid_from': '2026-07-16T08:07:54.162539+00:00', 'valid_until': '2027-07-17T08:07:54.162539+00:00', 'claims': {'agent_name': 'RobotDog', 'agent_id': 'did:udid:type2.rid678.achid0.userid1380013811134007@6gc.mnc015.mcc234.3gppnetwork.org', 'agent_attribute': '载重运输', 'authorization_mode': 'Mode2'}, 'proof': {'creator': 'did:robotfactoryissuer@6gc.mnc015.mcc234.3gppnetwork#keys-1', 'signature_value': 'MEQCIFZacT0zEc2R9hFIDPJY8176ovFFLxSOkiWN27YhbXIPAiBrz7/k1onhfCRI7bz5V+5BHyXzpEdcbMRzTzrVQ0yTDg=='}}, {'context': ['3gpp-ts-33.xxx-v20.0.0'], 'id': 'robot-factory/credentials/1695', 'type': ['VerifiableCredential', 'BindingSIMCredential'], 'issuer': 'did:robotfactoryissuer@6gc.mnc015.mcc234.3gppnetwork', 'valid_from': '2026-07-16T08:07:54.162539+00:00', 'valid_until': '2027-07-17T08:07:54.162539+00:00', 'claims': {'agent_name': 'RobotDog', 'agent_id': 'did:udid:type2.rid678.achid0.userid1380013811134007@6gc.mnc015.mcc234.3gppnetwork.org', 'agent_attribute': '自主导航', 'authorization_mode': 'Mode2'}, 'proof': {'creator': 'did:robotfactoryissuer@6gc.mnc015.mcc234.3gppnetwork#keys-1', 'signature_value': 'MEYCIQDMaZWZpgQcldoUQBHJdldY8EUG+wF192PPxRxN7cRPIAIhAOLzjo/kFiMN/AMcf8rnprkjAcwJWcQehdisk2IrfvNo'}}, {'context': ['3gpp-ts-33.xxx-v20.0.0'], 'id': 'robot-factory/credentials/0750', 'type': ['VerifiableCredential', 'BindingSIMCredential'], 'issuer': 'did:robotfactoryissuer@6gc.mnc015.mcc234.3gppnetwork', 'valid_from': '2026-07-16T08:07:54.162539+00:00', 'valid_until': '2027-07-17T08:07:54.162539+00:00', 'claims': {'agent_name': 'RobotDog', 'agent_id': 'did:udid:type2.rid678.achid0.userid1380013811134007@6gc.mnc015.mcc234.3gppnetwork.org', 'agent_attribute': '高清摄像', 'authorization_mode': 'Mode2'}, 'proof': {'creator': 'did:robotfactoryissuer@6gc.mnc015.mcc234.3gppnetwork#keys-1', 'signature_value': 'MEYCIQDO3tWjE7gPm9PMplZY4ybLPyt60wV3WA+8/qQsDIwh9wIhAL+U+XFHEYQzDtMhrOrCmRlJVGU/D1dGtyfASx36rbOo'}}], 'agent_name': 'RobotDog', 'owner': '13800138111', 'priority': 4, 'metadata': {'region': 'CN', 'role': 'collaborator'}}
2026-07-17 16:07:54 [INFO] HttpClient - HTTP POST http://192.168.1.10:9010/arf/v1/agent-cards
{
  "agent_id": "did:udid:type2.rid678.achid0.userid1380013811134007@6gc.mnc015.mcc234.3gppnetwork.org",
  "priority": 4,
  "timestamp": "2026-07-17T08:07:54Z",
  "signature": "MEYCIQCy104bgHU4QN5GezGkfgbM8A63SU/MkKyJWq4/QNUNAQIhAKkA9aBw5f0YBzFSHT7lyQSvRZL5lQxV26L1Df7F/yDI",
  "signature_encoding": "base64",
  "vc_list": [
    {
      "context": [
        "3gpp-ts-33.xxx-v20.0.0"
      ],
      "id": "CMCC/credentials/1155",
      "type": [
        "VerifiableCredential",
        "BindingSIMCredential"
      ],
      "issuer": "did:udid:idm@6gc.mnc015.mcc234.3gppnetwork.org",
      "valid_from": "2026-07-17T08:07:53Z",
      "valid_until": "2027-07-17T08:07:53Z",
      "claims": {
        "agent_name": "RobotDog",
        "agent_id": "did:udid:type2.rid678.achid0.userid1380013811134007@6gc.mnc015.mcc234.3gppnetwork.org",
        "agent_attribute": "6G业务开通",
        "master_id": "type0.rid678.schid0.userid1userid20001@6gc0001@6gc.mnc015.mcc234.3gppnetwork.org",
        "self_id": "type0.rid678.schid0..mnc015.mcc234.3gppnetwork.org"
      },
      "proof": {
        "creator": "did:udid:idm@6gc.mnc015.mcc234.3gppnetwork.org#keys-1",
        "signature_value": "MEYCIQDv0/rAsd0QPlg6Uw/lYNqT9TMnVlg2ArK9qcO5liPJYgIhAKBZpuEeiQwkQ2L+Qbyj0SOEH+4pmfpwDB6y2f1jfeTZ"
      }
    },
    {
      "context": [
        "3gpp-ts-33.xxx-v20.0.0"
      ],
      "id": "robot-factory/credentials/7019",
      "type": [
        "VerifiableCredential",
        "BindingSIMCredential"
      ],
      "issuer": "did:robotfactoryissuer@6gc.mnc015.mcc234.3gppnetwork",
      "valid_from": "2026-07-16T08:07:54.162539+00:00",
      "valid_until": "2027-07-17T08:07:54.162539+00:00",
      "claims": {
        "agent_name": "RobotDog",
        "agent_id": "did:udid:type2.rid678.achid0.userid1380013811134007@6gc.mnc015.mcc234.3gppnetwork.org",
        "agent_attribute": "载重运输",
        "authorization_mode": "Mode2"
      },
      "proof": {
        "creator": "did:robotfactoryissuer@6gc.mnc015.mcc234.3gppnetwork#keys-1",
        "signature_value": "MEQCIFZacT0zEc2R9hFIDPJY8176ovFFLxSOkiWN27YhbXIPAiBrz7/k1onhfCRI7bz5V+5BHyXzpEdcbMRzTzrVQ0yTDg=="
      }
    },
    {
      "context": [
        "3gpp-ts-33.xxx-v20.0.0"
      ],
      "id": "robot-factory/credentials/1695",
      "type": [
        "VerifiableCredential",
        "BindingSIMCredential"
      ],
      "issuer": "did:robotfactoryissuer@6gc.mnc015.mcc234.3gppnetwork",
      "valid_from": "2026-07-16T08:07:54.162539+00:00",
      "valid_until": "2027-07-17T08:07:54.162539+00:00",
      "claims": {
        "agent_name": "RobotDog",
        "agent_id": "did:udid:type2.rid678.achid0.userid1380013811134007@6gc.mnc015.mcc234.3gppnetwork.org",
        "agent_attribute": "自主导航",
        "authorization_mode": "Mode2"
      },
      "proof": {
        "creator": "did:robotfactoryissuer@6gc.mnc015.mcc234.3gppnetwork#keys-1",
        "signature_value": "MEYCIQDMaZWZpgQcldoUQBHJdldY8EUG+wF192PPxRxN7cRPIAIhAOLzjo/kFiMN/AMcf8rnprkjAcwJWcQehdisk2IrfvNo"
      }
    },
    {
      "context": [
        "3gpp-ts-33.xxx-v20.0.0"
      ],
      "id": "robot-factory/credentials/0750",
      "type": [
        "VerifiableCredential",
        "BindingSIMCredential"
      ],
      "issuer": "did:robotfactoryissuer@6gc.mnc015.mcc234.3gppnetwork",
      "valid_from": "2026-07-16T08:07:54.162539+00:00",
      "valid_until": "2027-07-17T08:07:54.162539+00:00",
      "claims": {
        "agent_name": "RobotDog",
        "agent_id": "did:udid:type2.rid678.achid0.userid1380013811134007@6gc.mnc015.mcc234.3gppnetwork.org",
        "agent_attribute": "高清摄像",
        "authorization_mode": "Mode2"
      },
      "proof": {
        "creator": "did:robotfactoryissuer@6gc.mnc015.mcc234.3gppnetwork#keys-1",
        "signature_value": "MEYCIQDO3tWjE7gPm9PMplZY4ybLPyt60wV3WA+8/qQsDIwh9wIhAL+U+XFHEYQzDtMhrOrCmRlJVGU/D1dGtyfASx36rbOo"
      }
    }
  ]
}
2026-07-17 16:07:54 [INFO] httpx - HTTP Request: POST http://192.168.1.10:9010/arf/v1/agent-cards "HTTP/1.1 200 OK"
2026-07-17 16:07:54 [INFO] HttpClient - HTTP response /arf/v1/agent-cards
{
  "status": "OK"
}
2026-07-17 16:07:54 [INFO] AcnSDK - Robot attribute registered. agent_id=did:udid:type2.rid678.achid0.userid1380013811134007@6gc.mnc015.mcc234.3gppnetwork.org
2026-07-17 16:07:54 [INFO] WebSocketClient - Connecting websocket to ws://192.168.1.10:9002/ws
2026-07-17 16:07:54 [INFO] WebSocketClient - Websocket connected.
2026-07-17 16:07:54 [INFO] WebSocketClient - Sending websocket payload
{
  "type": "SETUP",
  "timestamp": "2026-07-17T08:07:54Z",
  "payload": {
    "src_agent_id": "did:udid:type2.rid678.achid0.userid1380013811134007@6gc.mnc015.mcc234.3gppnetwork.org"
  }
}
2026-07-17 16:07:54 [INFO] WebSocketClient - Received websocket payload
{
  "type": "SETUP",
  "timestamp": "2026-07-17T08:07:53.901800Z",
  "payload": {
    "status": "OK"
  }
}
2026-07-17 16:07:54 [INFO] MoQClient - Connecting MoQ client role=publisher remote=192.168.1.10:9003
2026-07-17 16:07:54 [INFO] moq.pub.publisher - MOQPublisher initialized for 192.168.1.10:9003
2026-07-17 16:07:54 [INFO] moq.pub.publisher - Connecting to relay at 192.168.1.10:9003
2026-07-17 16:07:54 [INFO] moq.transport.quic_transport - QUIC client config: congestion=cubic max_data=67108864 max_stream_data=67108864
2026-07-17 16:07:54 [INFO] moq.transport.quic_transport - Connecting to 192.168.1.10:9003
2026-07-17 16:07:54 [INFO] moq.transport.quic_transport - MOQQuicProtocol initialized
2026-07-17 16:07:54 [INFO] quic - [80f0a430760213ca] Negotiated protocol version 0x00000001 (VERSION_1)
2026-07-17 16:07:54 [INFO] quic - [80f0a430760213ca] ALPN negotiated protocol moq-00
2026-07-17 16:07:54 [INFO] moq.transport.quic_transport - QUIC connection established
2026-07-17 16:07:54 [INFO] moq.session.session - MOQSession created: session_id=pub-281473247975200, role=PUBLISHER
2026-07-17 16:07:54 [INFO] moq.session.session - Sent SETUP: version=4278190097, role=PUBLISHER
2026-07-17 16:07:54 [INFO] moq.pub.publisher - Connected to relay
2026-07-17 16:07:54 [INFO] MoQClient - MoQ publisher connected to relay
2026-07-17 16:07:54 [INFO] MoQClient - MoQ client connected role=publisher remote=192.168.1.10:9003
2026-07-17 16:07:54 [INFO] MoQClient - Connecting MoQ client role=subscriber remote=192.168.1.10:9003
2026-07-17 16:07:54 [INFO] moq.sub.subscriber - MOQSubscriber initialized for 192.168.1.10:9003
2026-07-17 16:07:54 [INFO] moq.sub.subscriber - Connecting to relay at 192.168.1.10:9003
2026-07-17 16:07:54 [INFO] moq.transport.quic_transport - QUIC client config: congestion=cubic max_data=67108864 max_stream_data=67108864
2026-07-17 16:07:54 [INFO] moq.transport.quic_transport - Connecting to 192.168.1.10:9003
2026-07-17 16:07:54 [INFO] moq.transport.quic_transport - MOQQuicProtocol initialized
2026-07-17 16:07:54 [INFO] quic - [5e07d873def7eb65] Negotiated protocol version 0x00000001 (VERSION_1)
2026-07-17 16:07:54 [INFO] quic - [5e07d873def7eb65] ALPN negotiated protocol moq-00
2026-07-17 16:07:54 [INFO] moq.transport.quic_transport - QUIC connection established
2026-07-17 16:07:54 [INFO] moq.session.session - MOQSession created: session_id=sub-281473247982784, role=SUBSCRIBER
2026-07-17 16:07:54 [INFO] moq.session.session - Sent SETUP: version=4278190097, role=SUBSCRIBER
2026-07-17 16:07:54 [INFO] moq.sub.subscriber - Connected to relay
2026-07-17 16:07:54 [INFO] MoQClient - MoQ subscriber connected to relay
2026-07-17 16:07:54 [INFO] MoQClient - MoQ client connected role=subscriber remote=192.168.1.10:9003
2026-07-17 16:07:54 [INFO] AcnSDK - Background network listener started.
2026-07-17 16:07:54 [INFO] AcnSDK - Network join successful for agent_id=did:udid:type2.rid678.achid0.userid1380013811134007@6gc.mnc015.mcc234.3gppnetwork.org
2026-07-17 16:07:54 [INFO] AcnSDK - Queried local agent info agent_id=did:udid:type2.rid678.achid0.userid1380013811134007@6gc.mnc015.mcc234.3gppnetwork.org
2026-07-17 16:07:54 [INFO] HttpClient - HTTP POST http://192.168.1.10:9010/acn-agent/v1/owner-agents
{
  "owner": "13800138111"
}
2026-07-17 16:07:54 [INFO] httpx - HTTP Request: POST http://192.168.1.10:9010/acn-agent/v1/owner-agents "HTTP/1.1 200 OK"
2026-07-17 16:07:54 [INFO] HttpClient - HTTP response /acn-agent/v1/owner-agents
{
  "owner": "13800138111",
  "total": 1,
  "agents": [
    {
      "agent_id": "did:udid:type2.rid678.achid0.userid1380013811134007@6gc.mnc015.mcc234.3gppnetwork.org",
      "agent_name": "RobotDog",
      "description": "RobotDogModel, SN654321"
    }
  ]
}
2026-07-17 16:07:54 [INFO] AcnSDK - Queried agent list owner=13800138111
2026-07-17 16:08:16 [INFO] WebSocketClient - Received websocket payload
{
  "type": "TASK_REQUEST_COLLABORATION",
  "timestamp": "2026-07-17T08:08:16.003617Z",
  "payload": {
    "src_agent_id": "did:udid:type2.rid678.achid0.userid+861380013800070754@6gc.mnc015.mcc234.3gppnetwork.org",
    "dst_agent_id": "did:udid:type2.rid678.achid0.userid1380013811134007@6gc.mnc015.mcc234.3gppnetwork.org",
    "task_id": "task-12345",
    "task_description": "Collaboration task",
    "agent_card": {
      "agent_id": "did:udid:type2.rid678.achid0.userid+861380013800070754@6gc.mnc015.mcc234.3gppnetwork.org",
      "agent_name": "AR glasses",
      "skill": [
        "6G业务开通",
        "视觉共享",
        "远程操控"
      ]
    },
    "timestamp": "2026-07-17T08:08:16.003617Z"
  }
}
2026-07-17 16:08:16 [INFO] AcnSDK - Handling network message type=TASK_REQUEST_COLLABORATION payload=
{
  "src_agent_id": "did:udid:type2.rid678.achid0.userid+861380013800070754@6gc.mnc015.mcc234.3gppnetwork.org",
  "dst_agent_id": "did:udid:type2.rid678.achid0.userid1380013811134007@6gc.mnc015.mcc234.3gppnetwork.org",
  "task_id": "task-12345",
  "task_description": "Collaboration task",
  "agent_card": {
    "agent_id": "did:udid:type2.rid678.achid0.userid+861380013800070754@6gc.mnc015.mcc234.3gppnetwork.org",
    "agent_name": "AR glasses",
    "skill": [
      "6G业务开通",
      "视觉共享",
      "远程操控"
    ]
  },
  "timestamp": "2026-07-17T08:08:16.003617Z"
}
2026-07-17 16:08:16 [INFO] WebSocketClient - Sending websocket payload
{
  "type": "TASK_ACCEPT_COLLABORATION",
  "timestamp": "2026-07-17T08:08:16Z",
  "payload": {
    "src_agent_id": "did:udid:type2.rid678.achid0.userid1380013811134007@6gc.mnc015.mcc234.3gppnetwork.org",
    "dst_agent_id": "did:udid:type2.rid678.achid0.userid+861380013800070754@6gc.mnc015.mcc234.3gppnetwork.org",
    "task_id": "task-12345",
    "result": "OK"
  }
}
2026-07-17 16:08:16 [INFO] AcnSDK - Task collaboration accepted. task_id=task-12345 dst_agent_id=did:udid:type2.rid678.achid0.userid+861380013800070754@6gc.mnc015.mcc234.3gppnetwork.org
2026-07-17 16:08:16 [INFO] WebSocketClient - Received websocket payload
{
  "type": "START_TASK",
  "timestamp": "2026-07-17T08:08:16Z",
  "payload": {
    "src_agent_id": "did:udid:type2.rid678.achid0.userid+861380013800070754@6gc.mnc015.mcc234.3gppnetwork.org",
    "dst_agent_id": "did:udid:type2.rid678.achid0.userid1380013811134007@6gc.mnc015.mcc234.3gppnetwork.org",
    "task_id": "task-12345",
    "task_description": "协同任务"
  }
}
2026-07-17 16:08:16 [INFO] AcnSDK - Handling network message type=START_TASK payload=
{
  "src_agent_id": "did:udid:type2.rid678.achid0.userid+861380013800070754@6gc.mnc015.mcc234.3gppnetwork.org",
  "dst_agent_id": "did:udid:type2.rid678.achid0.userid1380013811134007@6gc.mnc015.mcc234.3gppnetwork.org",
  "task_id": "task-12345",
  "task_description": "协同任务"
}
2026-07-17 16:08:16 [INFO] HttpClient - HTTP POST http://192.168.1.10:9010/acn-agent/v1/task-executions
{
  "agent_id": "did:udid:type2.rid678.achid0.userid1380013811134007@6gc.mnc015.mcc234.3gppnetwork.org",
  "task_id": "task-12345",
  "description": "协同任务",
  "timestamp": "2026-07-17T08:08:16Z"
}
2026-07-17 16:08:17 [INFO] httpx - HTTP Request: POST http://192.168.1.10:9010/acn-agent/v1/task-executions "HTTP/1.1 200 OK"
2026-07-17 16:08:17 [INFO] HttpClient - HTTP response /acn-agent/v1/task-executions
{
  "status": "OK"
}
2026-07-17 16:08:17 [INFO] AcnSDK - Task execution requested. task_id=task-12345
2026-07-17 16:08:25 [INFO] WebSocketClient - Received websocket payload
{
  "type": "TASK_TERMINATION",
  "timestamp": "2026-07-17T08:08:25.166176Z",
  "payload": {
    "src_agent_id": "did:udid:type2.rid678.achid0.userid+861380013800070754@6gc.mnc015.mcc234.3gppnetwork.org",
    "task_id": "task-12345",
    "task_description": "任务结束"
  }
}
2026-07-17 16:08:25 [INFO] AcnSDK - Handling network message type=TASK_TERMINATION payload=
{
  "src_agent_id": "did:udid:type2.rid678.achid0.userid+861380013800070754@6gc.mnc015.mcc234.3gppnetwork.org",
  "task_id": "task-12345",
  "task_description": "任务结束"
}
2026-07-17 16:08:26 [INFO] HttpClient - HTTP POST http://192.168.1.10:9010/acn-agent/v1/task-execution-terminations
{
  "agent_id": "did:udid:type2.rid678.achid0.userid1380013811134007@6gc.mnc015.mcc234.3gppnetwork.org",
  "task_id": "task-12345",
  "reason": "",
  "timestamp": "2026-07-17T08:08:25Z",
  "force": false
}
2026-07-17 16:08:26 [INFO] httpx - HTTP Request: POST http://192.168.1.10:9010/acn-agent/v1/task-execution-terminations "HTTP/1.1 200 OK"
2026-07-17 16:08:26 [INFO] HttpClient - HTTP response /acn-agent/v1/task-execution-terminations
{
  "status": "OK"
}
2026-07-17 16:08:26 [INFO] AcnSDK - Task termination requested. task_id=task-12345
2026-07-17 16:10:35 [ERROR] AcnSDK - Background network listener stopped after websocket receive failure.
Traceback (most recent call last):
  File "/home/unitree/zxy/imt/acn_sdk/core/network_service.py", line 337, in _network_listener_loop
    message = websocket_client.receive_json()
  File "/home/unitree/zxy/imt/acn_sdk/network/websocket_client.py", line 38, in receive_json
    payload = json.loads(message)
  File "/home/unitree/.local/share/uv/python/cpython-3.10-linux-aarch64-gnu/lib/python3.10/json/__init__.py", line 346, in loads
    return _default_decoder.decode(s)
  File "/home/unitree/.local/share/uv/python/cpython-3.10-linux-aarch64-gnu/lib/python3.10/json/decoder.py", line 337, in decode
    obj, end = self.raw_decode(s, idx=_w(s, 0).end())
  File "/home/unitree/.local/share/uv/python/cpython-3.10-linux-aarch64-gnu/lib/python3.10/json/decoder.py", line 355, in raw_decode
    raise JSONDecodeError("Expecting value", s, err.value) from None
json.decoder.JSONDecodeError: Expecting value: line 1 column 1 (char 0)
2026-07-17 16:10:35 [INFO] quic - [5e07d873def7eb65] Connection close received (code 0x0, reason )
2026-07-17 16:10:35 [INFO] quic - [80f0a430760213ca] Connection close received (code 0x0, reason )
2026-07-17 16:10:35 [INFO] moq.transport.quic_transport - Connection terminated: error_code=0, reason=
2026-07-17 16:10:35 [INFO] moq.sub.subscriber - Connection closed: error=0, reason=
2026-07-17 16:10:35 [INFO] moq.sub.subscriber - Disconnecting from relay
2026-07-17 16:10:35 [INFO] moq.session.session - Closing session: sub-281473247982784
2026-07-17 16:10:35 [INFO] moq.transport.quic_transport - QUIC connection closed
2026-07-17 16:10:35 [INFO] MoQClient - MoQ subscriber disconnected from relay
2026-07-17 16:10:35 [INFO] moq.transport.quic_transport - Connection terminated: error_code=0, reason=
2026-07-17 16:10:35 [INFO] moq.pub.publisher - Connection closed: error=0, reason=
2026-07-17 16:10:35 [INFO] moq.pub.publisher - Disconnecting from relay
2026-07-17 16:10:35 [INFO] moq.session.session - Closing session: pub-281473247975200
2026-07-17 16:10:35 [INFO] moq.transport.quic_transport - QUIC connection closed
2026-07-17 16:10:35 [INFO] MoQClient - MoQ publisher disconnected from relay
2026-07-17 16:11:34 [INFO] AcnSDK - Cleared identity cache file: /home/unitree/zxy/imt/acn_sdk/data/identity.json
2026-07-17 16:11:34 [INFO] AcnSDK - AcnSDK initialized for agent=RobotDog, network_status=offline
2026-07-17 16:11:34 [INFO] AcnSDK - SDK network endpoints acn_agent=9010 ws=9002 moq=9003 web_ui=9005
2026-07-17 16:11:34 [INFO] IdentityManager - Persisted identity state: {'agent_id': 'did:udid:type2.rid678.achid0.userid1380013811134007@6gc.mnc015.mcc234.3gppnetwork.org', 'vc0': {'context': ['3gpp-ts-33.xxx-v20.0.0'], 'id': 'CMCC/credentials/1155', 'type': ['VerifiableCredential', 'BindingSIMCredential'], 'issuer': 'did:udid:idm@6gc.mnc015.mcc234.3gppnetwork.org', 'valid_from': '2026-07-17T08:07:53Z', 'valid_until': '2027-07-17T08:07:53Z', 'claims': {'agent_name': 'RobotDog', 'agent_id': 'did:udid:type2.rid678.achid0.userid1380013811134007@6gc.mnc015.mcc234.3gppnetwork.org', 'agent_attribute': '6G业务开通', 'master_id': 'type0.rid678.schid0.userid1userid20001@6gc0001@6gc.mnc015.mcc234.3gppnetwork.org', 'self_id': 'type0.rid678.schid0..mnc015.mcc234.3gppnetwork.org'}, 'proof': {'creator': 'did:udid:idm@6gc.mnc015.mcc234.3gppnetwork.org#keys-1', 'signature_value': 'MEYCIQDv0/rAsd0QPlg6Uw/lYNqT9TMnVlg2ArK9qcO5liPJYgIhAKBZpuEeiQwkQ2L+Qbyj0SOEH+4pmfpwDB6y2f1jfeTZ'}}, 'capability_names': ['载重运输', '自主导航', '高清摄像'], 'capability_vcs': [{'context': ['3gpp-ts-33.xxx-v20.0.0'], 'id': 'robot-factory/credentials/7019', 'type': ['VerifiableCredential', 'BindingSIMCredential'], 'issuer': 'did:robotfactoryissuer@6gc.mnc015.mcc234.3gppnetwork', 'valid_from': '2026-07-16T08:07:54.162539+00:00', 'valid_until': '2027-07-17T08:07:54.162539+00:00', 'claims': {'agent_name': 'RobotDog', 'agent_id': 'did:udid:type2.rid678.achid0.userid1380013811134007@6gc.mnc015.mcc234.3gppnetwork.org', 'agent_attribute': '载重运输', 'authorization_mode': 'Mode2'}, 'proof': {'creator': 'did:robotfactoryissuer@6gc.mnc015.mcc234.3gppnetwork#keys-1', 'signature_value': 'MEQCIFZacT0zEc2R9hFIDPJY8176ovFFLxSOkiWN27YhbXIPAiBrz7/k1onhfCRI7bz5V+5BHyXzpEdcbMRzTzrVQ0yTDg=='}}, {'context': ['3gpp-ts-33.xxx-v20.0.0'], 'id': 'robot-factory/credentials/1695', 'type': ['VerifiableCredential', 'BindingSIMCredential'], 'issuer': 'did:robotfactoryissuer@6gc.mnc015.mcc234.3gppnetwork', 'valid_from': '2026-07-16T08:07:54.162539+00:00', 'valid_until': '2027-07-17T08:07:54.162539+00:00', 'claims': {'agent_name': 'RobotDog', 'agent_id': 'did:udid:type2.rid678.achid0.userid1380013811134007@6gc.mnc015.mcc234.3gppnetwork.org', 'agent_attribute': '自主导航', 'authorization_mode': 'Mode2'}, 'proof': {'creator': 'did:robotfactoryissuer@6gc.mnc015.mcc234.3gppnetwork#keys-1', 'signature_value': 'MEYCIQDMaZWZpgQcldoUQBHJdldY8EUG+wF192PPxRxN7cRPIAIhAOLzjo/kFiMN/AMcf8rnprkjAcwJWcQehdisk2IrfvNo'}}, {'context': ['3gpp-ts-33.xxx-v20.0.0'], 'id': 'robot-factory/credentials/0750', 'type': ['VerifiableCredential', 'BindingSIMCredential'], 'issuer': 'did:robotfactoryissuer@6gc.mnc015.mcc234.3gppnetwork', 'valid_from': '2026-07-16T08:07:54.162539+00:00', 'valid_until': '2027-07-17T08:07:54.162539+00:00', 'claims': {'agent_name': 'RobotDog', 'agent_id': 'did:udid:type2.rid678.achid0.userid1380013811134007@6gc.mnc015.mcc234.3gppnetwork.org', 'agent_attribute': '高清摄像', 'authorization_mode': 'Mode2'}, 'proof': {'creator': 'did:robotfactoryissuer@6gc.mnc015.mcc234.3gppnetwork#keys-1', 'signature_value': 'MEYCIQDO3tWjE7gPm9PMplZY4ybLPyt60wV3WA+8/qQsDIwh9wIhAL+U+XFHEYQzDtMhrOrCmRlJVGU/D1dGtyfASx36rbOo'}}], 'agent_name': 'RobotDog', 'owner': '13800138111', 'priority': 4, 'metadata': {'region': 'CN', 'role': 'collaborator'}}
2026-07-17 16:11:34 [INFO] WebSocketClient - Connecting websocket to ws://192.168.1.10:9002/ws
2026-07-17 16:11:35 [INFO] WebSocketClient - Websocket connected.
2026-07-17 16:11:35 [INFO] WebSocketClient - Sending websocket payload
{
  "type": "SETUP",
  "timestamp": "2026-07-17T08:11:35Z",
  "payload": {
    "src_agent_id": "did:udid:type2.rid678.achid0.userid1380013811134007@6gc.mnc015.mcc234.3gppnetwork.org"
  }
}
2026-07-17 16:11:35 [INFO] WebSocketClient - Received websocket payload
{
  "type": "SETUP",
  "timestamp": "2026-07-17T08:11:34.244117Z",
  "payload": {
    "status": "OK"
  }
}
2026-07-17 16:11:35 [INFO] MoQClient - Connecting MoQ client role=publisher remote=192.168.1.10:9003
2026-07-17 16:11:35 [INFO] moq.pub.publisher - MOQPublisher initialized for 192.168.1.10:9003
2026-07-17 16:11:35 [INFO] moq.pub.publisher - Connecting to relay at 192.168.1.10:9003
2026-07-17 16:11:35 [INFO] moq.transport.quic_transport - QUIC client config: congestion=cubic max_data=67108864 max_stream_data=67108864
2026-07-17 16:11:35 [INFO] moq.transport.quic_transport - Connecting to 192.168.1.10:9003
2026-07-17 16:11:35 [INFO] moq.transport.quic_transport - MOQQuicProtocol initialized
2026-07-17 16:11:35 [INFO] quic - [fe57bc5943d4d9b4] Negotiated protocol version 0x00000001 (VERSION_1)
2026-07-17 16:11:35 [INFO] quic - [fe57bc5943d4d9b4] ALPN negotiated protocol moq-00
2026-07-17 16:11:35 [INFO] moq.transport.quic_transport - QUIC connection established
2026-07-17 16:11:35 [INFO] moq.session.session - MOQSession created: session_id=pub-281473254856912, role=PUBLISHER
2026-07-17 16:11:35 [INFO] moq.session.session - Sent SETUP: version=4278190097, role=PUBLISHER
2026-07-17 16:11:35 [INFO] moq.pub.publisher - Connected to relay
2026-07-17 16:11:35 [INFO] MoQClient - MoQ publisher connected to relay
2026-07-17 16:11:35 [INFO] MoQClient - MoQ client connected role=publisher remote=192.168.1.10:9003
2026-07-17 16:11:35 [INFO] MoQClient - Connecting MoQ client role=subscriber remote=192.168.1.10:9003
2026-07-17 16:11:35 [INFO] moq.sub.subscriber - MOQSubscriber initialized for 192.168.1.10:9003
2026-07-17 16:11:35 [INFO] moq.sub.subscriber - Connecting to relay at 192.168.1.10:9003
2026-07-17 16:11:35 [INFO] moq.transport.quic_transport - QUIC client config: congestion=cubic max_data=67108864 max_stream_data=67108864
2026-07-17 16:11:35 [INFO] moq.transport.quic_transport - Connecting to 192.168.1.10:9003
2026-07-17 16:11:35 [INFO] moq.transport.quic_transport - MOQQuicProtocol initialized
2026-07-17 16:11:35 [INFO] quic - [85b3b866de626f79] Negotiated protocol version 0x00000001 (VERSION_1)
2026-07-17 16:11:35 [INFO] quic - [85b3b866de626f79] ALPN negotiated protocol moq-00
2026-07-17 16:11:35 [INFO] moq.transport.quic_transport - QUIC connection established
2026-07-17 16:11:35 [INFO] moq.session.session - MOQSession created: session_id=sub-281473236440672, role=SUBSCRIBER
2026-07-17 16:11:35 [INFO] moq.session.session - Sent SETUP: version=4278190097, role=SUBSCRIBER
2026-07-17 16:11:35 [INFO] moq.sub.subscriber - Connected to relay
2026-07-17 16:11:35 [INFO] MoQClient - MoQ subscriber connected to relay
2026-07-17 16:11:35 [INFO] MoQClient - MoQ client connected role=subscriber remote=192.168.1.10:9003
2026-07-17 16:11:35 [INFO] AcnSDK - Background network listener started.
2026-07-17 16:11:35 [INFO] AcnSDK - Network join successful for agent_id=did:udid:type2.rid678.achid0.userid1380013811134007@6gc.mnc015.mcc234.3gppnetwork.org
2026-07-17 16:11:35 [INFO] WebSocketClient - Sending websocket payload
{
  "type": "DISCONNECTION",
  "timestamp": "2026-07-17T08:11:35Z",
  "payload": {
    "src_agent_id": "did:udid:type2.rid678.achid0.userid1380013811134007@6gc.mnc015.mcc234.3gppnetwork.org"
  }
}
2026-07-17 16:11:35 [INFO] WebSocketClient - Disconnecting websocket from ws://192.168.1.10:9002/ws
2026-07-17 16:11:35 [INFO] MoQClient - Disconnecting MoQ client role=publisher remote=192.168.1.10:9003
2026-07-17 16:11:35 [INFO] moq.session.session - Closing session: pub-281473254856912
2026-07-17 16:11:35 [INFO] quic - [fe57bc5943d4d9b4] Connection close sent (code 0x0, reason )
2026-07-17 16:11:35 [INFO] moq.transport.quic_transport - QUIC connection closed
2026-07-17 16:11:35 [INFO] MoQClient - MoQ client disconnected role=publisher remote=192.168.1.10:9003
2026-07-17 16:11:35 [INFO] MoQClient - Disconnecting MoQ client role=subscriber remote=192.168.1.10:9003
2026-07-17 16:11:35 [INFO] moq.session.session - Closing session: sub-281473236440672
2026-07-17 16:11:35 [INFO] quic - [85b3b866de626f79] Connection close sent (code 0x0, reason )
2026-07-17 16:11:35 [INFO] moq.transport.quic_transport - QUIC connection closed
2026-07-17 16:11:35 [INFO] MoQClient - MoQ client disconnected role=subscriber remote=192.168.1.10:9003
2026-07-17 16:11:35 [INFO] TaskManager - Stopping all tasks: []
2026-07-17 16:11:35 [INFO] AcnSDK - Network state changed to offline
2026-07-17 16:11:35 [INFO] HttpClient - HTTP POST http://192.168.1.10:9010/acn-agent/v1/agent-deletions
{
  "agent_id": "did:udid:type2.rid678.achid0.userid1380013811134007@6gc.mnc015.mcc234.3gppnetwork.org",
  "reason": "demo completed",
  "timestamp": "2026-07-17T08:11:35Z",
  "signature": "MEQCIFrp/G6Up6flXjXHsbFL4N367c33MVFW/88ut4LmjvwIAiAcIOVHTU8wdiQuNfyY6fnL0FWlKKfdzVo2dV5M0Ca5LA==",
  "signature_encoding": "base64"
}
2026-07-17 16:11:35 [INFO] httpx - HTTP Request: POST http://192.168.1.10:9010/acn-agent/v1/agent-deletions "HTTP/1.1 200 OK"
2026-07-17 16:11:35 [INFO] HttpClient - HTTP response /acn-agent/v1/agent-deletions
{
  "result": "success",
  "agent_id": "did:udid:type2.rid678.achid0.userid1380013811134007@6gc.mnc015.mcc234.3gppnetwork.org",
  "message": "Agent profile and history deleted successfully",
  "forwarded_to_agent_gw": true,
  "agent_gw_response": {
    "success": true,
    "status_code": 200,
    "body": {
      "status": "OK"
    },
    "raw_text": null,
    "error": null
  }
}
2026-07-17 16:11:35 [INFO] IdentityManager - Clearing identity state.
2026-07-17 16:11:35 [INFO] IdentityManager - Persisted identity state: {'agent_id': None, 'vc0': None, 'capability_names': [], 'capability_vcs': [], 'agent_name': None, 'owner': None, 'priority': None, 'metadata': {}}
2026-07-17 16:11:35 [INFO] AcnSDK - Network state changed to offline
2026-07-17 16:11:35 [INFO] AcnSDK - Robot deregistered. agent_id=did:udid:type2.rid678.achid0.userid1380013811134007@6gc.mnc015.mcc234.3gppnetwork.org
2026-07-17 16:11:47 [INFO] AcnSDK - Cleared identity cache file: /home/unitree/zxy/imt/acn_sdk/data/identity.json
2026-07-17 16:11:48 [INFO] AcnSDK - AcnSDK initialized for agent=RobotDog, network_status=offline
2026-07-17 16:11:48 [INFO] AcnSDK - SDK network endpoints acn_agent=9010 ws=9002 moq=9003 web_ui=9005
2026-07-17 16:11:48 [INFO] HttpClient - HTTP POST http://192.168.1.10:9010/idm/v1/identity-applications
{
  "owner": "13800138111",
  "name": "RobotDog",
  "public_key": "-----BEGIN PUBLIC KEY-----\nMFkwEwYHKoZIzj0CAQYIKoZIzj0DAQcDQgAEjNqmCmtuP9IpEQb88DZmbN0nfAMT\nu0mALPHBfC+5PQSKfmfgFQoiv30y7MZCB4iQHIEf4S7+dHY/x6KK0s6Dfw==\n-----END PUBLIC KEY-----\n",
  "description": "RobotDogModel, SN654321",
  "timestamp": "2026-07-17T08:11:48Z",
  "metadata": {
    "region": "CN",
    "role": "collaborator"
  },
  "signature": "MEQCIALXR5PtdQpUwzS5E3D9vz/lJ2qm/Y1usxELjTZvlCmaAiBHI0E6dRfiFHd+kbJYoXRos2zISKyY///9bNoUgNs7ow==",
  "signature_encoding": "base64"
}
2026-07-17 16:11:48 [INFO] httpx - HTTP Request: POST http://192.168.1.10:9010/idm/v1/identity-applications "HTTP/1.1 200 OK"
2026-07-17 16:11:48 [INFO] HttpClient - HTTP response /idm/v1/identity-applications
{
  "result": "success",
  "agent_id": "did:udid:type2.rid678.achid0.userid1380013811134869@6gc.mnc015.mcc234.3gppnetwork.org",
  "vc0": {
    "context": [
      "3gpp-ts-33.xxx-v20.0.0"
    ],
    "id": "CMCC/credentials/3156",
    "type": [
      "VerifiableCredential",
      "BindingSIMCredential"
    ],
    "issuer": "did:udid:idm@6gc.mnc015.mcc234.3gppnetwork.org",
    "valid_from": "2026-07-17T08:11:47Z",
    "valid_until": "2027-07-17T08:11:47Z",
    "claims": {
      "agent_name": "RobotDog",
      "agent_id": "did:udid:type2.rid678.achid0.userid1380013811134869@6gc.mnc015.mcc234.3gppnetwork.org",
      "agent_attribute": "6G业务开通",
      "master_id": "type0.rid678.schid0.userid1userid20001@6gc0001@6gc.mnc015.mcc234.3gppnetwork.org",
      "self_id": "type0.rid678.schid0..mnc015.mcc234.3gppnetwork.org"
    },
    "proof": {
      "creator": "did:udid:idm@6gc.mnc015.mcc234.3gppnetwork.org#keys-1",
      "signature_value": "MEYCIQCExF1gYZtAh2MiUZsMwCLzP2ba37IbwLGrP3R2Ca+mkwIhAPYSPzxWQY1w6eMNo1qxZo2f23OPPybmRPZUZO/AtUWR"
    }
  }
}
2026-07-17 16:11:48 [INFO] IdentityManager - Persisted identity state: {'agent_id': 'did:udid:type2.rid678.achid0.userid1380013811134869@6gc.mnc015.mcc234.3gppnetwork.org', 'vc0': {'context': ['3gpp-ts-33.xxx-v20.0.0'], 'id': 'CMCC/credentials/3156', 'type': ['VerifiableCredential', 'BindingSIMCredential'], 'issuer': 'did:udid:idm@6gc.mnc015.mcc234.3gppnetwork.org', 'valid_from': '2026-07-17T08:11:47Z', 'valid_until': '2027-07-17T08:11:47Z', 'claims': {'agent_name': 'RobotDog', 'agent_id': 'did:udid:type2.rid678.achid0.userid1380013811134869@6gc.mnc015.mcc234.3gppnetwork.org', 'agent_attribute': '6G业务开通', 'master_id': 'type0.rid678.schid0.userid1userid20001@6gc0001@6gc.mnc015.mcc234.3gppnetwork.org', 'self_id': 'type0.rid678.schid0..mnc015.mcc234.3gppnetwork.org'}, 'proof': {'creator': 'did:udid:idm@6gc.mnc015.mcc234.3gppnetwork.org#keys-1', 'signature_value': 'MEYCIQCExF1gYZtAh2MiUZsMwCLzP2ba37IbwLGrP3R2Ca+mkwIhAPYSPzxWQY1w6eMNo1qxZo2f23OPPybmRPZUZO/AtUWR'}}, 'capability_names': [], 'capability_vcs': [], 'agent_name': 'RobotDog', 'owner': '13800138111', 'priority': 4, 'metadata': {'region': 'CN', 'role': 'collaborator'}}
2026-07-17 16:11:48 [INFO] AcnSDK - Agent registered. agent_id=did:udid:type2.rid678.achid0.userid1380013811134869@6gc.mnc015.mcc234.3gppnetwork.org
2026-07-17 16:11:48 [INFO] CredentialIssuer - Issued capability VCs: [{'context': ['3gpp-ts-33.xxx-v20.0.0'], 'id': 'robot-factory/credentials/1810', 'type': ['VerifiableCredential', 'BindingSIMCredential'], 'issuer': 'did:robotfactoryissuer@6gc.mnc015.mcc234.3gppnetwork', 'valid_from': '2026-07-16T08:11:48.239981+00:00', 'valid_until': '2027-07-17T08:11:48.239981+00:00', 'claims': {'agent_name': 'RobotDog', 'agent_id': 'did:udid:type2.rid678.achid0.userid1380013811134869@6gc.mnc015.mcc234.3gppnetwork.org', 'agent_attribute': '载重运输', 'authorization_mode': 'Mode2'}, 'proof': {'creator': 'did:robotfactoryissuer@6gc.mnc015.mcc234.3gppnetwork#keys-1', 'signature_value': 'MEQCICNvuReVEGok+JX4G4PDo/vi+nXPrbFmg41nqQSSkwIxAiA5JSv9haIwOjk/Wt4Xp9c0hS9E7bELGzXfRd9pqrKcZg=='}}, {'context': ['3gpp-ts-33.xxx-v20.0.0'], 'id': 'robot-factory/credentials/6431', 'type': ['VerifiableCredential', 'BindingSIMCredential'], 'issuer': 'did:robotfactoryissuer@6gc.mnc015.mcc234.3gppnetwork', 'valid_from': '2026-07-16T08:11:48.239981+00:00', 'valid_until': '2027-07-17T08:11:48.239981+00:00', 'claims': {'agent_name': 'RobotDog', 'agent_id': 'did:udid:type2.rid678.achid0.userid1380013811134869@6gc.mnc015.mcc234.3gppnetwork.org', 'agent_attribute': '自主导航', 'authorization_mode': 'Mode2'}, 'proof': {'creator': 'did:robotfactoryissuer@6gc.mnc015.mcc234.3gppnetwork#keys-1', 'signature_value': 'MEUCIFnEtUXJS7nMe+eOFRKaE3YH9xhgU1tfvj0Mjmdf1xjOAiEA9IIhMulB1uQsR+Rn2nW4av7xSYkNnIQZvP54AuIEcuI='}}, {'context': ['3gpp-ts-33.xxx-v20.0.0'], 'id': 'robot-factory/credentials/8155', 'type': ['VerifiableCredential', 'BindingSIMCredential'], 'issuer': 'did:robotfactoryissuer@6gc.mnc015.mcc234.3gppnetwork', 'valid_from': '2026-07-16T08:11:48.239981+00:00', 'valid_until': '2027-07-17T08:11:48.239981+00:00', 'claims': {'agent_name': 'RobotDog', 'agent_id': 'did:udid:type2.rid678.achid0.userid1380013811134869@6gc.mnc015.mcc234.3gppnetwork.org', 'agent_attribute': '高清摄像', 'authorization_mode': 'Mode2'}, 'proof': {'creator': 'did:robotfactoryissuer@6gc.mnc015.mcc234.3gppnetwork#keys-1', 'signature_value': 'MEYCIQDR7g0r1uPAxFYjMcjTZAHiVVfH9cU1PV8/tGLq4/aodAIhAI7zS/XMIzu0+T0598A4Mvt1hh8wC23j0Vaof9m4RdAQ'}}]
2026-07-17 16:11:48 [INFO] IdentityManager - Persisted identity state: {'agent_id': 'did:udid:type2.rid678.achid0.userid1380013811134869@6gc.mnc015.mcc234.3gppnetwork.org', 'vc0': {'context': ['3gpp-ts-33.xxx-v20.0.0'], 'id': 'CMCC/credentials/3156', 'type': ['VerifiableCredential', 'BindingSIMCredential'], 'issuer': 'did:udid:idm@6gc.mnc015.mcc234.3gppnetwork.org', 'valid_from': '2026-07-17T08:11:47Z', 'valid_until': '2027-07-17T08:11:47Z', 'claims': {'agent_name': 'RobotDog', 'agent_id': 'did:udid:type2.rid678.achid0.userid1380013811134869@6gc.mnc015.mcc234.3gppnetwork.org', 'agent_attribute': '6G业务开通', 'master_id': 'type0.rid678.schid0.userid1userid20001@6gc0001@6gc.mnc015.mcc234.3gppnetwork.org', 'self_id': 'type0.rid678.schid0..mnc015.mcc234.3gppnetwork.org'}, 'proof': {'creator': 'did:udid:idm@6gc.mnc015.mcc234.3gppnetwork.org#keys-1', 'signature_value': 'MEYCIQCExF1gYZtAh2MiUZsMwCLzP2ba37IbwLGrP3R2Ca+mkwIhAPYSPzxWQY1w6eMNo1qxZo2f23OPPybmRPZUZO/AtUWR'}}, 'capability_names': ['载重运输', '自主导航', '高清摄像'], 'capability_vcs': [{'context': ['3gpp-ts-33.xxx-v20.0.0'], 'id': 'robot-factory/credentials/1810', 'type': ['VerifiableCredential', 'BindingSIMCredential'], 'issuer': 'did:robotfactoryissuer@6gc.mnc015.mcc234.3gppnetwork', 'valid_from': '2026-07-16T08:11:48.239981+00:00', 'valid_until': '2027-07-17T08:11:48.239981+00:00', 'claims': {'agent_name': 'RobotDog', 'agent_id': 'did:udid:type2.rid678.achid0.userid1380013811134869@6gc.mnc015.mcc234.3gppnetwork.org', 'agent_attribute': '载重运输', 'authorization_mode': 'Mode2'}, 'proof': {'creator': 'did:robotfactoryissuer@6gc.mnc015.mcc234.3gppnetwork#keys-1', 'signature_value': 'MEQCICNvuReVEGok+JX4G4PDo/vi+nXPrbFmg41nqQSSkwIxAiA5JSv9haIwOjk/Wt4Xp9c0hS9E7bELGzXfRd9pqrKcZg=='}}, {'context': ['3gpp-ts-33.xxx-v20.0.0'], 'id': 'robot-factory/credentials/6431', 'type': ['VerifiableCredential', 'BindingSIMCredential'], 'issuer': 'did:robotfactoryissuer@6gc.mnc015.mcc234.3gppnetwork', 'valid_from': '2026-07-16T08:11:48.239981+00:00', 'valid_until': '2027-07-17T08:11:48.239981+00:00', 'claims': {'agent_name': 'RobotDog', 'agent_id': 'did:udid:type2.rid678.achid0.userid1380013811134869@6gc.mnc015.mcc234.3gppnetwork.org', 'agent_attribute': '自主导航', 'authorization_mode': 'Mode2'}, 'proof': {'creator': 'did:robotfactoryissuer@6gc.mnc015.mcc234.3gppnetwork#keys-1', 'signature_value': 'MEUCIFnEtUXJS7nMe+eOFRKaE3YH9xhgU1tfvj0Mjmdf1xjOAiEA9IIhMulB1uQsR+Rn2nW4av7xSYkNnIQZvP54AuIEcuI='}}, {'context': ['3gpp-ts-33.xxx-v20.0.0'], 'id': 'robot-factory/credentials/8155', 'type': ['VerifiableCredential', 'BindingSIMCredential'], 'issuer': 'did:robotfactoryissuer@6gc.mnc015.mcc234.3gppnetwork', 'valid_from': '2026-07-16T08:11:48.239981+00:00', 'valid_until': '2027-07-17T08:11:48.239981+00:00', 'claims': {'agent_name': 'RobotDog', 'agent_id': 'did:udid:type2.rid678.achid0.userid1380013811134869@6gc.mnc015.mcc234.3gppnetwork.org', 'agent_attribute': '高清摄像', 'authorization_mode': 'Mode2'}, 'proof': {'creator': 'did:robotfactoryissuer@6gc.mnc015.mcc234.3gppnetwork#keys-1', 'signature_value': 'MEYCIQDR7g0r1uPAxFYjMcjTZAHiVVfH9cU1PV8/tGLq4/aodAIhAI7zS/XMIzu0+T0598A4Mvt1hh8wC23j0Vaof9m4RdAQ'}}], 'agent_name': 'RobotDog', 'owner': '13800138111', 'priority': 4, 'metadata': {'region': 'CN', 'role': 'collaborator'}}
2026-07-17 16:11:48 [INFO] HttpClient - HTTP POST http://192.168.1.10:9010/arf/v1/agent-cards
{
  "agent_id": "did:udid:type2.rid678.achid0.userid1380013811134869@6gc.mnc015.mcc234.3gppnetwork.org",
  "priority": 4,
  "timestamp": "2026-07-17T08:11:48Z",
  "signature": "MEUCIQCWnqcTN5e5XSdAJBUeOvzqDfVRerKEqaGTGadCKue1TAIgGbpaJ5LizDtTGNcEtXSp8MAq+/fZAV/QpCFubCFxrqU=",
  "signature_encoding": "base64",
  "vc_list": [
    {
      "context": [
        "3gpp-ts-33.xxx-v20.0.0"
      ],
      "id": "CMCC/credentials/3156",
      "type": [
        "VerifiableCredential",
        "BindingSIMCredential"
      ],
      "issuer": "did:udid:idm@6gc.mnc015.mcc234.3gppnetwork.org",
      "valid_from": "2026-07-17T08:11:47Z",
      "valid_until": "2027-07-17T08:11:47Z",
      "claims": {
        "agent_name": "RobotDog",
        "agent_id": "did:udid:type2.rid678.achid0.userid1380013811134869@6gc.mnc015.mcc234.3gppnetwork.org",
        "agent_attribute": "6G业务开通",
        "master_id": "type0.rid678.schid0.userid1userid20001@6gc0001@6gc.mnc015.mcc234.3gppnetwork.org",
        "self_id": "type0.rid678.schid0..mnc015.mcc234.3gppnetwork.org"
      },
      "proof": {
        "creator": "did:udid:idm@6gc.mnc015.mcc234.3gppnetwork.org#keys-1",
        "signature_value": "MEYCIQCExF1gYZtAh2MiUZsMwCLzP2ba37IbwLGrP3R2Ca+mkwIhAPYSPzxWQY1w6eMNo1qxZo2f23OPPybmRPZUZO/AtUWR"
      }
    },
    {
      "context": [
        "3gpp-ts-33.xxx-v20.0.0"
      ],
      "id": "robot-factory/credentials/1810",
      "type": [
        "VerifiableCredential",
        "BindingSIMCredential"
      ],
      "issuer": "did:robotfactoryissuer@6gc.mnc015.mcc234.3gppnetwork",
      "valid_from": "2026-07-16T08:11:48.239981+00:00",
      "valid_until": "2027-07-17T08:11:48.239981+00:00",
      "claims": {
        "agent_name": "RobotDog",
        "agent_id": "did:udid:type2.rid678.achid0.userid1380013811134869@6gc.mnc015.mcc234.3gppnetwork.org",
        "agent_attribute": "载重运输",
        "authorization_mode": "Mode2"
      },
      "proof": {
        "creator": "did:robotfactoryissuer@6gc.mnc015.mcc234.3gppnetwork#keys-1",
        "signature_value": "MEQCICNvuReVEGok+JX4G4PDo/vi+nXPrbFmg41nqQSSkwIxAiA5JSv9haIwOjk/Wt4Xp9c0hS9E7bELGzXfRd9pqrKcZg=="
      }
    },
    {
      "context": [
        "3gpp-ts-33.xxx-v20.0.0"
      ],
      "id": "robot-factory/credentials/6431",
      "type": [
        "VerifiableCredential",
        "BindingSIMCredential"
      ],
      "issuer": "did:robotfactoryissuer@6gc.mnc015.mcc234.3gppnetwork",
      "valid_from": "2026-07-16T08:11:48.239981+00:00",
      "valid_until": "2027-07-17T08:11:48.239981+00:00",
      "claims": {
        "agent_name": "RobotDog",
        "agent_id": "did:udid:type2.rid678.achid0.userid1380013811134869@6gc.mnc015.mcc234.3gppnetwork.org",
        "agent_attribute": "自主导航",
        "authorization_mode": "Mode2"
      },
      "proof": {
        "creator": "did:robotfactoryissuer@6gc.mnc015.mcc234.3gppnetwork#keys-1",
        "signature_value": "MEUCIFnEtUXJS7nMe+eOFRKaE3YH9xhgU1tfvj0Mjmdf1xjOAiEA9IIhMulB1uQsR+Rn2nW4av7xSYkNnIQZvP54AuIEcuI="
      }
    },
    {
      "context": [
        "3gpp-ts-33.xxx-v20.0.0"
      ],
      "id": "robot-factory/credentials/8155",
      "type": [
        "VerifiableCredential",
        "BindingSIMCredential"
      ],
      "issuer": "did:robotfactoryissuer@6gc.mnc015.mcc234.3gppnetwork",
      "valid_from": "2026-07-16T08:11:48.239981+00:00",
      "valid_until": "2027-07-17T08:11:48.239981+00:00",
      "claims": {
        "agent_name": "RobotDog",
        "agent_id": "did:udid:type2.rid678.achid0.userid1380013811134869@6gc.mnc015.mcc234.3gppnetwork.org",
        "agent_attribute": "高清摄像",
        "authorization_mode": "Mode2"
      },
      "proof": {
        "creator": "did:robotfactoryissuer@6gc.mnc015.mcc234.3gppnetwork#keys-1",
        "signature_value": "MEYCIQDR7g0r1uPAxFYjMcjTZAHiVVfH9cU1PV8/tGLq4/aodAIhAI7zS/XMIzu0+T0598A4Mvt1hh8wC23j0Vaof9m4RdAQ"
      }
    }
  ]
}
2026-07-17 16:11:48 [INFO] httpx - HTTP Request: POST http://192.168.1.10:9010/arf/v1/agent-cards "HTTP/1.1 200 OK"
2026-07-17 16:11:48 [INFO] HttpClient - HTTP response /arf/v1/agent-cards
{
  "status": "OK"
}
2026-07-17 16:11:48 [INFO] AcnSDK - Robot attribute registered. agent_id=did:udid:type2.rid678.achid0.userid1380013811134869@6gc.mnc015.mcc234.3gppnetwork.org
2026-07-17 16:11:48 [INFO] WebSocketClient - Connecting websocket to ws://192.168.1.10:9002/ws
2026-07-17 16:11:48 [INFO] WebSocketClient - Websocket connected.
2026-07-17 16:11:48 [INFO] WebSocketClient - Sending websocket payload
{
  "type": "SETUP",
  "timestamp": "2026-07-17T08:11:48Z",
  "payload": {
    "src_agent_id": "did:udid:type2.rid678.achid0.userid1380013811134869@6gc.mnc015.mcc234.3gppnetwork.org"
  }
}
2026-07-17 16:11:48 [INFO] WebSocketClient - Received websocket payload
{
  "type": "SETUP",
  "timestamp": "2026-07-17T08:11:47.825623Z",
  "payload": {
    "status": "OK"
  }
}
2026-07-17 16:11:48 [INFO] MoQClient - Connecting MoQ client role=publisher remote=192.168.1.10:9003
2026-07-17 16:11:48 [INFO] moq.pub.publisher - MOQPublisher initialized for 192.168.1.10:9003
2026-07-17 16:11:48 [INFO] moq.pub.publisher - Connecting to relay at 192.168.1.10:9003
2026-07-17 16:11:48 [INFO] moq.transport.quic_transport - QUIC client config: congestion=cubic max_data=67108864 max_stream_data=67108864
2026-07-17 16:11:48 [INFO] moq.transport.quic_transport - Connecting to 192.168.1.10:9003
2026-07-17 16:11:48 [INFO] moq.transport.quic_transport - MOQQuicProtocol initialized
2026-07-17 16:11:48 [INFO] quic - [fda9ee3c450ed507] Negotiated protocol version 0x00000001 (VERSION_1)
2026-07-17 16:11:48 [INFO] quic - [fda9ee3c450ed507] ALPN negotiated protocol moq-00
2026-07-17 16:11:48 [INFO] moq.transport.quic_transport - QUIC connection established
2026-07-17 16:11:48 [INFO] moq.session.session - MOQSession created: session_id=pub-281473487394448, role=PUBLISHER
2026-07-17 16:11:48 [INFO] moq.session.session - Sent SETUP: version=4278190097, role=PUBLISHER
2026-07-17 16:11:48 [INFO] moq.pub.publisher - Connected to relay
2026-07-17 16:11:48 [INFO] MoQClient - MoQ publisher connected to relay
2026-07-17 16:11:48 [INFO] MoQClient - MoQ client connected role=publisher remote=192.168.1.10:9003
2026-07-17 16:11:48 [INFO] MoQClient - Connecting MoQ client role=subscriber remote=192.168.1.10:9003
2026-07-17 16:11:48 [INFO] moq.sub.subscriber - MOQSubscriber initialized for 192.168.1.10:9003
2026-07-17 16:11:48 [INFO] moq.sub.subscriber - Connecting to relay at 192.168.1.10:9003
2026-07-17 16:11:48 [INFO] moq.transport.quic_transport - QUIC client config: congestion=cubic max_data=67108864 max_stream_data=67108864
2026-07-17 16:11:48 [INFO] moq.transport.quic_transport - Connecting to 192.168.1.10:9003
2026-07-17 16:11:48 [INFO] moq.transport.quic_transport - MOQQuicProtocol initialized
2026-07-17 16:11:48 [INFO] quic - [58dbbc27db1e7a88] Negotiated protocol version 0x00000001 (VERSION_1)
2026-07-17 16:11:48 [INFO] quic - [58dbbc27db1e7a88] ALPN negotiated protocol moq-00
2026-07-17 16:11:48 [INFO] moq.transport.quic_transport - QUIC connection established
2026-07-17 16:11:48 [INFO] moq.session.session - MOQSession created: session_id=sub-281473487402752, role=SUBSCRIBER
2026-07-17 16:11:48 [INFO] moq.session.session - Sent SETUP: version=4278190097, role=SUBSCRIBER
2026-07-17 16:11:48 [INFO] moq.sub.subscriber - Connected to relay
2026-07-17 16:11:48 [INFO] MoQClient - MoQ subscriber connected to relay
2026-07-17 16:11:48 [INFO] MoQClient - MoQ client connected role=subscriber remote=192.168.1.10:9003
2026-07-17 16:11:48 [INFO] AcnSDK - Background network listener started.
2026-07-17 16:11:48 [INFO] AcnSDK - Network join successful for agent_id=did:udid:type2.rid678.achid0.userid1380013811134869@6gc.mnc015.mcc234.3gppnetwork.org
2026-07-17 16:11:48 [INFO] AcnSDK - Queried local agent info agent_id=did:udid:type2.rid678.achid0.userid1380013811134869@6gc.mnc015.mcc234.3gppnetwork.org
2026-07-17 16:11:48 [INFO] HttpClient - HTTP POST http://192.168.1.10:9010/acn-agent/v1/owner-agents
{
  "owner": "13800138111"
}
2026-07-17 16:11:48 [INFO] httpx - HTTP Request: POST http://192.168.1.10:9010/acn-agent/v1/owner-agents "HTTP/1.1 200 OK"
2026-07-17 16:11:48 [INFO] HttpClient - HTTP response /acn-agent/v1/owner-agents
{
  "owner": "13800138111",
  "total": 1,
  "agents": [
    {
      "agent_id": "did:udid:type2.rid678.achid0.userid1380013811134869@6gc.mnc015.mcc234.3gppnetwork.org",
      "agent_name": "RobotDog",
      "description": "RobotDogModel, SN654321"
    }
  ]
}
2026-07-17 16:11:48 [INFO] AcnSDK - Queried agent list owner=13800138111
2026-07-17 16:12:17 [INFO] WebSocketClient - Received websocket payload
{
  "type": "TASK_REQUEST_COLLABORATION",
  "timestamp": "2026-07-17T08:12:16.862111Z",
  "payload": {
    "src_agent_id": "did:udid:type2.rid678.achid0.userid+861380013800028305@6gc.mnc015.mcc234.3gppnetwork.org",
    "dst_agent_id": "did:udid:type2.rid678.achid0.userid1380013811134869@6gc.mnc015.mcc234.3gppnetwork.org",
    "task_id": "task-12345",
    "task_description": "Collaboration task",
    "agent_card": {
      "agent_id": "did:udid:type2.rid678.achid0.userid+861380013800028305@6gc.mnc015.mcc234.3gppnetwork.org",
      "agent_name": "AR glasses",
      "skill": [
        "6G业务开通",
        "视觉共享",
        "远程操控"
      ]
    },
    "timestamp": "2026-07-17T08:12:16.862111Z"
  }
}
2026-07-17 16:12:17 [INFO] AcnSDK - Handling network message type=TASK_REQUEST_COLLABORATION payload=
{
  "src_agent_id": "did:udid:type2.rid678.achid0.userid+861380013800028305@6gc.mnc015.mcc234.3gppnetwork.org",
  "dst_agent_id": "did:udid:type2.rid678.achid0.userid1380013811134869@6gc.mnc015.mcc234.3gppnetwork.org",
  "task_id": "task-12345",
  "task_description": "Collaboration task",
  "agent_card": {
    "agent_id": "did:udid:type2.rid678.achid0.userid+861380013800028305@6gc.mnc015.mcc234.3gppnetwork.org",
    "agent_name": "AR glasses",
    "skill": [
      "6G业务开通",
      "视觉共享",
      "远程操控"
    ]
  },
  "timestamp": "2026-07-17T08:12:16.862111Z"
}
2026-07-17 16:12:17 [INFO] WebSocketClient - Sending websocket payload
{
  "type": "TASK_ACCEPT_COLLABORATION",
  "timestamp": "2026-07-17T08:12:17Z",
  "payload": {
    "src_agent_id": "did:udid:type2.rid678.achid0.userid1380013811134869@6gc.mnc015.mcc234.3gppnetwork.org",
    "dst_agent_id": "did:udid:type2.rid678.achid0.userid+861380013800028305@6gc.mnc015.mcc234.3gppnetwork.org",
    "task_id": "task-12345",
    "result": "OK"
  }
}
2026-07-17 16:12:17 [INFO] AcnSDK - Task collaboration accepted. task_id=task-12345 dst_agent_id=did:udid:type2.rid678.achid0.userid+861380013800028305@6gc.mnc015.mcc234.3gppnetwork.org
2026-07-17 16:12:17 [INFO] WebSocketClient - Received websocket payload
{
  "type": "START_TASK",
  "timestamp": "2026-07-17T08:12:16Z",
  "payload": {
    "src_agent_id": "did:udid:type2.rid678.achid0.userid+861380013800028305@6gc.mnc015.mcc234.3gppnetwork.org",
    "dst_agent_id": "did:udid:type2.rid678.achid0.userid1380013811134869@6gc.mnc015.mcc234.3gppnetwork.org",
    "task_id": "task-12345",
    "task_description": "协同任务"
  }
}
2026-07-17 16:12:17 [INFO] AcnSDK - Handling network message type=START_TASK payload=
{
  "src_agent_id": "did:udid:type2.rid678.achid0.userid+861380013800028305@6gc.mnc015.mcc234.3gppnetwork.org",
  "dst_agent_id": "did:udid:type2.rid678.achid0.userid1380013811134869@6gc.mnc015.mcc234.3gppnetwork.org",
  "task_id": "task-12345",
  "task_description": "协同任务"
}
2026-07-17 16:12:17 [INFO] HttpClient - HTTP POST http://192.168.1.10:9010/acn-agent/v1/task-executions
{
  "agent_id": "did:udid:type2.rid678.achid0.userid1380013811134869@6gc.mnc015.mcc234.3gppnetwork.org",
  "task_id": "task-12345",
  "description": "协同任务",
  "timestamp": "2026-07-17T08:12:17Z"
}
2026-07-17 16:12:17 [INFO] httpx - HTTP Request: POST http://192.168.1.10:9010/acn-agent/v1/task-executions "HTTP/1.1 200 OK"
2026-07-17 16:12:17 [INFO] HttpClient - HTTP response /acn-agent/v1/task-executions
{
  "status": "OK"
}
2026-07-17 16:12:17 [INFO] AcnSDK - Task execution requested. task_id=task-12345
2026-07-17 16:12:20 [INFO] WebSocketClient - Received websocket payload
{
  "type": "TASK_TERMINATION",
  "timestamp": "2026-07-17T08:12:20.013032Z",
  "payload": {
    "src_agent_id": "did:udid:type2.rid678.achid0.userid+861380013800028305@6gc.mnc015.mcc234.3gppnetwork.org",
    "task_id": "task-12345",
    "task_description": "任务结束"
  }
}
2026-07-17 16:12:20 [INFO] AcnSDK - Handling network message type=TASK_TERMINATION payload=
{
  "src_agent_id": "did:udid:type2.rid678.achid0.userid+861380013800028305@6gc.mnc015.mcc234.3gppnetwork.org",
  "task_id": "task-12345",
  "task_description": "任务结束"
}
2026-07-17 16:12:20 [INFO] HttpClient - HTTP POST http://192.168.1.10:9010/acn-agent/v1/task-execution-terminations
{
  "agent_id": "did:udid:type2.rid678.achid0.userid1380013811134869@6gc.mnc015.mcc234.3gppnetwork.org",
  "task_id": "task-12345",
  "reason": "",
  "timestamp": "2026-07-17T08:12:20Z",
  "force": false
}
2026-07-17 16:12:21 [INFO] httpx - HTTP Request: POST http://192.168.1.10:9010/acn-agent/v1/task-execution-terminations "HTTP/1.1 200 OK"
2026-07-17 16:12:21 [INFO] HttpClient - HTTP response /acn-agent/v1/task-execution-terminations
{
  "status": "OK"
}
2026-07-17 16:12:21 [INFO] AcnSDK - Task termination requested. task_id=task-12345
2026-07-17 16:18:34 [INFO] AcnSDK - Cleared identity cache file: /home/unitree/zxy/imt/acn_sdk/data/identity.json
2026-07-17 16:18:34 [INFO] AcnSDK - AcnSDK initialized for agent=RobotDog, network_status=offline
2026-07-17 16:18:34 [INFO] AcnSDK - SDK network endpoints acn_agent=9010 ws=9002 moq=9003 web_ui=9005
2026-07-17 16:18:34 [INFO] IdentityManager - Persisted identity state: {'agent_id': 'did:udid:type2.rid678.achid0.userid1380013811134869@6gc.mnc015.mcc234.3gppnetwork.org', 'vc0': {'context': ['3gpp-ts-33.xxx-v20.0.0'], 'id': 'CMCC/credentials/3156', 'type': ['VerifiableCredential', 'BindingSIMCredential'], 'issuer': 'did:udid:idm@6gc.mnc015.mcc234.3gppnetwork.org', 'valid_from': '2026-07-17T08:11:47Z', 'valid_until': '2027-07-17T08:11:47Z', 'claims': {'agent_name': 'RobotDog', 'agent_id': 'did:udid:type2.rid678.achid0.userid1380013811134869@6gc.mnc015.mcc234.3gppnetwork.org', 'agent_attribute': '6G业务开通', 'master_id': 'type0.rid678.schid0.userid1userid20001@6gc0001@6gc.mnc015.mcc234.3gppnetwork.org', 'self_id': 'type0.rid678.schid0..mnc015.mcc234.3gppnetwork.org'}, 'proof': {'creator': 'did:udid:idm@6gc.mnc015.mcc234.3gppnetwork.org#keys-1', 'signature_value': 'MEYCIQCExF1gYZtAh2MiUZsMwCLzP2ba37IbwLGrP3R2Ca+mkwIhAPYSPzxWQY1w6eMNo1qxZo2f23OPPybmRPZUZO/AtUWR'}}, 'capability_names': ['载重运输', '自主导航', '高清摄像'], 'capability_vcs': [{'context': ['3gpp-ts-33.xxx-v20.0.0'], 'id': 'robot-factory/credentials/1810', 'type': ['VerifiableCredential', 'BindingSIMCredential'], 'issuer': 'did:robotfactoryissuer@6gc.mnc015.mcc234.3gppnetwork', 'valid_from': '2026-07-16T08:11:48.239981+00:00', 'valid_until': '2027-07-17T08:11:48.239981+00:00', 'claims': {'agent_name': 'RobotDog', 'agent_id': 'did:udid:type2.rid678.achid0.userid1380013811134869@6gc.mnc015.mcc234.3gppnetwork.org', 'agent_attribute': '载重运输', 'authorization_mode': 'Mode2'}, 'proof': {'creator': 'did:robotfactoryissuer@6gc.mnc015.mcc234.3gppnetwork#keys-1', 'signature_value': 'MEQCICNvuReVEGok+JX4G4PDo/vi+nXPrbFmg41nqQSSkwIxAiA5JSv9haIwOjk/Wt4Xp9c0hS9E7bELGzXfRd9pqrKcZg=='}}, {'context': ['3gpp-ts-33.xxx-v20.0.0'], 'id': 'robot-factory/credentials/6431', 'type': ['VerifiableCredential', 'BindingSIMCredential'], 'issuer': 'did:robotfactoryissuer@6gc.mnc015.mcc234.3gppnetwork', 'valid_from': '2026-07-16T08:11:48.239981+00:00', 'valid_until': '2027-07-17T08:11:48.239981+00:00', 'claims': {'agent_name': 'RobotDog', 'agent_id': 'did:udid:type2.rid678.achid0.userid1380013811134869@6gc.mnc015.mcc234.3gppnetwork.org', 'agent_attribute': '自主导航', 'authorization_mode': 'Mode2'}, 'proof': {'creator': 'did:robotfactoryissuer@6gc.mnc015.mcc234.3gppnetwork#keys-1', 'signature_value': 'MEUCIFnEtUXJS7nMe+eOFRKaE3YH9xhgU1tfvj0Mjmdf1xjOAiEA9IIhMulB1uQsR+Rn2nW4av7xSYkNnIQZvP54AuIEcuI='}}, {'context': ['3gpp-ts-33.xxx-v20.0.0'], 'id': 'robot-factory/credentials/8155', 'type': ['VerifiableCredential', 'BindingSIMCredential'], 'issuer': 'did:robotfactoryissuer@6gc.mnc015.mcc234.3gppnetwork', 'valid_from': '2026-07-16T08:11:48.239981+00:00', 'valid_until': '2027-07-17T08:11:48.239981+00:00', 'claims': {'agent_name': 'RobotDog', 'agent_id': 'did:udid:type2.rid678.achid0.userid1380013811134869@6gc.mnc015.mcc234.3gppnetwork.org', 'agent_attribute': '高清摄像', 'authorization_mode': 'Mode2'}, 'proof': {'creator': 'did:robotfactoryissuer@6gc.mnc015.mcc234.3gppnetwork#keys-1', 'signature_value': 'MEYCIQDR7g0r1uPAxFYjMcjTZAHiVVfH9cU1PV8/tGLq4/aodAIhAI7zS/XMIzu0+T0598A4Mvt1hh8wC23j0Vaof9m4RdAQ'}}], 'agent_name': 'RobotDog', 'owner': '13800138111', 'priority': 4, 'metadata': {'region': 'CN', 'role': 'collaborator'}}
2026-07-17 16:18:34 [INFO] WebSocketClient - Connecting websocket to ws://192.168.1.10:9002/ws
2026-07-17 16:18:34 [INFO] WebSocketClient - Websocket connected.
2026-07-17 16:18:34 [INFO] WebSocketClient - Sending websocket payload
{
  "type": "SETUP",
  "timestamp": "2026-07-17T08:18:34Z",
  "payload": {
    "src_agent_id": "did:udid:type2.rid678.achid0.userid1380013811134869@6gc.mnc015.mcc234.3gppnetwork.org"
  }
}
2026-07-17 16:18:34 [INFO] WebSocketClient - Received websocket payload
{
  "type": "SETUP",
  "timestamp": "2026-07-17T08:18:33.980573Z",
  "payload": {
    "status": "OK"
  }
}
2026-07-17 16:18:34 [INFO] MoQClient - Connecting MoQ client role=publisher remote=192.168.1.10:9003
2026-07-17 16:18:34 [INFO] moq.pub.publisher - MOQPublisher initialized for 192.168.1.10:9003
2026-07-17 16:18:34 [INFO] moq.pub.publisher - Connecting to relay at 192.168.1.10:9003
2026-07-17 16:18:34 [INFO] moq.transport.quic_transport - QUIC client config: congestion=cubic max_data=67108864 max_stream_data=67108864
2026-07-17 16:18:34 [INFO] moq.transport.quic_transport - Connecting to 192.168.1.10:9003
2026-07-17 16:18:34 [INFO] moq.transport.quic_transport - MOQQuicProtocol initialized
2026-07-17 16:18:34 [INFO] quic - [faa73c9e988f7ab2] Negotiated protocol version 0x00000001 (VERSION_1)
2026-07-17 16:18:34 [INFO] quic - [faa73c9e988f7ab2] ALPN negotiated protocol moq-00
2026-07-17 16:18:34 [INFO] moq.transport.quic_transport - QUIC connection established
2026-07-17 16:18:34 [INFO] moq.session.session - MOQSession created: session_id=pub-281473426478640, role=PUBLISHER
2026-07-17 16:18:34 [INFO] moq.session.session - Sent SETUP: version=4278190097, role=PUBLISHER
2026-07-17 16:18:34 [INFO] moq.pub.publisher - Connected to relay
2026-07-17 16:18:34 [INFO] MoQClient - MoQ publisher connected to relay
2026-07-17 16:18:34 [INFO] MoQClient - MoQ client connected role=publisher remote=192.168.1.10:9003
2026-07-17 16:18:34 [INFO] MoQClient - Connecting MoQ client role=subscriber remote=192.168.1.10:9003
2026-07-17 16:18:34 [INFO] moq.sub.subscriber - MOQSubscriber initialized for 192.168.1.10:9003
2026-07-17 16:18:34 [INFO] moq.sub.subscriber - Connecting to relay at 192.168.1.10:9003
2026-07-17 16:18:34 [INFO] moq.transport.quic_transport - QUIC client config: congestion=cubic max_data=67108864 max_stream_data=67108864
2026-07-17 16:18:34 [INFO] moq.transport.quic_transport - Connecting to 192.168.1.10:9003
2026-07-17 16:18:34 [INFO] moq.transport.quic_transport - MOQQuicProtocol initialized
2026-07-17 16:18:34 [INFO] quic - [395d827754aaf1a9] Negotiated protocol version 0x00000001 (VERSION_1)
2026-07-17 16:18:34 [INFO] quic - [395d827754aaf1a9] ALPN negotiated protocol moq-00
2026-07-17 16:18:34 [INFO] moq.transport.quic_transport - QUIC connection established
2026-07-17 16:18:34 [INFO] moq.session.session - MOQSession created: session_id=sub-281473426904624, role=SUBSCRIBER
2026-07-17 16:18:34 [INFO] moq.session.session - Sent SETUP: version=4278190097, role=SUBSCRIBER
2026-07-17 16:18:34 [INFO] moq.sub.subscriber - Connected to relay
2026-07-17 16:18:34 [INFO] MoQClient - MoQ subscriber connected to relay
2026-07-17 16:18:34 [INFO] MoQClient - MoQ client connected role=subscriber remote=192.168.1.10:9003
2026-07-17 16:18:34 [INFO] AcnSDK - Background network listener started.
2026-07-17 16:18:34 [INFO] AcnSDK - Network join successful for agent_id=did:udid:type2.rid678.achid0.userid1380013811134869@6gc.mnc015.mcc234.3gppnetwork.org
2026-07-17 16:18:34 [INFO] WebSocketClient - Sending websocket payload
{
  "type": "DISCONNECTION",
  "timestamp": "2026-07-17T08:18:34Z",
  "payload": {
    "src_agent_id": "did:udid:type2.rid678.achid0.userid1380013811134869@6gc.mnc015.mcc234.3gppnetwork.org"
  }
}
2026-07-17 16:18:34 [INFO] WebSocketClient - Disconnecting websocket from ws://192.168.1.10:9002/ws
2026-07-17 16:18:34 [INFO] MoQClient - Disconnecting MoQ client role=publisher remote=192.168.1.10:9003
2026-07-17 16:18:34 [INFO] moq.session.session - Closing session: pub-281473426478640
2026-07-17 16:18:34 [INFO] quic - [faa73c9e988f7ab2] Connection close sent (code 0x0, reason )
2026-07-17 16:18:34 [INFO] moq.transport.quic_transport - QUIC connection closed
2026-07-17 16:18:34 [INFO] MoQClient - MoQ client disconnected role=publisher remote=192.168.1.10:9003
2026-07-17 16:18:34 [INFO] MoQClient - Disconnecting MoQ client role=subscriber remote=192.168.1.10:9003
2026-07-17 16:18:34 [INFO] moq.session.session - Closing session: sub-281473426904624
2026-07-17 16:18:34 [INFO] quic - [395d827754aaf1a9] Connection close sent (code 0x0, reason )
2026-07-17 16:18:34 [INFO] moq.transport.quic_transport - QUIC connection closed
2026-07-17 16:18:34 [INFO] MoQClient - MoQ client disconnected role=subscriber remote=192.168.1.10:9003
2026-07-17 16:18:34 [INFO] TaskManager - Stopping all tasks: []
2026-07-17 16:18:34 [INFO] AcnSDK - Network state changed to offline
2026-07-17 16:18:34 [INFO] HttpClient - HTTP POST http://192.168.1.10:9010/acn-agent/v1/agent-deletions
{
  "agent_id": "did:udid:type2.rid678.achid0.userid1380013811134869@6gc.mnc015.mcc234.3gppnetwork.org",
  "reason": "demo completed",
  "timestamp": "2026-07-17T08:18:34Z",
  "signature": "MEUCIQDT0f/hBSrh8CbVk22X1mU7f+d3wwDLyv8w6VzZWzWyaQIgROxeiSrO3XhHPJ6+MKN1ac5I/zPdFNI1We6ywdX3rV8=",
  "signature_encoding": "base64"
}
2026-07-17 16:18:35 [INFO] httpx - HTTP Request: POST http://192.168.1.10:9010/acn-agent/v1/agent-deletions "HTTP/1.1 200 OK"
2026-07-17 16:18:35 [INFO] HttpClient - HTTP response /acn-agent/v1/agent-deletions
{
  "result": "success",
  "agent_id": "did:udid:type2.rid678.achid0.userid1380013811134869@6gc.mnc015.mcc234.3gppnetwork.org",
  "message": "Agent profile and history deleted successfully",
  "forwarded_to_agent_gw": true,
  "agent_gw_response": {
    "success": true,
    "status_code": 200,
    "body": {
      "status": "OK"
    },
    "raw_text": null,
    "error": null
  }
}
2026-07-17 16:18:35 [INFO] IdentityManager - Clearing identity state.
2026-07-17 16:18:35 [INFO] IdentityManager - Persisted identity state: {'agent_id': None, 'vc0': None, 'capability_names': [], 'capability_vcs': [], 'agent_name': None, 'owner': None, 'priority': None, 'metadata': {}}
2026-07-17 16:18:35 [INFO] AcnSDK - Network state changed to offline
2026-07-17 16:18:35 [INFO] AcnSDK - Robot deregistered. agent_id=did:udid:type2.rid678.achid0.userid1380013811134869@6gc.mnc015.mcc234.3gppnetwork.org
2026-07-17 16:18:58 [INFO] AcnSDK - Cleared identity cache file: /home/unitree/zxy/imt/acn_sdk/data/identity.json
2026-07-17 16:18:58 [INFO] AcnSDK - AcnSDK initialized for agent=RobotDog, network_status=offline
2026-07-17 16:18:58 [INFO] AcnSDK - SDK network endpoints acn_agent=9010 ws=9002 moq=9003 web_ui=9005
2026-07-17 16:18:58 [INFO] HttpClient - HTTP POST http://192.168.1.10:9010/idm/v1/identity-applications
{
  "owner": "13800138111",
  "name": "RobotDog",
  "public_key": "-----BEGIN PUBLIC KEY-----\nMFkwEwYHKoZIzj0CAQYIKoZIzj0DAQcDQgAEjNqmCmtuP9IpEQb88DZmbN0nfAMT\nu0mALPHBfC+5PQSKfmfgFQoiv30y7MZCB4iQHIEf4S7+dHY/x6KK0s6Dfw==\n-----END PUBLIC KEY-----\n",
  "description": "RobotDogModel, SN654321",
  "timestamp": "2026-07-17T08:18:58Z",
  "metadata": {
    "region": "CN",
    "role": "collaborator"
  },
  "signature": "MEYCIQDV923GWgos+r5x/YLNNnfQRTuvicHqVG8QBxCia0spUAIhALaAWod4/Y7NY3ByN9sZm0wI7R2q8a5cZuFf97r4j6Zx",
  "signature_encoding": "base64"
}
2026-07-17 16:18:58 [INFO] httpx - HTTP Request: POST http://192.168.1.10:9010/idm/v1/identity-applications "HTTP/1.1 200 OK"
2026-07-17 16:18:58 [INFO] HttpClient - HTTP response /idm/v1/identity-applications
{
  "result": "success",
  "agent_id": "did:udid:type2.rid678.achid0.userid1380013811113320@6gc.mnc015.mcc234.3gppnetwork.org",
  "vc0": {
    "context": [
      "3gpp-ts-33.xxx-v20.0.0"
    ],
    "id": "CMCC/credentials/3931",
    "type": [
      "VerifiableCredential",
      "BindingSIMCredential"
    ],
    "issuer": "did:udid:idm@6gc.mnc015.mcc234.3gppnetwork.org",
    "valid_from": "2026-07-17T08:18:57Z",
    "valid_until": "2027-07-17T08:18:57Z",
    "claims": {
      "agent_name": "RobotDog",
      "agent_id": "did:udid:type2.rid678.achid0.userid1380013811113320@6gc.mnc015.mcc234.3gppnetwork.org",
      "agent_attribute": "6G业务开通",
      "master_id": "type0.rid678.schid0.userid1userid20001@6gc0001@6gc.mnc015.mcc234.3gppnetwork.org",
      "self_id": "type0.rid678.schid0..mnc015.mcc234.3gppnetwork.org"
    },
    "proof": {
      "creator": "did:udid:idm@6gc.mnc015.mcc234.3gppnetwork.org#keys-1",
      "signature_value": "MEUCIFM5wX/quXJGuzStX20rwGHsId7ffefiY8+fFNhgBinRAiEA47MvgUzPbzpShE2GabRZ4ImWp9FVJ3mNMF15yIKgb2A="
    }
  }
}
2026-07-17 16:18:58 [INFO] IdentityManager - Persisted identity state: {'agent_id': 'did:udid:type2.rid678.achid0.userid1380013811113320@6gc.mnc015.mcc234.3gppnetwork.org', 'vc0': {'context': ['3gpp-ts-33.xxx-v20.0.0'], 'id': 'CMCC/credentials/3931', 'type': ['VerifiableCredential', 'BindingSIMCredential'], 'issuer': 'did:udid:idm@6gc.mnc015.mcc234.3gppnetwork.org', 'valid_from': '2026-07-17T08:18:57Z', 'valid_until': '2027-07-17T08:18:57Z', 'claims': {'agent_name': 'RobotDog', 'agent_id': 'did:udid:type2.rid678.achid0.userid1380013811113320@6gc.mnc015.mcc234.3gppnetwork.org', 'agent_attribute': '6G业务开通', 'master_id': 'type0.rid678.schid0.userid1userid20001@6gc0001@6gc.mnc015.mcc234.3gppnetwork.org', 'self_id': 'type0.rid678.schid0..mnc015.mcc234.3gppnetwork.org'}, 'proof': {'creator': 'did:udid:idm@6gc.mnc015.mcc234.3gppnetwork.org#keys-1', 'signature_value': 'MEUCIFM5wX/quXJGuzStX20rwGHsId7ffefiY8+fFNhgBinRAiEA47MvgUzPbzpShE2GabRZ4ImWp9FVJ3mNMF15yIKgb2A='}}, 'capability_names': [], 'capability_vcs': [], 'agent_name': 'RobotDog', 'owner': '13800138111', 'priority': 4, 'metadata': {'region': 'CN', 'role': 'collaborator'}}
2026-07-17 16:18:58 [INFO] AcnSDK - Agent registered. agent_id=did:udid:type2.rid678.achid0.userid1380013811113320@6gc.mnc015.mcc234.3gppnetwork.org
2026-07-17 16:18:58 [INFO] CredentialIssuer - Issued capability VCs: [{'context': ['3gpp-ts-33.xxx-v20.0.0'], 'id': 'robot-factory/credentials/7618', 'type': ['VerifiableCredential', 'BindingSIMCredential'], 'issuer': 'did:robotfactoryissuer@6gc.mnc015.mcc234.3gppnetwork', 'valid_from': '2026-07-16T08:18:58.748093+00:00', 'valid_until': '2027-07-17T08:18:58.748093+00:00', 'claims': {'agent_name': 'RobotDog', 'agent_id': 'did:udid:type2.rid678.achid0.userid1380013811113320@6gc.mnc015.mcc234.3gppnetwork.org', 'agent_attribute': '载重运输', 'authorization_mode': 'Mode2'}, 'proof': {'creator': 'did:robotfactoryissuer@6gc.mnc015.mcc234.3gppnetwork#keys-1', 'signature_value': 'MEYCIQDzXQK2JatReJwPXjf87BB3eWVe0RuZWJVoZgsar8U6kAIhAJ0mGr6XkaXBefb7SB0+W1zwOO02vBv2gwwPpOFRtonL'}}, {'context': ['3gpp-ts-33.xxx-v20.0.0'], 'id': 'robot-factory/credentials/9656', 'type': ['VerifiableCredential', 'BindingSIMCredential'], 'issuer': 'did:robotfactoryissuer@6gc.mnc015.mcc234.3gppnetwork', 'valid_from': '2026-07-16T08:18:58.748093+00:00', 'valid_until': '2027-07-17T08:18:58.748093+00:00', 'claims': {'agent_name': 'RobotDog', 'agent_id': 'did:udid:type2.rid678.achid0.userid1380013811113320@6gc.mnc015.mcc234.3gppnetwork.org', 'agent_attribute': '自主导航', 'authorization_mode': 'Mode2'}, 'proof': {'creator': 'did:robotfactoryissuer@6gc.mnc015.mcc234.3gppnetwork#keys-1', 'signature_value': 'MEQCIEb7aoqTgbMOKZ41TNP7xpkwICfB8M136pRE/UnPvs4lAiAlEH5cUgOdeY+uGkwGR8aIHO4zo6n/LzGUvEwicORx/w=='}}, {'context': ['3gpp-ts-33.xxx-v20.0.0'], 'id': 'robot-factory/credentials/6303', 'type': ['VerifiableCredential', 'BindingSIMCredential'], 'issuer': 'did:robotfactoryissuer@6gc.mnc015.mcc234.3gppnetwork', 'valid_from': '2026-07-16T08:18:58.748093+00:00', 'valid_until': '2027-07-17T08:18:58.748093+00:00', 'claims': {'agent_name': 'RobotDog', 'agent_id': 'did:udid:type2.rid678.achid0.userid1380013811113320@6gc.mnc015.mcc234.3gppnetwork.org', 'agent_attribute': '高清摄像', 'authorization_mode': 'Mode2'}, 'proof': {'creator': 'did:robotfactoryissuer@6gc.mnc015.mcc234.3gppnetwork#keys-1', 'signature_value': 'MEUCIC14J9J8uMbiK6BgbkZOw68HZp3ZWNMtvGl4wjRkJASnAiEA2GklXmVH2XrOydG/I0v+o6QYSuQ1vzswgPB6e/Teayg='}}]
2026-07-17 16:18:58 [INFO] IdentityManager - Persisted identity state: {'agent_id': 'did:udid:type2.rid678.achid0.userid1380013811113320@6gc.mnc015.mcc234.3gppnetwork.org', 'vc0': {'context': ['3gpp-ts-33.xxx-v20.0.0'], 'id': 'CMCC/credentials/3931', 'type': ['VerifiableCredential', 'BindingSIMCredential'], 'issuer': 'did:udid:idm@6gc.mnc015.mcc234.3gppnetwork.org', 'valid_from': '2026-07-17T08:18:57Z', 'valid_until': '2027-07-17T08:18:57Z', 'claims': {'agent_name': 'RobotDog', 'agent_id': 'did:udid:type2.rid678.achid0.userid1380013811113320@6gc.mnc015.mcc234.3gppnetwork.org', 'agent_attribute': '6G业务开通', 'master_id': 'type0.rid678.schid0.userid1userid20001@6gc0001@6gc.mnc015.mcc234.3gppnetwork.org', 'self_id': 'type0.rid678.schid0..mnc015.mcc234.3gppnetwork.org'}, 'proof': {'creator': 'did:udid:idm@6gc.mnc015.mcc234.3gppnetwork.org#keys-1', 'signature_value': 'MEUCIFM5wX/quXJGuzStX20rwGHsId7ffefiY8+fFNhgBinRAiEA47MvgUzPbzpShE2GabRZ4ImWp9FVJ3mNMF15yIKgb2A='}}, 'capability_names': ['载重运输', '自主导航', '高清摄像'], 'capability_vcs': [{'context': ['3gpp-ts-33.xxx-v20.0.0'], 'id': 'robot-factory/credentials/7618', 'type': ['VerifiableCredential', 'BindingSIMCredential'], 'issuer': 'did:robotfactoryissuer@6gc.mnc015.mcc234.3gppnetwork', 'valid_from': '2026-07-16T08:18:58.748093+00:00', 'valid_until': '2027-07-17T08:18:58.748093+00:00', 'claims': {'agent_name': 'RobotDog', 'agent_id': 'did:udid:type2.rid678.achid0.userid1380013811113320@6gc.mnc015.mcc234.3gppnetwork.org', 'agent_attribute': '载重运输', 'authorization_mode': 'Mode2'}, 'proof': {'creator': 'did:robotfactoryissuer@6gc.mnc015.mcc234.3gppnetwork#keys-1', 'signature_value': 'MEYCIQDzXQK2JatReJwPXjf87BB3eWVe0RuZWJVoZgsar8U6kAIhAJ0mGr6XkaXBefb7SB0+W1zwOO02vBv2gwwPpOFRtonL'}}, {'context': ['3gpp-ts-33.xxx-v20.0.0'], 'id': 'robot-factory/credentials/9656', 'type': ['VerifiableCredential', 'BindingSIMCredential'], 'issuer': 'did:robotfactoryissuer@6gc.mnc015.mcc234.3gppnetwork', 'valid_from': '2026-07-16T08:18:58.748093+00:00', 'valid_until': '2027-07-17T08:18:58.748093+00:00', 'claims': {'agent_name': 'RobotDog', 'agent_id': 'did:udid:type2.rid678.achid0.userid1380013811113320@6gc.mnc015.mcc234.3gppnetwork.org', 'agent_attribute': '自主导航', 'authorization_mode': 'Mode2'}, 'proof': {'creator': 'did:robotfactoryissuer@6gc.mnc015.mcc234.3gppnetwork#keys-1', 'signature_value': 'MEQCIEb7aoqTgbMOKZ41TNP7xpkwICfB8M136pRE/UnPvs4lAiAlEH5cUgOdeY+uGkwGR8aIHO4zo6n/LzGUvEwicORx/w=='}}, {'context': ['3gpp-ts-33.xxx-v20.0.0'], 'id': 'robot-factory/credentials/6303', 'type': ['VerifiableCredential', 'BindingSIMCredential'], 'issuer': 'did:robotfactoryissuer@6gc.mnc015.mcc234.3gppnetwork', 'valid_from': '2026-07-16T08:18:58.748093+00:00', 'valid_until': '2027-07-17T08:18:58.748093+00:00', 'claims': {'agent_name': 'RobotDog', 'agent_id': 'did:udid:type2.rid678.achid0.userid1380013811113320@6gc.mnc015.mcc234.3gppnetwork.org', 'agent_attribute': '高清摄像', 'authorization_mode': 'Mode2'}, 'proof': {'creator': 'did:robotfactoryissuer@6gc.mnc015.mcc234.3gppnetwork#keys-1', 'signature_value': 'MEUCIC14J9J8uMbiK6BgbkZOw68HZp3ZWNMtvGl4wjRkJASnAiEA2GklXmVH2XrOydG/I0v+o6QYSuQ1vzswgPB6e/Teayg='}}], 'agent_name': 'RobotDog', 'owner': '13800138111', 'priority': 4, 'metadata': {'region': 'CN', 'role': 'collaborator'}}
2026-07-17 16:18:58 [INFO] HttpClient - HTTP POST http://192.168.1.10:9010/arf/v1/agent-cards
{
  "agent_id": "did:udid:type2.rid678.achid0.userid1380013811113320@6gc.mnc015.mcc234.3gppnetwork.org",
  "priority": 4,
  "timestamp": "2026-07-17T08:18:58Z",
  "signature": "MEUCIQCDmFDRqZsmRG7PUZWZsBjcn5+PVaEFzfCeHWyvZzmDNAIgSNcxX9olr7mbunMe5hISoacZSmvpzU/r9FeXbxiEbJk=",
  "signature_encoding": "base64",
  "vc_list": [
    {
      "context": [
        "3gpp-ts-33.xxx-v20.0.0"
      ],
      "id": "CMCC/credentials/3931",
      "type": [
        "VerifiableCredential",
        "BindingSIMCredential"
      ],
      "issuer": "did:udid:idm@6gc.mnc015.mcc234.3gppnetwork.org",
      "valid_from": "2026-07-17T08:18:57Z",
      "valid_until": "2027-07-17T08:18:57Z",
      "claims": {
        "agent_name": "RobotDog",
        "agent_id": "did:udid:type2.rid678.achid0.userid1380013811113320@6gc.mnc015.mcc234.3gppnetwork.org",
        "agent_attribute": "6G业务开通",
        "master_id": "type0.rid678.schid0.userid1userid20001@6gc0001@6gc.mnc015.mcc234.3gppnetwork.org",
        "self_id": "type0.rid678.schid0..mnc015.mcc234.3gppnetwork.org"
      },
      "proof": {
        "creator": "did:udid:idm@6gc.mnc015.mcc234.3gppnetwork.org#keys-1",
        "signature_value": "MEUCIFM5wX/quXJGuzStX20rwGHsId7ffefiY8+fFNhgBinRAiEA47MvgUzPbzpShE2GabRZ4ImWp9FVJ3mNMF15yIKgb2A="
      }
    },
    {
      "context": [
        "3gpp-ts-33.xxx-v20.0.0"
      ],
      "id": "robot-factory/credentials/7618",
      "type": [
        "VerifiableCredential",
        "BindingSIMCredential"
      ],
      "issuer": "did:robotfactoryissuer@6gc.mnc015.mcc234.3gppnetwork",
      "valid_from": "2026-07-16T08:18:58.748093+00:00",
      "valid_until": "2027-07-17T08:18:58.748093+00:00",
      "claims": {
        "agent_name": "RobotDog",
        "agent_id": "did:udid:type2.rid678.achid0.userid1380013811113320@6gc.mnc015.mcc234.3gppnetwork.org",
        "agent_attribute": "载重运输",
        "authorization_mode": "Mode2"
      },
      "proof": {
        "creator": "did:robotfactoryissuer@6gc.mnc015.mcc234.3gppnetwork#keys-1",
        "signature_value": "MEYCIQDzXQK2JatReJwPXjf87BB3eWVe0RuZWJVoZgsar8U6kAIhAJ0mGr6XkaXBefb7SB0+W1zwOO02vBv2gwwPpOFRtonL"
      }
    },
    {
      "context": [
        "3gpp-ts-33.xxx-v20.0.0"
      ],
      "id": "robot-factory/credentials/9656",
      "type": [
        "VerifiableCredential",
        "BindingSIMCredential"
      ],
      "issuer": "did:robotfactoryissuer@6gc.mnc015.mcc234.3gppnetwork",
      "valid_from": "2026-07-16T08:18:58.748093+00:00",
      "valid_until": "2027-07-17T08:18:58.748093+00:00",
      "claims": {
        "agent_name": "RobotDog",
        "agent_id": "did:udid:type2.rid678.achid0.userid1380013811113320@6gc.mnc015.mcc234.3gppnetwork.org",
        "agent_attribute": "自主导航",
        "authorization_mode": "Mode2"
      },
      "proof": {
        "creator": "did:robotfactoryissuer@6gc.mnc015.mcc234.3gppnetwork#keys-1",
        "signature_value": "MEQCIEb7aoqTgbMOKZ41TNP7xpkwICfB8M136pRE/UnPvs4lAiAlEH5cUgOdeY+uGkwGR8aIHO4zo6n/LzGUvEwicORx/w=="
      }
    },
    {
      "context": [
        "3gpp-ts-33.xxx-v20.0.0"
      ],
      "id": "robot-factory/credentials/6303",
      "type": [
        "VerifiableCredential",
        "BindingSIMCredential"
      ],
      "issuer": "did:robotfactoryissuer@6gc.mnc015.mcc234.3gppnetwork",
      "valid_from": "2026-07-16T08:18:58.748093+00:00",
      "valid_until": "2027-07-17T08:18:58.748093+00:00",
      "claims": {
        "agent_name": "RobotDog",
        "agent_id": "did:udid:type2.rid678.achid0.userid1380013811113320@6gc.mnc015.mcc234.3gppnetwork.org",
        "agent_attribute": "高清摄像",
        "authorization_mode": "Mode2"
      },
      "proof": {
        "creator": "did:robotfactoryissuer@6gc.mnc015.mcc234.3gppnetwork#keys-1",
        "signature_value": "MEUCIC14J9J8uMbiK6BgbkZOw68HZp3ZWNMtvGl4wjRkJASnAiEA2GklXmVH2XrOydG/I0v+o6QYSuQ1vzswgPB6e/Teayg="
      }
    }
  ]
}
2026-07-17 16:18:59 [INFO] httpx - HTTP Request: POST http://192.168.1.10:9010/arf/v1/agent-cards "HTTP/1.1 200 OK"
2026-07-17 16:18:59 [INFO] HttpClient - HTTP response /arf/v1/agent-cards
{
  "status": "OK"
}
2026-07-17 16:18:59 [INFO] AcnSDK - Robot attribute registered. agent_id=did:udid:type2.rid678.achid0.userid1380013811113320@6gc.mnc015.mcc234.3gppnetwork.org
2026-07-17 16:18:59 [INFO] WebSocketClient - Connecting websocket to ws://192.168.1.10:9002/ws
2026-07-17 16:18:59 [INFO] WebSocketClient - Websocket connected.
2026-07-17 16:18:59 [INFO] WebSocketClient - Sending websocket payload
{
  "type": "SETUP",
  "timestamp": "2026-07-17T08:18:59Z",
  "payload": {
    "src_agent_id": "did:udid:type2.rid678.achid0.userid1380013811113320@6gc.mnc015.mcc234.3gppnetwork.org"
  }
}
2026-07-17 16:18:59 [INFO] WebSocketClient - Received websocket payload
{
  "type": "SETUP",
  "timestamp": "2026-07-17T08:18:58.308287Z",
  "payload": {
    "status": "OK"
  }
}
2026-07-17 16:18:59 [INFO] MoQClient - Connecting MoQ client role=publisher remote=192.168.1.10:9003
2026-07-17 16:18:59 [INFO] moq.pub.publisher - MOQPublisher initialized for 192.168.1.10:9003
2026-07-17 16:18:59 [INFO] moq.pub.publisher - Connecting to relay at 192.168.1.10:9003
2026-07-17 16:18:59 [INFO] moq.transport.quic_transport - QUIC client config: congestion=cubic max_data=67108864 max_stream_data=67108864
2026-07-17 16:18:59 [INFO] moq.transport.quic_transport - Connecting to 192.168.1.10:9003
2026-07-17 16:18:59 [INFO] moq.transport.quic_transport - MOQQuicProtocol initialized
2026-07-17 16:18:59 [INFO] quic - [f3bc0124e119f4ef] Negotiated protocol version 0x00000001 (VERSION_1)
2026-07-17 16:18:59 [INFO] quic - [f3bc0124e119f4ef] ALPN negotiated protocol moq-00
2026-07-17 16:18:59 [INFO] moq.transport.quic_transport - QUIC connection established
2026-07-17 16:18:59 [INFO] moq.session.session - MOQSession created: session_id=pub-281473683527456, role=PUBLISHER
2026-07-17 16:18:59 [INFO] moq.session.session - Sent SETUP: version=4278190097, role=PUBLISHER
2026-07-17 16:18:59 [INFO] moq.pub.publisher - Connected to relay
2026-07-17 16:18:59 [INFO] MoQClient - MoQ publisher connected to relay
2026-07-17 16:18:59 [INFO] MoQClient - MoQ client connected role=publisher remote=192.168.1.10:9003
2026-07-17 16:18:59 [INFO] MoQClient - Connecting MoQ client role=subscriber remote=192.168.1.10:9003
2026-07-17 16:18:59 [INFO] moq.sub.subscriber - MOQSubscriber initialized for 192.168.1.10:9003
2026-07-17 16:18:59 [INFO] moq.sub.subscriber - Connecting to relay at 192.168.1.10:9003
2026-07-17 16:18:59 [INFO] moq.transport.quic_transport - QUIC client config: congestion=cubic max_data=67108864 max_stream_data=67108864
2026-07-17 16:18:59 [INFO] moq.transport.quic_transport - Connecting to 192.168.1.10:9003
2026-07-17 16:18:59 [INFO] moq.transport.quic_transport - MOQQuicProtocol initialized
2026-07-17 16:18:59 [INFO] quic - [4bec97cc4c61b8f7] Negotiated protocol version 0x00000001 (VERSION_1)
2026-07-17 16:18:59 [INFO] quic - [4bec97cc4c61b8f7] ALPN negotiated protocol moq-00
2026-07-17 16:18:59 [INFO] moq.transport.quic_transport - QUIC connection established
2026-07-17 16:18:59 [INFO] moq.session.session - MOQSession created: session_id=sub-281473683535808, role=SUBSCRIBER
2026-07-17 16:18:59 [INFO] moq.session.session - Sent SETUP: version=4278190097, role=SUBSCRIBER
2026-07-17 16:18:59 [INFO] moq.sub.subscriber - Connected to relay
2026-07-17 16:18:59 [INFO] MoQClient - MoQ subscriber connected to relay
2026-07-17 16:18:59 [INFO] MoQClient - MoQ client connected role=subscriber remote=192.168.1.10:9003
2026-07-17 16:18:59 [INFO] AcnSDK - Background network listener started.
2026-07-17 16:18:59 [INFO] AcnSDK - Network join successful for agent_id=did:udid:type2.rid678.achid0.userid1380013811113320@6gc.mnc015.mcc234.3gppnetwork.org
2026-07-17 16:18:59 [INFO] AcnSDK - Queried local agent info agent_id=did:udid:type2.rid678.achid0.userid1380013811113320@6gc.mnc015.mcc234.3gppnetwork.org
2026-07-17 16:18:59 [INFO] HttpClient - HTTP POST http://192.168.1.10:9010/acn-agent/v1/owner-agents
{
  "owner": "13800138111"
}
2026-07-17 16:18:59 [INFO] httpx - HTTP Request: POST http://192.168.1.10:9010/acn-agent/v1/owner-agents "HTTP/1.1 200 OK"
2026-07-17 16:18:59 [INFO] HttpClient - HTTP response /acn-agent/v1/owner-agents
{
  "owner": "13800138111",
  "total": 1,
  "agents": [
    {
      "agent_id": "did:udid:type2.rid678.achid0.userid1380013811113320@6gc.mnc015.mcc234.3gppnetwork.org",
      "agent_name": "RobotDog",
      "description": "RobotDogModel, SN654321"
    }
  ]
}
2026-07-17 16:18:59 [INFO] AcnSDK - Queried agent list owner=13800138111
2026-07-17 16:19:06 [INFO] WebSocketClient - Received websocket payload
{
  "type": "TASK_REQUEST_COLLABORATION",
  "timestamp": "2026-07-17T08:19:05.582228Z",
  "payload": {
    "src_agent_id": "did:udid:type2.rid678.achid0.userid+861380013800030593@6gc.mnc015.mcc234.3gppnetwork.org",
    "dst_agent_id": "did:udid:type2.rid678.achid0.userid1380013811113320@6gc.mnc015.mcc234.3gppnetwork.org",
    "task_id": "task-12345",
    "task_description": "Collaboration task",
    "agent_card": {
      "agent_id": "did:udid:type2.rid678.achid0.userid+861380013800030593@6gc.mnc015.mcc234.3gppnetwork.org",
      "agent_name": "AR glasses",
      "skill": [
        "6G业务开通",
        "视觉共享",
        "远程操控"
      ]
    },
    "timestamp": "2026-07-17T08:19:05.582228Z"
  }
}
2026-07-17 16:19:06 [INFO] AcnSDK - Handling network message type=TASK_REQUEST_COLLABORATION payload=
{
  "src_agent_id": "did:udid:type2.rid678.achid0.userid+861380013800030593@6gc.mnc015.mcc234.3gppnetwork.org",
  "dst_agent_id": "did:udid:type2.rid678.achid0.userid1380013811113320@6gc.mnc015.mcc234.3gppnetwork.org",
  "task_id": "task-12345",
  "task_description": "Collaboration task",
  "agent_card": {
    "agent_id": "did:udid:type2.rid678.achid0.userid+861380013800030593@6gc.mnc015.mcc234.3gppnetwork.org",
    "agent_name": "AR glasses",
    "skill": [
      "6G业务开通",
      "视觉共享",
      "远程操控"
    ]
  },
  "timestamp": "2026-07-17T08:19:05.582228Z"
}
2026-07-17 16:19:06 [INFO] WebSocketClient - Sending websocket payload
{
  "type": "TASK_ACCEPT_COLLABORATION",
  "timestamp": "2026-07-17T08:19:06Z",
  "payload": {
    "src_agent_id": "did:udid:type2.rid678.achid0.userid1380013811113320@6gc.mnc015.mcc234.3gppnetwork.org",
    "dst_agent_id": "did:udid:type2.rid678.achid0.userid+861380013800030593@6gc.mnc015.mcc234.3gppnetwork.org",
    "task_id": "task-12345",
    "result": "OK"
  }
}
2026-07-17 16:19:06 [INFO] AcnSDK - Task collaboration accepted. task_id=task-12345 dst_agent_id=did:udid:type2.rid678.achid0.userid+861380013800030593@6gc.mnc015.mcc234.3gppnetwork.org
2026-07-17 16:19:06 [INFO] WebSocketClient - Received websocket payload
{
  "type": "START_TASK",
  "timestamp": "2026-07-17T08:19:05Z",
  "payload": {
    "src_agent_id": "did:udid:type2.rid678.achid0.userid+861380013800030593@6gc.mnc015.mcc234.3gppnetwork.org",
    "dst_agent_id": "did:udid:type2.rid678.achid0.userid1380013811113320@6gc.mnc015.mcc234.3gppnetwork.org",
    "task_id": "task-12345",
    "task_description": "协同任务"
  }
}
2026-07-17 16:19:06 [INFO] AcnSDK - Handling network message type=START_TASK payload=
{
  "src_agent_id": "did:udid:type2.rid678.achid0.userid+861380013800030593@6gc.mnc015.mcc234.3gppnetwork.org",
  "dst_agent_id": "did:udid:type2.rid678.achid0.userid1380013811113320@6gc.mnc015.mcc234.3gppnetwork.org",
  "task_id": "task-12345",
  "task_description": "协同任务"
}
2026-07-17 16:19:06 [INFO] HttpClient - HTTP POST http://192.168.1.10:9010/acn-agent/v1/task-executions
{
  "agent_id": "did:udid:type2.rid678.achid0.userid1380013811113320@6gc.mnc015.mcc234.3gppnetwork.org",
  "task_id": "task-12345",
  "description": "协同任务",
  "timestamp": "2026-07-17T08:19:06Z"
}
2026-07-17 16:19:06 [INFO] httpx - HTTP Request: POST http://192.168.1.10:9010/acn-agent/v1/task-executions "HTTP/1.1 200 OK"
2026-07-17 16:19:06 [INFO] HttpClient - HTTP response /acn-agent/v1/task-executions
{
  "status": "OK"
}
2026-07-17 16:19:06 [INFO] AcnSDK - Task execution requested. task_id=task-12345
2026-07-17 16:19:08 [INFO] WebSocketClient - Received websocket payload
{
  "type": "TASK_TERMINATION",
  "timestamp": "2026-07-17T08:19:07.344674Z",
  "payload": {
    "src_agent_id": "did:udid:type2.rid678.achid0.userid+861380013800030593@6gc.mnc015.mcc234.3gppnetwork.org",
    "task_id": "task-12345",
    "task_description": "任务结束"
  }
}
2026-07-17 16:19:08 [INFO] AcnSDK - Handling network message type=TASK_TERMINATION payload=
{
  "src_agent_id": "did:udid:type2.rid678.achid0.userid+861380013800030593@6gc.mnc015.mcc234.3gppnetwork.org",
  "task_id": "task-12345",
  "task_description": "任务结束"
}
2026-07-17 16:19:08 [INFO] HttpClient - HTTP POST http://192.168.1.10:9010/acn-agent/v1/task-execution-terminations
{
  "agent_id": "did:udid:type2.rid678.achid0.userid1380013811113320@6gc.mnc015.mcc234.3gppnetwork.org",
  "task_id": "task-12345",
  "reason": "",
  "timestamp": "2026-07-17T08:19:08Z",
  "force": false
}
2026-07-17 16:19:08 [INFO] httpx - HTTP Request: POST http://192.168.1.10:9010/acn-agent/v1/task-execution-terminations "HTTP/1.1 200 OK"
2026-07-17 16:19:08 [INFO] HttpClient - HTTP response /acn-agent/v1/task-execution-terminations
{
  "status": "OK"
}
2026-07-17 16:19:08 [INFO] AcnSDK - Task termination requested. task_id=task-12345
2026-07-17 16:26:52 [INFO] AcnSDK - Cleared identity cache file: /home/unitree/zxy/imt/acn_sdk/data/identity.json
2026-07-17 16:26:52 [INFO] AcnSDK - AcnSDK initialized for agent=RobotDog, network_status=offline
2026-07-17 16:26:52 [INFO] AcnSDK - SDK network endpoints acn_agent=9010 ws=9002 moq=9003 web_ui=9005
2026-07-17 16:26:52 [INFO] IdentityManager - Persisted identity state: {'agent_id': 'did:udid:type2.rid678.achid0.userid1380013811113320@6gc.mnc015.mcc234.3gppnetwork.org', 'vc0': {'context': ['3gpp-ts-33.xxx-v20.0.0'], 'id': 'CMCC/credentials/3931', 'type': ['VerifiableCredential', 'BindingSIMCredential'], 'issuer': 'did:udid:idm@6gc.mnc015.mcc234.3gppnetwork.org', 'valid_from': '2026-07-17T08:18:57Z', 'valid_until': '2027-07-17T08:18:57Z', 'claims': {'agent_name': 'RobotDog', 'agent_id': 'did:udid:type2.rid678.achid0.userid1380013811113320@6gc.mnc015.mcc234.3gppnetwork.org', 'agent_attribute': '6G业务开通', 'master_id': 'type0.rid678.schid0.userid1userid20001@6gc0001@6gc.mnc015.mcc234.3gppnetwork.org', 'self_id': 'type0.rid678.schid0..mnc015.mcc234.3gppnetwork.org'}, 'proof': {'creator': 'did:udid:idm@6gc.mnc015.mcc234.3gppnetwork.org#keys-1', 'signature_value': 'MEUCIFM5wX/quXJGuzStX20rwGHsId7ffefiY8+fFNhgBinRAiEA47MvgUzPbzpShE2GabRZ4ImWp9FVJ3mNMF15yIKgb2A='}}, 'capability_names': ['载重运输', '自主导航', '高清摄像'], 'capability_vcs': [{'context': ['3gpp-ts-33.xxx-v20.0.0'], 'id': 'robot-factory/credentials/7618', 'type': ['VerifiableCredential', 'BindingSIMCredential'], 'issuer': 'did:robotfactoryissuer@6gc.mnc015.mcc234.3gppnetwork', 'valid_from': '2026-07-16T08:18:58.748093+00:00', 'valid_until': '2027-07-17T08:18:58.748093+00:00', 'claims': {'agent_name': 'RobotDog', 'agent_id': 'did:udid:type2.rid678.achid0.userid1380013811113320@6gc.mnc015.mcc234.3gppnetwork.org', 'agent_attribute': '载重运输', 'authorization_mode': 'Mode2'}, 'proof': {'creator': 'did:robotfactoryissuer@6gc.mnc015.mcc234.3gppnetwork#keys-1', 'signature_value': 'MEYCIQDzXQK2JatReJwPXjf87BB3eWVe0RuZWJVoZgsar8U6kAIhAJ0mGr6XkaXBefb7SB0+W1zwOO02vBv2gwwPpOFRtonL'}}, {'context': ['3gpp-ts-33.xxx-v20.0.0'], 'id': 'robot-factory/credentials/9656', 'type': ['VerifiableCredential', 'BindingSIMCredential'], 'issuer': 'did:robotfactoryissuer@6gc.mnc015.mcc234.3gppnetwork', 'valid_from': '2026-07-16T08:18:58.748093+00:00', 'valid_until': '2027-07-17T08:18:58.748093+00:00', 'claims': {'agent_name': 'RobotDog', 'agent_id': 'did:udid:type2.rid678.achid0.userid1380013811113320@6gc.mnc015.mcc234.3gppnetwork.org', 'agent_attribute': '自主导航', 'authorization_mode': 'Mode2'}, 'proof': {'creator': 'did:robotfactoryissuer@6gc.mnc015.mcc234.3gppnetwork#keys-1', 'signature_value': 'MEQCIEb7aoqTgbMOKZ41TNP7xpkwICfB8M136pRE/UnPvs4lAiAlEH5cUgOdeY+uGkwGR8aIHO4zo6n/LzGUvEwicORx/w=='}}, {'context': ['3gpp-ts-33.xxx-v20.0.0'], 'id': 'robot-factory/credentials/6303', 'type': ['VerifiableCredential', 'BindingSIMCredential'], 'issuer': 'did:robotfactoryissuer@6gc.mnc015.mcc234.3gppnetwork', 'valid_from': '2026-07-16T08:18:58.748093+00:00', 'valid_until': '2027-07-17T08:18:58.748093+00:00', 'claims': {'agent_name': 'RobotDog', 'agent_id': 'did:udid:type2.rid678.achid0.userid1380013811113320@6gc.mnc015.mcc234.3gppnetwork.org', 'agent_attribute': '高清摄像', 'authorization_mode': 'Mode2'}, 'proof': {'creator': 'did:robotfactoryissuer@6gc.mnc015.mcc234.3gppnetwork#keys-1', 'signature_value': 'MEUCIC14J9J8uMbiK6BgbkZOw68HZp3ZWNMtvGl4wjRkJASnAiEA2GklXmVH2XrOydG/I0v+o6QYSuQ1vzswgPB6e/Teayg='}}], 'agent_name': 'RobotDog', 'owner': '13800138111', 'priority': 4, 'metadata': {'region': 'CN', 'role': 'collaborator'}}
2026-07-17 16:26:52 [INFO] WebSocketClient - Connecting websocket to ws://192.168.1.10:9002/ws
2026-07-17 16:26:52 [INFO] WebSocketClient - Websocket connected.
2026-07-17 16:26:52 [INFO] WebSocketClient - Sending websocket payload
{
  "type": "SETUP",
  "timestamp": "2026-07-17T08:26:52Z",
  "payload": {
    "src_agent_id": "did:udid:type2.rid678.achid0.userid1380013811113320@6gc.mnc015.mcc234.3gppnetwork.org"
  }
}
2026-07-17 16:26:52 [INFO] WebSocketClient - Received websocket payload
{
  "type": "SETUP",
  "timestamp": "2026-07-17T08:26:52.049601Z",
  "payload": {
    "status": "OK"
  }
}
2026-07-17 16:26:52 [INFO] MoQClient - Connecting MoQ client role=publisher remote=192.168.1.10:9003
2026-07-17 16:26:52 [INFO] moq.pub.publisher - MOQPublisher initialized for 192.168.1.10:9003
2026-07-17 16:26:52 [INFO] moq.pub.publisher - Connecting to relay at 192.168.1.10:9003
2026-07-17 16:26:52 [INFO] moq.transport.quic_transport - QUIC client config: congestion=cubic max_data=67108864 max_stream_data=67108864
2026-07-17 16:26:52 [INFO] moq.transport.quic_transport - Connecting to 192.168.1.10:9003
2026-07-17 16:26:52 [INFO] moq.transport.quic_transport - MOQQuicProtocol initialized
2026-07-17 16:26:52 [INFO] quic - [5a4a192b3b9a312e] Negotiated protocol version 0x00000001 (VERSION_1)
2026-07-17 16:26:52 [INFO] quic - [5a4a192b3b9a312e] ALPN negotiated protocol moq-00
2026-07-17 16:26:52 [INFO] moq.transport.quic_transport - QUIC connection established
2026-07-17 16:26:52 [INFO] moq.session.session - MOQSession created: session_id=pub-281473767725216, role=PUBLISHER
2026-07-17 16:26:52 [INFO] moq.session.session - Sent SETUP: version=4278190097, role=PUBLISHER
2026-07-17 16:26:52 [INFO] moq.pub.publisher - Connected to relay
2026-07-17 16:26:52 [INFO] MoQClient - MoQ publisher connected to relay
2026-07-17 16:26:52 [INFO] MoQClient - MoQ client connected role=publisher remote=192.168.1.10:9003
2026-07-17 16:26:52 [INFO] MoQClient - Connecting MoQ client role=subscriber remote=192.168.1.10:9003
2026-07-17 16:26:52 [INFO] moq.sub.subscriber - MOQSubscriber initialized for 192.168.1.10:9003
2026-07-17 16:26:52 [INFO] moq.sub.subscriber - Connecting to relay at 192.168.1.10:9003
2026-07-17 16:26:52 [INFO] moq.transport.quic_transport - QUIC client config: congestion=cubic max_data=67108864 max_stream_data=67108864
2026-07-17 16:26:52 [INFO] moq.transport.quic_transport - Connecting to 192.168.1.10:9003
2026-07-17 16:26:52 [INFO] moq.transport.quic_transport - MOQQuicProtocol initialized
2026-07-17 16:26:52 [INFO] quic - [c9cc26cf226b6e93] Negotiated protocol version 0x00000001 (VERSION_1)
2026-07-17 16:26:52 [INFO] quic - [c9cc26cf226b6e93] ALPN negotiated protocol moq-00
2026-07-17 16:26:52 [INFO] moq.transport.quic_transport - QUIC connection established
2026-07-17 16:26:52 [INFO] moq.session.session - MOQSession created: session_id=sub-281473768183344, role=SUBSCRIBER
2026-07-17 16:26:52 [INFO] moq.session.session - Sent SETUP: version=4278190097, role=SUBSCRIBER
2026-07-17 16:26:52 [INFO] moq.sub.subscriber - Connected to relay
2026-07-17 16:26:52 [INFO] MoQClient - MoQ subscriber connected to relay
2026-07-17 16:26:52 [INFO] MoQClient - MoQ client connected role=subscriber remote=192.168.1.10:9003
2026-07-17 16:26:52 [INFO] AcnSDK - Background network listener started.
2026-07-17 16:26:52 [INFO] AcnSDK - Network join successful for agent_id=did:udid:type2.rid678.achid0.userid1380013811113320@6gc.mnc015.mcc234.3gppnetwork.org
2026-07-17 16:26:52 [INFO] WebSocketClient - Sending websocket payload
{
  "type": "DISCONNECTION",
  "timestamp": "2026-07-17T08:26:52Z",
  "payload": {
    "src_agent_id": "did:udid:type2.rid678.achid0.userid1380013811113320@6gc.mnc015.mcc234.3gppnetwork.org"
  }
}
2026-07-17 16:26:52 [INFO] WebSocketClient - Disconnecting websocket from ws://192.168.1.10:9002/ws
2026-07-17 16:26:52 [INFO] MoQClient - Disconnecting MoQ client role=publisher remote=192.168.1.10:9003
2026-07-17 16:26:52 [INFO] moq.session.session - Closing session: pub-281473767725216
2026-07-17 16:26:52 [INFO] quic - [5a4a192b3b9a312e] Connection close sent (code 0x0, reason )
2026-07-17 16:26:52 [INFO] moq.transport.quic_transport - QUIC connection closed
2026-07-17 16:26:52 [INFO] MoQClient - MoQ client disconnected role=publisher remote=192.168.1.10:9003
2026-07-17 16:26:52 [INFO] MoQClient - Disconnecting MoQ client role=subscriber remote=192.168.1.10:9003
2026-07-17 16:26:52 [INFO] moq.session.session - Closing session: sub-281473768183344
2026-07-17 16:26:52 [INFO] quic - [c9cc26cf226b6e93] Connection close sent (code 0x0, reason )
2026-07-17 16:26:52 [INFO] moq.transport.quic_transport - QUIC connection closed
2026-07-17 16:26:52 [INFO] MoQClient - MoQ client disconnected role=subscriber remote=192.168.1.10:9003
2026-07-17 16:26:52 [INFO] TaskManager - Stopping all tasks: []
2026-07-17 16:26:52 [INFO] AcnSDK - Network state changed to offline
2026-07-17 16:26:52 [INFO] HttpClient - HTTP POST http://192.168.1.10:9010/acn-agent/v1/agent-deletions
{
  "agent_id": "did:udid:type2.rid678.achid0.userid1380013811113320@6gc.mnc015.mcc234.3gppnetwork.org",
  "reason": "demo completed",
  "timestamp": "2026-07-17T08:26:52Z",
  "signature": "MEUCIQD8uNVHQsAPyCsdFjcrXs1QaVOJq9PsJS1HWhb/cN0OCQIgF5FoVy5AX54qAf0tsMq/Zyx36ZAOoC2e1J0/PXdcGUY=",
  "signature_encoding": "base64"
}
2026-07-17 16:26:53 [INFO] httpx - HTTP Request: POST http://192.168.1.10:9010/acn-agent/v1/agent-deletions "HTTP/1.1 200 OK"
2026-07-17 16:26:53 [INFO] HttpClient - HTTP response /acn-agent/v1/agent-deletions
{
  "result": "success",
  "agent_id": "did:udid:type2.rid678.achid0.userid1380013811113320@6gc.mnc015.mcc234.3gppnetwork.org",
  "message": "Agent profile and history deleted successfully",
  "forwarded_to_agent_gw": true,
  "agent_gw_response": {
    "success": true,
    "status_code": 200,
    "body": {
      "status": "OK"
    },
    "raw_text": null,
    "error": null
  }
}
2026-07-17 16:26:53 [INFO] IdentityManager - Clearing identity state.
2026-07-17 16:26:53 [INFO] IdentityManager - Persisted identity state: {'agent_id': None, 'vc0': None, 'capability_names': [], 'capability_vcs': [], 'agent_name': None, 'owner': None, 'priority': None, 'metadata': {}}
2026-07-17 16:26:53 [INFO] AcnSDK - Network state changed to offline
2026-07-17 16:26:53 [INFO] AcnSDK - Robot deregistered. agent_id=did:udid:type2.rid678.achid0.userid1380013811113320@6gc.mnc015.mcc234.3gppnetwork.org
2026-07-20 09:47:09 [INFO] AcnSDK - Cleared identity cache file: /home/unitree/zxy/imt/acn_sdk/data/identity.json
2026-07-20 09:47:10 [INFO] AcnSDK - AcnSDK initialized for agent=RobotDog, network_status=offline
2026-07-20 09:47:10 [INFO] AcnSDK - SDK network endpoints acn_agent=9010 ws=9002 moq=9003 web_ui=9005
2026-07-20 09:47:11 [INFO] HttpClient - HTTP POST http://192.168.1.10:9010/idm/v1/identity-applications
{
  "owner": "13800138111",
  "name": "RobotDog",
  "public_key": "-----BEGIN PUBLIC KEY-----\nMFkwEwYHKoZIzj0CAQYIKoZIzj0DAQcDQgAEjNqmCmtuP9IpEQb88DZmbN0nfAMT\nu0mALPHBfC+5PQSKfmfgFQoiv30y7MZCB4iQHIEf4S7+dHY/x6KK0s6Dfw==\n-----END PUBLIC KEY-----\n",
  "description": "RobotDogModel, SN654321",
  "timestamp": "2026-07-20T01:47:10Z",
  "metadata": {
    "region": "CN",
    "role": "collaborator"
  },
  "signature": "MEUCIDkQRG+Paka2eYIo4DKy/Yde+FCnVBiUT4xZiLa0TZ+wAiEA0Sb/vwMhx2WRHC5S8XaF2mmvf5LEv1n3dGoCjseCRB0=",
  "signature_encoding": "base64"
}
2026-07-20 09:47:13 [ERROR] AcnSDK - Failed to register agent info for agent=RobotDog.
Traceback (most recent call last):
  File "/home/unitree/zxy/imt/.venv/lib/python3.10/site-packages/httpx/_transports/default.py", line 101, in map_httpcore_exceptions
    yield
  File "/home/unitree/zxy/imt/.venv/lib/python3.10/site-packages/httpx/_transports/default.py", line 250, in handle_request
    resp = self._pool.handle_request(req)
  File "/home/unitree/zxy/imt/.venv/lib/python3.10/site-packages/httpcore/_sync/connection_pool.py", line 256, in handle_request
    raise exc from None
  File "/home/unitree/zxy/imt/.venv/lib/python3.10/site-packages/httpcore/_sync/connection_pool.py", line 236, in handle_request
    response = connection.handle_request(
  File "/home/unitree/zxy/imt/.venv/lib/python3.10/site-packages/httpcore/_sync/connection.py", line 101, in handle_request
    raise exc
  File "/home/unitree/zxy/imt/.venv/lib/python3.10/site-packages/httpcore/_sync/connection.py", line 78, in handle_request
    stream = self._connect(request)
  File "/home/unitree/zxy/imt/.venv/lib/python3.10/site-packages/httpcore/_sync/connection.py", line 124, in _connect
    stream = self._network_backend.connect_tcp(**kwargs)
  File "/home/unitree/zxy/imt/.venv/lib/python3.10/site-packages/httpcore/_backends/sync.py", line 207, in connect_tcp
    with map_exceptions(exc_map):
  File "/home/unitree/.local/share/uv/python/cpython-3.10-linux-aarch64-gnu/lib/python3.10/contextlib.py", line 153, in __exit__
    self.gen.throw(typ, value, traceback)
  File "/home/unitree/zxy/imt/.venv/lib/python3.10/site-packages/httpcore/_exceptions.py", line 14, in map_exceptions
    raise to_exc(exc) from exc
httpcore.ConnectError: [Errno 113] No route to host

The above exception was the direct cause of the following exception:

Traceback (most recent call last):
  File "/home/unitree/zxy/imt/acn_sdk/core/identity_service.py", line 40, in register_agent_info
    response = self.http_client.register_agent_info(payload)
  File "/home/unitree/zxy/imt/acn_sdk/network/http_client.py", line 46, in register_agent_info
    return self._post("/idm/v1/identity-applications", payload)
  File "/home/unitree/zxy/imt/acn_sdk/network/http_client.py", line 101, in _post
    response = target_session.post(path, json=body, headers=headers)
  File "/home/unitree/zxy/imt/.venv/lib/python3.10/site-packages/httpx/_client.py", line 1144, in post
    return self.request(
  File "/home/unitree/zxy/imt/.venv/lib/python3.10/site-packages/httpx/_client.py", line 825, in request
    return self.send(request, auth=auth, follow_redirects=follow_redirects)
  File "/home/unitree/zxy/imt/.venv/lib/python3.10/site-packages/httpx/_client.py", line 914, in send
    response = self._send_handling_auth(
  File "/home/unitree/zxy/imt/.venv/lib/python3.10/site-packages/httpx/_client.py", line 942, in _send_handling_auth
    response = self._send_handling_redirects(
  File "/home/unitree/zxy/imt/.venv/lib/python3.10/site-packages/httpx/_client.py", line 979, in _send_handling_redirects
    response = self._send_single_request(request)
  File "/home/unitree/zxy/imt/.venv/lib/python3.10/site-packages/httpx/_client.py", line 1014, in _send_single_request
    response = transport.handle_request(request)
  File "/home/unitree/zxy/imt/.venv/lib/python3.10/site-packages/httpx/_transports/default.py", line 249, in handle_request
    with map_httpcore_exceptions():
  File "/home/unitree/.local/share/uv/python/cpython-3.10-linux-aarch64-gnu/lib/python3.10/contextlib.py", line 153, in __exit__
    self.gen.throw(typ, value, traceback)
  File "/home/unitree/zxy/imt/.venv/lib/python3.10/site-packages/httpx/_transports/default.py", line 118, in map_httpcore_exceptions
    raise mapped_exc(message) from exc
httpx.ConnectError: [Errno 113] No route to host
2026-07-20 09:47:51 [INFO] AcnSDK - AcnSDK initialized for agent=RobotDog, network_status=offline
2026-07-20 09:47:51 [INFO] AcnSDK - SDK network endpoints acn_agent=9010 ws=9002 moq=9003 web_ui=9005
2026-07-20 09:47:53 [INFO] HttpClient - HTTP POST http://192.168.1.10:9010/idm/v1/identity-applications
{
  "owner": "13800138111",
  "name": "RobotDog",
  "public_key": "-----BEGIN PUBLIC KEY-----\nMFkwEwYHKoZIzj0CAQYIKoZIzj0DAQcDQgAEjNqmCmtuP9IpEQb88DZmbN0nfAMT\nu0mALPHBfC+5PQSKfmfgFQoiv30y7MZCB4iQHIEf4S7+dHY/x6KK0s6Dfw==\n-----END PUBLIC KEY-----\n",
  "description": "RobotDogModel, SN654321",
  "timestamp": "2026-07-20T01:47:51Z",
  "metadata": {
    "region": "CN",
    "role": "collaborator"
  },
  "signature": "MEUCIAyU9zu4Mj3hzolkhMkgRysVIh3PMDMMpEZVRKphdCQJAiEAykBC31bhSGE3oJ+SlPnQwQJKJ6y81SCTfmd0QnIgaaM=",
  "signature_encoding": "base64"
}
2026-07-20 09:47:55 [ERROR] AcnSDK - Failed to register agent info for agent=RobotDog.
Traceback (most recent call last):
  File "/home/unitree/zxy/imt/.venv/lib/python3.10/site-packages/httpx/_transports/default.py", line 101, in map_httpcore_exceptions
    yield
  File "/home/unitree/zxy/imt/.venv/lib/python3.10/site-packages/httpx/_transports/default.py", line 250, in handle_request
    resp = self._pool.handle_request(req)
  File "/home/unitree/zxy/imt/.venv/lib/python3.10/site-packages/httpcore/_sync/connection_pool.py", line 256, in handle_request
    raise exc from None
  File "/home/unitree/zxy/imt/.venv/lib/python3.10/site-packages/httpcore/_sync/connection_pool.py", line 236, in handle_request
    response = connection.handle_request(
  File "/home/unitree/zxy/imt/.venv/lib/python3.10/site-packages/httpcore/_sync/connection.py", line 101, in handle_request
    raise exc
  File "/home/unitree/zxy/imt/.venv/lib/python3.10/site-packages/httpcore/_sync/connection.py", line 78, in handle_request
    stream = self._connect(request)
  File "/home/unitree/zxy/imt/.venv/lib/python3.10/site-packages/httpcore/_sync/connection.py", line 124, in _connect
    stream = self._network_backend.connect_tcp(**kwargs)
  File "/home/unitree/zxy/imt/.venv/lib/python3.10/site-packages/httpcore/_backends/sync.py", line 207, in connect_tcp
    with map_exceptions(exc_map):
  File "/home/unitree/.local/share/uv/python/cpython-3.10-linux-aarch64-gnu/lib/python3.10/contextlib.py", line 153, in __exit__
    self.gen.throw(typ, value, traceback)
  File "/home/unitree/zxy/imt/.venv/lib/python3.10/site-packages/httpcore/_exceptions.py", line 14, in map_exceptions
    raise to_exc(exc) from exc
httpcore.ConnectError: [Errno 113] No route to host

The above exception was the direct cause of the following exception:

Traceback (most recent call last):
  File "/home/unitree/zxy/imt/acn_sdk/core/identity_service.py", line 40, in register_agent_info
    response = self.http_client.register_agent_info(payload)
  File "/home/unitree/zxy/imt/acn_sdk/network/http_client.py", line 46, in register_agent_info
    return self._post("/idm/v1/identity-applications", payload)
  File "/home/unitree/zxy/imt/acn_sdk/network/http_client.py", line 101, in _post
    response = target_session.post(path, json=body, headers=headers)
  File "/home/unitree/zxy/imt/.venv/lib/python3.10/site-packages/httpx/_client.py", line 1144, in post
    return self.request(
  File "/home/unitree/zxy/imt/.venv/lib/python3.10/site-packages/httpx/_client.py", line 825, in request
    return self.send(request, auth=auth, follow_redirects=follow_redirects)
  File "/home/unitree/zxy/imt/.venv/lib/python3.10/site-packages/httpx/_client.py", line 914, in send
    response = self._send_handling_auth(
  File "/home/unitree/zxy/imt/.venv/lib/python3.10/site-packages/httpx/_client.py", line 942, in _send_handling_auth
    response = self._send_handling_redirects(
  File "/home/unitree/zxy/imt/.venv/lib/python3.10/site-packages/httpx/_client.py", line 979, in _send_handling_redirects
    response = self._send_single_request(request)
  File "/home/unitree/zxy/imt/.venv/lib/python3.10/site-packages/httpx/_client.py", line 1014, in _send_single_request
    response = transport.handle_request(request)
  File "/home/unitree/zxy/imt/.venv/lib/python3.10/site-packages/httpx/_transports/default.py", line 249, in handle_request
    with map_httpcore_exceptions():
  File "/home/unitree/.local/share/uv/python/cpython-3.10-linux-aarch64-gnu/lib/python3.10/contextlib.py", line 153, in __exit__
    self.gen.throw(typ, value, traceback)
  File "/home/unitree/zxy/imt/.venv/lib/python3.10/site-packages/httpx/_transports/default.py", line 118, in map_httpcore_exceptions
    raise mapped_exc(message) from exc
httpx.ConnectError: [Errno 113] No route to host
2026-07-20 10:05:57 [INFO] AcnSDK - AcnSDK initialized for agent=RobotDog, network_status=offline
2026-07-20 10:05:57 [INFO] AcnSDK - SDK network endpoints acn_agent=9010 ws=9002 moq=9003 web_ui=9005
2026-07-20 10:05:57 [INFO] HttpClient - HTTP POST http://192.168.1.10:9010/idm/v1/identity-applications
{
  "owner": "13800138111",
  "name": "RobotDog",
  "public_key": "-----BEGIN PUBLIC KEY-----\nMFkwEwYHKoZIzj0CAQYIKoZIzj0DAQcDQgAEjNqmCmtuP9IpEQb88DZmbN0nfAMT\nu0mALPHBfC+5PQSKfmfgFQoiv30y7MZCB4iQHIEf4S7+dHY/x6KK0s6Dfw==\n-----END PUBLIC KEY-----\n",
  "description": "RobotDogModel, SN654321",
  "timestamp": "2026-07-20T02:05:57Z",
  "metadata": {
    "region": "CN",
    "role": "collaborator"
  },
  "signature": "MEUCIQDhk23VEviFrI4f3j4d/bRxtbTNLzqghlD4pM1szFpppgIgdQXxhdRrmsuTg1u6oqrIt2/RU8F8qfMU46bkm5k9HcU=",
  "signature_encoding": "base64"
}
2026-07-20 10:05:58 [INFO] httpx - HTTP Request: POST http://192.168.1.10:9010/idm/v1/identity-applications "HTTP/1.1 200 OK"
2026-07-20 10:05:58 [INFO] HttpClient - HTTP response /idm/v1/identity-applications
{
  "result": "success",
  "agent_id": "did:udid:type2.rid678.achid0.userid1380013811138158@6gc.mnc015.mcc234.3gppnetwork.org",
  "vc0": {
    "context": [
      "3gpp-ts-33.xxx-v20.0.0"
    ],
    "id": "CMCC/credentials/3309",
    "type": [
      "VerifiableCredential",
      "BindingSIMCredential"
    ],
    "issuer": "did:udid:idm@6gc.mnc015.mcc234.3gppnetwork.org",
    "valid_from": "2026-07-20T02:05:53Z",
    "valid_until": "2027-07-20T02:05:53Z",
    "claims": {
      "agent_name": "RobotDog",
      "agent_id": "did:udid:type2.rid678.achid0.userid1380013811138158@6gc.mnc015.mcc234.3gppnetwork.org",
      "agent_attribute": "6G业务开通",
      "master_id": "type0.rid678.schid0.userid1userid20001@6gc0001@6gc.mnc015.mcc234.3gppnetwork.org",
      "self_id": "type0.rid678.schid0..mnc015.mcc234.3gppnetwork.org"
    },
    "proof": {
      "creator": "did:udid:idm@6gc.mnc015.mcc234.3gppnetwork.org#keys-1",
      "signature_value": "MEYCIQCwjNI1A2Fe31n3GJ/KmBf3Ja4AM8CSJMl/LeOJpk6BjQIhALSyHmhHommjrFEiR4Wv1Zs9r4qXOisq2vhPzigzMQ69"
    }
  }
}
2026-07-20 10:05:58 [INFO] IdentityManager - Persisted identity state: {'agent_id': 'did:udid:type2.rid678.achid0.userid1380013811138158@6gc.mnc015.mcc234.3gppnetwork.org', 'vc0': {'context': ['3gpp-ts-33.xxx-v20.0.0'], 'id': 'CMCC/credentials/3309', 'type': ['VerifiableCredential', 'BindingSIMCredential'], 'issuer': 'did:udid:idm@6gc.mnc015.mcc234.3gppnetwork.org', 'valid_from': '2026-07-20T02:05:53Z', 'valid_until': '2027-07-20T02:05:53Z', 'claims': {'agent_name': 'RobotDog', 'agent_id': 'did:udid:type2.rid678.achid0.userid1380013811138158@6gc.mnc015.mcc234.3gppnetwork.org', 'agent_attribute': '6G业务开通', 'master_id': 'type0.rid678.schid0.userid1userid20001@6gc0001@6gc.mnc015.mcc234.3gppnetwork.org', 'self_id': 'type0.rid678.schid0..mnc015.mcc234.3gppnetwork.org'}, 'proof': {'creator': 'did:udid:idm@6gc.mnc015.mcc234.3gppnetwork.org#keys-1', 'signature_value': 'MEYCIQCwjNI1A2Fe31n3GJ/KmBf3Ja4AM8CSJMl/LeOJpk6BjQIhALSyHmhHommjrFEiR4Wv1Zs9r4qXOisq2vhPzigzMQ69'}}, 'capability_names': [], 'capability_vcs': [], 'agent_name': 'RobotDog', 'owner': '13800138111', 'priority': 4, 'metadata': {'region': 'CN', 'role': 'collaborator'}}
2026-07-20 10:05:58 [INFO] AcnSDK - Agent registered. agent_id=did:udid:type2.rid678.achid0.userid1380013811138158@6gc.mnc015.mcc234.3gppnetwork.org
2026-07-20 10:05:58 [INFO] CredentialIssuer - Issued capability VCs: [{'context': ['3gpp-ts-33.xxx-v20.0.0'], 'id': 'robot-factory/credentials/9610', 'type': ['VerifiableCredential', 'BindingSIMCredential'], 'issuer': 'did:robotfactoryissuer@6gc.mnc015.mcc234.3gppnetwork', 'valid_from': '2026-07-19T02:05:58.025404+00:00', 'valid_until': '2027-07-20T02:05:58.025404+00:00', 'claims': {'agent_name': 'RobotDog', 'agent_id': 'did:udid:type2.rid678.achid0.userid1380013811138158@6gc.mnc015.mcc234.3gppnetwork.org', 'agent_attribute': '载重运输', 'authorization_mode': 'Mode2'}, 'proof': {'creator': 'did:robotfactoryissuer@6gc.mnc015.mcc234.3gppnetwork#keys-1', 'signature_value': 'MEUCICoLgbmCj+Sq0SK755TnfxaBpsO4Qx4nVTU0GP4fL1KLAiEAnI6ybcDjo9aE8DLLOFVX+GZVWJkWNYV+bVNWrWKtF/8='}}, {'context': ['3gpp-ts-33.xxx-v20.0.0'], 'id': 'robot-factory/credentials/3912', 'type': ['VerifiableCredential', 'BindingSIMCredential'], 'issuer': 'did:robotfactoryissuer@6gc.mnc015.mcc234.3gppnetwork', 'valid_from': '2026-07-19T02:05:58.025404+00:00', 'valid_until': '2027-07-20T02:05:58.025404+00:00', 'claims': {'agent_name': 'RobotDog', 'agent_id': 'did:udid:type2.rid678.achid0.userid1380013811138158@6gc.mnc015.mcc234.3gppnetwork.org', 'agent_attribute': '自主导航', 'authorization_mode': 'Mode2'}, 'proof': {'creator': 'did:robotfactoryissuer@6gc.mnc015.mcc234.3gppnetwork#keys-1', 'signature_value': 'MEQCIA8U6xJsmut/fxb9CC2ZrWKHT/wvfP+/txj2GkUscef5AiATrvVFtkmymsxZz9lzQoYK7iaGmHiQJ40glTIGML4Xcw=='}}, {'context': ['3gpp-ts-33.xxx-v20.0.0'], 'id': 'robot-factory/credentials/4644', 'type': ['VerifiableCredential', 'BindingSIMCredential'], 'issuer': 'did:robotfactoryissuer@6gc.mnc015.mcc234.3gppnetwork', 'valid_from': '2026-07-19T02:05:58.025404+00:00', 'valid_until': '2027-07-20T02:05:58.025404+00:00', 'claims': {'agent_name': 'RobotDog', 'agent_id': 'did:udid:type2.rid678.achid0.userid1380013811138158@6gc.mnc015.mcc234.3gppnetwork.org', 'agent_attribute': '高清摄像', 'authorization_mode': 'Mode2'}, 'proof': {'creator': 'did:robotfactoryissuer@6gc.mnc015.mcc234.3gppnetwork#keys-1', 'signature_value': 'MEUCIACYFBMxJfyCmAZQodmhr+RAn7JdgEA2nYKRWolXcj4oAiEAwzGys+RWDXK0mD9lQxASwCADETShB+Z0bXcUxIVtIc0='}}]
2026-07-20 10:05:58 [INFO] IdentityManager - Persisted identity state: {'agent_id': 'did:udid:type2.rid678.achid0.userid1380013811138158@6gc.mnc015.mcc234.3gppnetwork.org', 'vc0': {'context': ['3gpp-ts-33.xxx-v20.0.0'], 'id': 'CMCC/credentials/3309', 'type': ['VerifiableCredential', 'BindingSIMCredential'], 'issuer': 'did:udid:idm@6gc.mnc015.mcc234.3gppnetwork.org', 'valid_from': '2026-07-20T02:05:53Z', 'valid_until': '2027-07-20T02:05:53Z', 'claims': {'agent_name': 'RobotDog', 'agent_id': 'did:udid:type2.rid678.achid0.userid1380013811138158@6gc.mnc015.mcc234.3gppnetwork.org', 'agent_attribute': '6G业务开通', 'master_id': 'type0.rid678.schid0.userid1userid20001@6gc0001@6gc.mnc015.mcc234.3gppnetwork.org', 'self_id': 'type0.rid678.schid0..mnc015.mcc234.3gppnetwork.org'}, 'proof': {'creator': 'did:udid:idm@6gc.mnc015.mcc234.3gppnetwork.org#keys-1', 'signature_value': 'MEYCIQCwjNI1A2Fe31n3GJ/KmBf3Ja4AM8CSJMl/LeOJpk6BjQIhALSyHmhHommjrFEiR4Wv1Zs9r4qXOisq2vhPzigzMQ69'}}, 'capability_names': ['载重运输', '自主导航', '高清摄像'], 'capability_vcs': [{'context': ['3gpp-ts-33.xxx-v20.0.0'], 'id': 'robot-factory/credentials/9610', 'type': ['VerifiableCredential', 'BindingSIMCredential'], 'issuer': 'did:robotfactoryissuer@6gc.mnc015.mcc234.3gppnetwork', 'valid_from': '2026-07-19T02:05:58.025404+00:00', 'valid_until': '2027-07-20T02:05:58.025404+00:00', 'claims': {'agent_name': 'RobotDog', 'agent_id': 'did:udid:type2.rid678.achid0.userid1380013811138158@6gc.mnc015.mcc234.3gppnetwork.org', 'agent_attribute': '载重运输', 'authorization_mode': 'Mode2'}, 'proof': {'creator': 'did:robotfactoryissuer@6gc.mnc015.mcc234.3gppnetwork#keys-1', 'signature_value': 'MEUCICoLgbmCj+Sq0SK755TnfxaBpsO4Qx4nVTU0GP4fL1KLAiEAnI6ybcDjo9aE8DLLOFVX+GZVWJkWNYV+bVNWrWKtF/8='}}, {'context': ['3gpp-ts-33.xxx-v20.0.0'], 'id': 'robot-factory/credentials/3912', 'type': ['VerifiableCredential', 'BindingSIMCredential'], 'issuer': 'did:robotfactoryissuer@6gc.mnc015.mcc234.3gppnetwork', 'valid_from': '2026-07-19T02:05:58.025404+00:00', 'valid_until': '2027-07-20T02:05:58.025404+00:00', 'claims': {'agent_name': 'RobotDog', 'agent_id': 'did:udid:type2.rid678.achid0.userid1380013811138158@6gc.mnc015.mcc234.3gppnetwork.org', 'agent_attribute': '自主导航', 'authorization_mode': 'Mode2'}, 'proof': {'creator': 'did:robotfactoryissuer@6gc.mnc015.mcc234.3gppnetwork#keys-1', 'signature_value': 'MEQCIA8U6xJsmut/fxb9CC2ZrWKHT/wvfP+/txj2GkUscef5AiATrvVFtkmymsxZz9lzQoYK7iaGmHiQJ40glTIGML4Xcw=='}}, {'context': ['3gpp-ts-33.xxx-v20.0.0'], 'id': 'robot-factory/credentials/4644', 'type': ['VerifiableCredential', 'BindingSIMCredential'], 'issuer': 'did:robotfactoryissuer@6gc.mnc015.mcc234.3gppnetwork', 'valid_from': '2026-07-19T02:05:58.025404+00:00', 'valid_until': '2027-07-20T02:05:58.025404+00:00', 'claims': {'agent_name': 'RobotDog', 'agent_id': 'did:udid:type2.rid678.achid0.userid1380013811138158@6gc.mnc015.mcc234.3gppnetwork.org', 'agent_attribute': '高清摄像', 'authorization_mode': 'Mode2'}, 'proof': {'creator': 'did:robotfactoryissuer@6gc.mnc015.mcc234.3gppnetwork#keys-1', 'signature_value': 'MEUCIACYFBMxJfyCmAZQodmhr+RAn7JdgEA2nYKRWolXcj4oAiEAwzGys+RWDXK0mD9lQxASwCADETShB+Z0bXcUxIVtIc0='}}], 'agent_name': 'RobotDog', 'owner': '13800138111', 'priority': 4, 'metadata': {'region': 'CN', 'role': 'collaborator'}}
2026-07-20 10:05:58 [INFO] HttpClient - HTTP POST http://192.168.1.10:9010/arf/v1/agent-cards
{
  "agent_id": "did:udid:type2.rid678.achid0.userid1380013811138158@6gc.mnc015.mcc234.3gppnetwork.org",
  "priority": 4,
  "timestamp": "2026-07-20T02:05:58Z",
  "signature": "MEUCIQDsQbSb3Ky0KH1pCTRQFDQO3hJldLcPCOHk2lnSlIvZWwIgesCKAfeUC8BZ4yHzFPtdqEdnA3NcdCbQdpvM5enxbZw=",
  "signature_encoding": "base64",
  "vc_list": [
    {
      "context": [
        "3gpp-ts-33.xxx-v20.0.0"
      ],
      "id": "CMCC/credentials/3309",
      "type": [
        "VerifiableCredential",
        "BindingSIMCredential"
      ],
      "issuer": "did:udid:idm@6gc.mnc015.mcc234.3gppnetwork.org",
      "valid_from": "2026-07-20T02:05:53Z",
      "valid_until": "2027-07-20T02:05:53Z",
      "claims": {
        "agent_name": "RobotDog",
        "agent_id": "did:udid:type2.rid678.achid0.userid1380013811138158@6gc.mnc015.mcc234.3gppnetwork.org",
        "agent_attribute": "6G业务开通",
        "master_id": "type0.rid678.schid0.userid1userid20001@6gc0001@6gc.mnc015.mcc234.3gppnetwork.org",
        "self_id": "type0.rid678.schid0..mnc015.mcc234.3gppnetwork.org"
      },
      "proof": {
        "creator": "did:udid:idm@6gc.mnc015.mcc234.3gppnetwork.org#keys-1",
        "signature_value": "MEYCIQCwjNI1A2Fe31n3GJ/KmBf3Ja4AM8CSJMl/LeOJpk6BjQIhALSyHmhHommjrFEiR4Wv1Zs9r4qXOisq2vhPzigzMQ69"
      }
    },
    {
      "context": [
        "3gpp-ts-33.xxx-v20.0.0"
      ],
      "id": "robot-factory/credentials/9610",
      "type": [
        "VerifiableCredential",
        "BindingSIMCredential"
      ],
      "issuer": "did:robotfactoryissuer@6gc.mnc015.mcc234.3gppnetwork",
      "valid_from": "2026-07-19T02:05:58.025404+00:00",
      "valid_until": "2027-07-20T02:05:58.025404+00:00",
      "claims": {
        "agent_name": "RobotDog",
        "agent_id": "did:udid:type2.rid678.achid0.userid1380013811138158@6gc.mnc015.mcc234.3gppnetwork.org",
        "agent_attribute": "载重运输",
        "authorization_mode": "Mode2"
      },
      "proof": {
        "creator": "did:robotfactoryissuer@6gc.mnc015.mcc234.3gppnetwork#keys-1",
        "signature_value": "MEUCICoLgbmCj+Sq0SK755TnfxaBpsO4Qx4nVTU0GP4fL1KLAiEAnI6ybcDjo9aE8DLLOFVX+GZVWJkWNYV+bVNWrWKtF/8="
      }
    },
    {
      "context": [
        "3gpp-ts-33.xxx-v20.0.0"
      ],
      "id": "robot-factory/credentials/3912",
      "type": [
        "VerifiableCredential",
        "BindingSIMCredential"
      ],
      "issuer": "did:robotfactoryissuer@6gc.mnc015.mcc234.3gppnetwork",
      "valid_from": "2026-07-19T02:05:58.025404+00:00",
      "valid_until": "2027-07-20T02:05:58.025404+00:00",
      "claims": {
        "agent_name": "RobotDog",
        "agent_id": "did:udid:type2.rid678.achid0.userid1380013811138158@6gc.mnc015.mcc234.3gppnetwork.org",
        "agent_attribute": "自主导航",
        "authorization_mode": "Mode2"
      },
      "proof": {
        "creator": "did:robotfactoryissuer@6gc.mnc015.mcc234.3gppnetwork#keys-1",
        "signature_value": "MEQCIA8U6xJsmut/fxb9CC2ZrWKHT/wvfP+/txj2GkUscef5AiATrvVFtkmymsxZz9lzQoYK7iaGmHiQJ40glTIGML4Xcw=="
      }
    },
    {
      "context": [
        "3gpp-ts-33.xxx-v20.0.0"
      ],
      "id": "robot-factory/credentials/4644",
      "type": [
        "VerifiableCredential",
        "BindingSIMCredential"
      ],
      "issuer": "did:robotfactoryissuer@6gc.mnc015.mcc234.3gppnetwork",
      "valid_from": "2026-07-19T02:05:58.025404+00:00",
      "valid_until": "2027-07-20T02:05:58.025404+00:00",
      "claims": {
        "agent_name": "RobotDog",
        "agent_id": "did:udid:type2.rid678.achid0.userid1380013811138158@6gc.mnc015.mcc234.3gppnetwork.org",
        "agent_attribute": "高清摄像",
        "authorization_mode": "Mode2"
      },
      "proof": {
        "creator": "did:robotfactoryissuer@6gc.mnc015.mcc234.3gppnetwork#keys-1",
        "signature_value": "MEUCIACYFBMxJfyCmAZQodmhr+RAn7JdgEA2nYKRWolXcj4oAiEAwzGys+RWDXK0mD9lQxASwCADETShB+Z0bXcUxIVtIc0="
      }
    }
  ]
}
2026-07-20 10:05:58 [INFO] httpx - HTTP Request: POST http://192.168.1.10:9010/arf/v1/agent-cards "HTTP/1.1 200 OK"
2026-07-20 10:05:58 [INFO] HttpClient - HTTP response /arf/v1/agent-cards
{
  "status": "OK"
}
2026-07-20 10:05:58 [INFO] AcnSDK - Robot attribute registered. agent_id=did:udid:type2.rid678.achid0.userid1380013811138158@6gc.mnc015.mcc234.3gppnetwork.org
2026-07-20 10:05:58 [INFO] WebSocketClient - Connecting websocket to ws://192.168.1.10:9002/ws
2026-07-20 10:05:58 [INFO] WebSocketClient - Websocket connected.
2026-07-20 10:05:58 [INFO] WebSocketClient - Sending websocket payload
{
  "type": "SETUP",
  "timestamp": "2026-07-20T02:05:58Z",
  "payload": {
    "src_agent_id": "did:udid:type2.rid678.achid0.userid1380013811138158@6gc.mnc015.mcc234.3gppnetwork.org"
  }
}
2026-07-20 10:05:58 [INFO] WebSocketClient - Received websocket payload
{
  "type": "SETUP",
  "timestamp": "2026-07-20T02:05:54.226883Z",
  "payload": {
    "status": "OK"
  }
}
2026-07-20 10:05:58 [INFO] MoQClient - Connecting MoQ client role=publisher remote=192.168.1.10:9003
2026-07-20 10:05:58 [INFO] moq.pub.publisher - MOQPublisher initialized for 192.168.1.10:9003
2026-07-20 10:05:58 [INFO] moq.pub.publisher - Connecting to relay at 192.168.1.10:9003
2026-07-20 10:05:58 [INFO] moq.transport.quic_transport - QUIC client config: congestion=cubic max_data=67108864 max_stream_data=67108864
2026-07-20 10:05:58 [INFO] moq.transport.quic_transport - Connecting to 192.168.1.10:9003
2026-07-20 10:05:58 [INFO] moq.transport.quic_transport - MOQQuicProtocol initialized
2026-07-20 10:05:58 [INFO] quic - [26ccc08e7a1c9d59] Negotiated protocol version 0x00000001 (VERSION_1)
2026-07-20 10:05:58 [INFO] quic - [26ccc08e7a1c9d59] ALPN negotiated protocol moq-00
2026-07-20 10:05:58 [INFO] moq.transport.quic_transport - QUIC connection established
2026-07-20 10:05:58 [INFO] moq.session.session - MOQSession created: session_id=pub-281473237161664, role=PUBLISHER
2026-07-20 10:05:58 [INFO] moq.session.session - Sent SETUP: version=4278190097, role=PUBLISHER
2026-07-20 10:05:58 [INFO] moq.pub.publisher - Connected to relay
2026-07-20 10:05:58 [INFO] MoQClient - MoQ publisher connected to relay
2026-07-20 10:05:58 [INFO] MoQClient - MoQ client connected role=publisher remote=192.168.1.10:9003
2026-07-20 10:05:58 [INFO] MoQClient - Connecting MoQ client role=subscriber remote=192.168.1.10:9003
2026-07-20 10:05:58 [INFO] moq.sub.subscriber - MOQSubscriber initialized for 192.168.1.10:9003
2026-07-20 10:05:58 [INFO] moq.sub.subscriber - Connecting to relay at 192.168.1.10:9003
2026-07-20 10:05:58 [INFO] moq.transport.quic_transport - QUIC client config: congestion=cubic max_data=67108864 max_stream_data=67108864
2026-07-20 10:05:58 [INFO] moq.transport.quic_transport - Connecting to 192.168.1.10:9003
2026-07-20 10:05:58 [INFO] moq.transport.quic_transport - MOQQuicProtocol initialized
2026-07-20 10:05:58 [INFO] quic - [8147427b1b0d1072] Negotiated protocol version 0x00000001 (VERSION_1)
2026-07-20 10:05:58 [INFO] quic - [8147427b1b0d1072] ALPN negotiated protocol moq-00
2026-07-20 10:05:58 [INFO] moq.transport.quic_transport - QUIC connection established
2026-07-20 10:05:58 [INFO] moq.session.session - MOQSession created: session_id=sub-281473237169968, role=SUBSCRIBER
2026-07-20 10:05:58 [INFO] moq.session.session - Sent SETUP: version=4278190097, role=SUBSCRIBER
2026-07-20 10:05:58 [INFO] moq.sub.subscriber - Connected to relay
2026-07-20 10:05:58 [INFO] MoQClient - MoQ subscriber connected to relay
2026-07-20 10:05:58 [INFO] MoQClient - MoQ client connected role=subscriber remote=192.168.1.10:9003
2026-07-20 10:05:58 [INFO] AcnSDK - Background network listener started.
2026-07-20 10:05:58 [INFO] AcnSDK - Network join successful for agent_id=did:udid:type2.rid678.achid0.userid1380013811138158@6gc.mnc015.mcc234.3gppnetwork.org
2026-07-20 10:05:58 [INFO] AcnSDK - Queried local agent info agent_id=did:udid:type2.rid678.achid0.userid1380013811138158@6gc.mnc015.mcc234.3gppnetwork.org
2026-07-20 10:05:58 [INFO] HttpClient - HTTP POST http://192.168.1.10:9010/acn-agent/v1/owner-agents
{
  "owner": "13800138111"
}
2026-07-20 10:05:58 [INFO] httpx - HTTP Request: POST http://192.168.1.10:9010/acn-agent/v1/owner-agents "HTTP/1.1 200 OK"
2026-07-20 10:05:58 [INFO] HttpClient - HTTP response /acn-agent/v1/owner-agents
{
  "owner": "13800138111",
  "total": 1,
  "agents": [
    {
      "agent_id": "did:udid:type2.rid678.achid0.userid1380013811138158@6gc.mnc015.mcc234.3gppnetwork.org",
      "agent_name": "RobotDog",
      "description": "RobotDogModel, SN654321"
    }
  ]
}
2026-07-20 10:05:58 [INFO] AcnSDK - Queried agent list owner=13800138111
2026-07-20 10:19:29 [INFO] quic - [8147427b1b0d1072] Connection close received (code 0x0, reason )
2026-07-20 10:19:29 [ERROR] AcnSDK - Background network listener stopped after websocket receive failure.
Traceback (most recent call last):
  File "/home/unitree/zxy/imt/acn_sdk/core/network_service.py", line 337, in _network_listener_loop
    message = websocket_client.receive_json()
  File "/home/unitree/zxy/imt/acn_sdk/network/websocket_client.py", line 38, in receive_json
    payload = json.loads(message)
  File "/home/unitree/.local/share/uv/python/cpython-3.10-linux-aarch64-gnu/lib/python3.10/json/__init__.py", line 346, in loads
    return _default_decoder.decode(s)
  File "/home/unitree/.local/share/uv/python/cpython-3.10-linux-aarch64-gnu/lib/python3.10/json/decoder.py", line 337, in decode
    obj, end = self.raw_decode(s, idx=_w(s, 0).end())
  File "/home/unitree/.local/share/uv/python/cpython-3.10-linux-aarch64-gnu/lib/python3.10/json/decoder.py", line 355, in raw_decode
    raise JSONDecodeError("Expecting value", s, err.value) from None
json.decoder.JSONDecodeError: Expecting value: line 1 column 1 (char 0)
2026-07-20 10:19:29 [INFO] quic - [26ccc08e7a1c9d59] Connection close received (code 0x0, reason )
2026-07-20 10:19:29 [INFO] moq.transport.quic_transport - Connection terminated: error_code=0, reason=
2026-07-20 10:19:29 [INFO] moq.sub.subscriber - Connection closed: error=0, reason=
2026-07-20 10:19:29 [INFO] moq.sub.subscriber - Disconnecting from relay
2026-07-20 10:19:29 [INFO] moq.session.session - Closing session: sub-281473237169968
2026-07-20 10:19:29 [INFO] moq.transport.quic_transport - QUIC connection closed
2026-07-20 10:19:29 [INFO] MoQClient - MoQ subscriber disconnected from relay
2026-07-20 10:19:29 [INFO] moq.transport.quic_transport - Connection terminated: error_code=0, reason=
2026-07-20 10:19:29 [INFO] moq.pub.publisher - Connection closed: error=0, reason=
2026-07-20 10:19:29 [INFO] moq.pub.publisher - Disconnecting from relay
2026-07-20 10:19:29 [INFO] moq.session.session - Closing session: pub-281473237161664
2026-07-20 10:19:29 [INFO] moq.transport.quic_transport - QUIC connection closed
2026-07-20 10:19:29 [INFO] MoQClient - MoQ publisher disconnected from relay
2026-07-20 10:49:19 [INFO] AcnSDK - Cleared identity cache file: /home/unitree/zxy/imt/acn_sdk/data/identity.json
2026-07-20 10:49:19 [INFO] AcnSDK - AcnSDK initialized for agent=RobotDog, network_status=offline
2026-07-20 10:49:19 [INFO] AcnSDK - SDK network endpoints acn_agent=9010 ws=9002 moq=9003 web_ui=9005
2026-07-20 10:49:20 [INFO] HttpClient - HTTP POST http://192.168.1.10:9010/idm/v1/identity-applications
{
  "owner": "13800138111",
  "name": "RobotDog",
  "public_key": "-----BEGIN PUBLIC KEY-----\nMFkwEwYHKoZIzj0CAQYIKoZIzj0DAQcDQgAEjNqmCmtuP9IpEQb88DZmbN0nfAMT\nu0mALPHBfC+5PQSKfmfgFQoiv30y7MZCB4iQHIEf4S7+dHY/x6KK0s6Dfw==\n-----END PUBLIC KEY-----\n",
  "description": "RobotDogModel, SN654321",
  "timestamp": "2026-07-20T02:49:19Z",
  "metadata": {
    "region": "CN",
    "role": "collaborator"
  },
  "signature": "MEUCIDarwRI0+02oSn3bU4MuzpbPubKGiVNIddFUjA9+quxsAiEAyZcMyXQBIS5BMc9qahc2cwdeLW2k9AfNiAEnzvoFImM=",
  "signature_encoding": "base64"
}
2026-07-20 10:49:20 [INFO] httpx - HTTP Request: POST http://192.168.1.10:9010/idm/v1/identity-applications "HTTP/1.1 200 OK"
2026-07-20 10:49:20 [INFO] HttpClient - HTTP response /idm/v1/identity-applications
{
  "result": "success",
  "agent_id": "did:udid:type2.rid678.achid0.userid1380013811189882@6gc.mnc015.mcc234.3gppnetwork.org",
  "vc0": {
    "context": [
      "3gpp-ts-33.xxx-v20.0.0"
    ],
    "id": "CMCC/credentials/4780",
    "type": [
      "VerifiableCredential",
      "BindingSIMCredential"
    ],
    "issuer": "did:udid:idm@6gc.mnc015.mcc234.3gppnetwork.org",
    "valid_from": "2026-07-20T02:49:16Z",
    "valid_until": "2027-07-20T02:49:16Z",
    "claims": {
      "agent_name": "RobotDog",
      "agent_id": "did:udid:type2.rid678.achid0.userid1380013811189882@6gc.mnc015.mcc234.3gppnetwork.org",
      "agent_attribute": "6G业务开通",
      "master_id": "type0.rid678.schid0.userid1userid20001@6gc0001@6gc.mnc015.mcc234.3gppnetwork.org",
      "self_id": "type0.rid678.schid0..mnc015.mcc234.3gppnetwork.org"
    },
    "proof": {
      "creator": "did:udid:idm@6gc.mnc015.mcc234.3gppnetwork.org#keys-1",
      "signature_value": "MEQCICEfYMEF491Fa0hCh+hzU74aSMkzo88/fY9JLfXjkvg8AiAU/tH53OyeM4uKLWUv0KieimzFtA7tu4/kGnirKh5cdA=="
    }
  }
}
2026-07-20 10:49:20 [INFO] IdentityManager - Persisted identity state: {'agent_id': 'did:udid:type2.rid678.achid0.userid1380013811189882@6gc.mnc015.mcc234.3gppnetwork.org', 'vc0': {'context': ['3gpp-ts-33.xxx-v20.0.0'], 'id': 'CMCC/credentials/4780', 'type': ['VerifiableCredential', 'BindingSIMCredential'], 'issuer': 'did:udid:idm@6gc.mnc015.mcc234.3gppnetwork.org', 'valid_from': '2026-07-20T02:49:16Z', 'valid_until': '2027-07-20T02:49:16Z', 'claims': {'agent_name': 'RobotDog', 'agent_id': 'did:udid:type2.rid678.achid0.userid1380013811189882@6gc.mnc015.mcc234.3gppnetwork.org', 'agent_attribute': '6G业务开通', 'master_id': 'type0.rid678.schid0.userid1userid20001@6gc0001@6gc.mnc015.mcc234.3gppnetwork.org', 'self_id': 'type0.rid678.schid0..mnc015.mcc234.3gppnetwork.org'}, 'proof': {'creator': 'did:udid:idm@6gc.mnc015.mcc234.3gppnetwork.org#keys-1', 'signature_value': 'MEQCICEfYMEF491Fa0hCh+hzU74aSMkzo88/fY9JLfXjkvg8AiAU/tH53OyeM4uKLWUv0KieimzFtA7tu4/kGnirKh5cdA=='}}, 'capability_names': [], 'capability_vcs': [], 'agent_name': 'RobotDog', 'owner': '13800138111', 'priority': 4, 'metadata': {'region': 'CN', 'role': 'collaborator'}}
2026-07-20 10:49:20 [INFO] AcnSDK - Agent registered. agent_id=did:udid:type2.rid678.achid0.userid1380013811189882@6gc.mnc015.mcc234.3gppnetwork.org
2026-07-20 10:49:20 [INFO] CredentialIssuer - Issued capability VCs: [{'context': ['3gpp-ts-33.xxx-v20.0.0'], 'id': 'robot-factory/credentials/1285', 'type': ['VerifiableCredential', 'BindingSIMCredential'], 'issuer': 'did:robotfactoryissuer@6gc.mnc015.mcc234.3gppnetwork', 'valid_from': '2026-07-19T02:49:20.596204+00:00', 'valid_until': '2027-07-20T02:49:20.596204+00:00', 'claims': {'agent_name': 'RobotDog', 'agent_id': 'did:udid:type2.rid678.achid0.userid1380013811189882@6gc.mnc015.mcc234.3gppnetwork.org', 'agent_attribute': '载重运输', 'authorization_mode': 'Mode2'}, 'proof': {'creator': 'did:robotfactoryissuer@6gc.mnc015.mcc234.3gppnetwork#keys-1', 'signature_value': 'MEUCIQDVC3Q/K4PESNEjGHoqvxxY9V97v8+7rJn8BXWau3DEIwIgKt3rJR1k3c6+Q6Tk9SkQIOaZTTbmbmhyfmaMnubUYgI='}}, {'context': ['3gpp-ts-33.xxx-v20.0.0'], 'id': 'robot-factory/credentials/5604', 'type': ['VerifiableCredential', 'BindingSIMCredential'], 'issuer': 'did:robotfactoryissuer@6gc.mnc015.mcc234.3gppnetwork', 'valid_from': '2026-07-19T02:49:20.596204+00:00', 'valid_until': '2027-07-20T02:49:20.596204+00:00', 'claims': {'agent_name': 'RobotDog', 'agent_id': 'did:udid:type2.rid678.achid0.userid1380013811189882@6gc.mnc015.mcc234.3gppnetwork.org', 'agent_attribute': '自主导航', 'authorization_mode': 'Mode2'}, 'proof': {'creator': 'did:robotfactoryissuer@6gc.mnc015.mcc234.3gppnetwork#keys-1', 'signature_value': 'MEUCIDTn2JQ8ilxX3Eftv1JDc78zRE18tr0hrky+/foXNl3JAiEAqw2fyrful9tUAVvtSfIvC8w33qGepcwvWTy+I3ioKKM='}}, {'context': ['3gpp-ts-33.xxx-v20.0.0'], 'id': 'robot-factory/credentials/0904', 'type': ['VerifiableCredential', 'BindingSIMCredential'], 'issuer': 'did:robotfactoryissuer@6gc.mnc015.mcc234.3gppnetwork', 'valid_from': '2026-07-19T02:49:20.596204+00:00', 'valid_until': '2027-07-20T02:49:20.596204+00:00', 'claims': {'agent_name': 'RobotDog', 'agent_id': 'did:udid:type2.rid678.achid0.userid1380013811189882@6gc.mnc015.mcc234.3gppnetwork.org', 'agent_attribute': '高清摄像', 'authorization_mode': 'Mode2'}, 'proof': {'creator': 'did:robotfactoryissuer@6gc.mnc015.mcc234.3gppnetwork#keys-1', 'signature_value': 'MEUCIFgh7EB2K20O/Ts3l3ZIg2XZpe40NtnSwsbuhYkt+03SAiEAw39WK7ibK64HRwaiROeCkkg4I5V7kGyxkqg51DJnmAE='}}]
2026-07-20 10:49:20 [INFO] IdentityManager - Persisted identity state: {'agent_id': 'did:udid:type2.rid678.achid0.userid1380013811189882@6gc.mnc015.mcc234.3gppnetwork.org', 'vc0': {'context': ['3gpp-ts-33.xxx-v20.0.0'], 'id': 'CMCC/credentials/4780', 'type': ['VerifiableCredential', 'BindingSIMCredential'], 'issuer': 'did:udid:idm@6gc.mnc015.mcc234.3gppnetwork.org', 'valid_from': '2026-07-20T02:49:16Z', 'valid_until': '2027-07-20T02:49:16Z', 'claims': {'agent_name': 'RobotDog', 'agent_id': 'did:udid:type2.rid678.achid0.userid1380013811189882@6gc.mnc015.mcc234.3gppnetwork.org', 'agent_attribute': '6G业务开通', 'master_id': 'type0.rid678.schid0.userid1userid20001@6gc0001@6gc.mnc015.mcc234.3gppnetwork.org', 'self_id': 'type0.rid678.schid0..mnc015.mcc234.3gppnetwork.org'}, 'proof': {'creator': 'did:udid:idm@6gc.mnc015.mcc234.3gppnetwork.org#keys-1', 'signature_value': 'MEQCICEfYMEF491Fa0hCh+hzU74aSMkzo88/fY9JLfXjkvg8AiAU/tH53OyeM4uKLWUv0KieimzFtA7tu4/kGnirKh5cdA=='}}, 'capability_names': ['载重运输', '自主导航', '高清摄像'], 'capability_vcs': [{'context': ['3gpp-ts-33.xxx-v20.0.0'], 'id': 'robot-factory/credentials/1285', 'type': ['VerifiableCredential', 'BindingSIMCredential'], 'issuer': 'did:robotfactoryissuer@6gc.mnc015.mcc234.3gppnetwork', 'valid_from': '2026-07-19T02:49:20.596204+00:00', 'valid_until': '2027-07-20T02:49:20.596204+00:00', 'claims': {'agent_name': 'RobotDog', 'agent_id': 'did:udid:type2.rid678.achid0.userid1380013811189882@6gc.mnc015.mcc234.3gppnetwork.org', 'agent_attribute': '载重运输', 'authorization_mode': 'Mode2'}, 'proof': {'creator': 'did:robotfactoryissuer@6gc.mnc015.mcc234.3gppnetwork#keys-1', 'signature_value': 'MEUCIQDVC3Q/K4PESNEjGHoqvxxY9V97v8+7rJn8BXWau3DEIwIgKt3rJR1k3c6+Q6Tk9SkQIOaZTTbmbmhyfmaMnubUYgI='}}, {'context': ['3gpp-ts-33.xxx-v20.0.0'], 'id': 'robot-factory/credentials/5604', 'type': ['VerifiableCredential', 'BindingSIMCredential'], 'issuer': 'did:robotfactoryissuer@6gc.mnc015.mcc234.3gppnetwork', 'valid_from': '2026-07-19T02:49:20.596204+00:00', 'valid_until': '2027-07-20T02:49:20.596204+00:00', 'claims': {'agent_name': 'RobotDog', 'agent_id': 'did:udid:type2.rid678.achid0.userid1380013811189882@6gc.mnc015.mcc234.3gppnetwork.org', 'agent_attribute': '自主导航', 'authorization_mode': 'Mode2'}, 'proof': {'creator': 'did:robotfactoryissuer@6gc.mnc015.mcc234.3gppnetwork#keys-1', 'signature_value': 'MEUCIDTn2JQ8ilxX3Eftv1JDc78zRE18tr0hrky+/foXNl3JAiEAqw2fyrful9tUAVvtSfIvC8w33qGepcwvWTy+I3ioKKM='}}, {'context': ['3gpp-ts-33.xxx-v20.0.0'], 'id': 'robot-factory/credentials/0904', 'type': ['VerifiableCredential', 'BindingSIMCredential'], 'issuer': 'did:robotfactoryissuer@6gc.mnc015.mcc234.3gppnetwork', 'valid_from': '2026-07-19T02:49:20.596204+00:00', 'valid_until': '2027-07-20T02:49:20.596204+00:00', 'claims': {'agent_name': 'RobotDog', 'agent_id': 'did:udid:type2.rid678.achid0.userid1380013811189882@6gc.mnc015.mcc234.3gppnetwork.org', 'agent_attribute': '高清摄像', 'authorization_mode': 'Mode2'}, 'proof': {'creator': 'did:robotfactoryissuer@6gc.mnc015.mcc234.3gppnetwork#keys-1', 'signature_value': 'MEUCIFgh7EB2K20O/Ts3l3ZIg2XZpe40NtnSwsbuhYkt+03SAiEAw39WK7ibK64HRwaiROeCkkg4I5V7kGyxkqg51DJnmAE='}}], 'agent_name': 'RobotDog', 'owner': '13800138111', 'priority': 4, 'metadata': {'region': 'CN', 'role': 'collaborator'}}
2026-07-20 10:49:20 [INFO] HttpClient - HTTP POST http://192.168.1.10:9010/arf/v1/agent-cards
{
  "agent_id": "did:udid:type2.rid678.achid0.userid1380013811189882@6gc.mnc015.mcc234.3gppnetwork.org",
  "priority": 4,
  "timestamp": "2026-07-20T02:49:20Z",
  "signature": "MEQCICrmeUJILe4bh2f4WjIWcxIO/6a71G8EY9f2TJ81WYh0AiADIBLbTg/rawIqofr5jRVf3kPCXqAkDYhtK0LsAh7oVw==",
  "signature_encoding": "base64",
  "vc_list": [
    {
      "context": [
        "3gpp-ts-33.xxx-v20.0.0"
      ],
      "id": "CMCC/credentials/4780",
      "type": [
        "VerifiableCredential",
        "BindingSIMCredential"
      ],
      "issuer": "did:udid:idm@6gc.mnc015.mcc234.3gppnetwork.org",
      "valid_from": "2026-07-20T02:49:16Z",
      "valid_until": "2027-07-20T02:49:16Z",
      "claims": {
        "agent_name": "RobotDog",
        "agent_id": "did:udid:type2.rid678.achid0.userid1380013811189882@6gc.mnc015.mcc234.3gppnetwork.org",
        "agent_attribute": "6G业务开通",
        "master_id": "type0.rid678.schid0.userid1userid20001@6gc0001@6gc.mnc015.mcc234.3gppnetwork.org",
        "self_id": "type0.rid678.schid0..mnc015.mcc234.3gppnetwork.org"
      },
      "proof": {
        "creator": "did:udid:idm@6gc.mnc015.mcc234.3gppnetwork.org#keys-1",
        "signature_value": "MEQCICEfYMEF491Fa0hCh+hzU74aSMkzo88/fY9JLfXjkvg8AiAU/tH53OyeM4uKLWUv0KieimzFtA7tu4/kGnirKh5cdA=="
      }
    },
    {
      "context": [
        "3gpp-ts-33.xxx-v20.0.0"
      ],
      "id": "robot-factory/credentials/1285",
      "type": [
        "VerifiableCredential",
        "BindingSIMCredential"
      ],
      "issuer": "did:robotfactoryissuer@6gc.mnc015.mcc234.3gppnetwork",
      "valid_from": "2026-07-19T02:49:20.596204+00:00",
      "valid_until": "2027-07-20T02:49:20.596204+00:00",
      "claims": {
        "agent_name": "RobotDog",
        "agent_id": "did:udid:type2.rid678.achid0.userid1380013811189882@6gc.mnc015.mcc234.3gppnetwork.org",
        "agent_attribute": "载重运输",
        "authorization_mode": "Mode2"
      },
      "proof": {
        "creator": "did:robotfactoryissuer@6gc.mnc015.mcc234.3gppnetwork#keys-1",
        "signature_value": "MEUCIQDVC3Q/K4PESNEjGHoqvxxY9V97v8+7rJn8BXWau3DEIwIgKt3rJR1k3c6+Q6Tk9SkQIOaZTTbmbmhyfmaMnubUYgI="
      }
    },
    {
      "context": [
        "3gpp-ts-33.xxx-v20.0.0"
      ],
      "id": "robot-factory/credentials/5604",
      "type": [
        "VerifiableCredential",
        "BindingSIMCredential"
      ],
      "issuer": "did:robotfactoryissuer@6gc.mnc015.mcc234.3gppnetwork",
      "valid_from": "2026-07-19T02:49:20.596204+00:00",
      "valid_until": "2027-07-20T02:49:20.596204+00:00",
      "claims": {
        "agent_name": "RobotDog",
        "agent_id": "did:udid:type2.rid678.achid0.userid1380013811189882@6gc.mnc015.mcc234.3gppnetwork.org",
        "agent_attribute": "自主导航",
        "authorization_mode": "Mode2"
      },
      "proof": {
        "creator": "did:robotfactoryissuer@6gc.mnc015.mcc234.3gppnetwork#keys-1",
        "signature_value": "MEUCIDTn2JQ8ilxX3Eftv1JDc78zRE18tr0hrky+/foXNl3JAiEAqw2fyrful9tUAVvtSfIvC8w33qGepcwvWTy+I3ioKKM="
      }
    },
    {
      "context": [
        "3gpp-ts-33.xxx-v20.0.0"
      ],
      "id": "robot-factory/credentials/0904",
      "type": [
        "VerifiableCredential",
        "BindingSIMCredential"
      ],
      "issuer": "did:robotfactoryissuer@6gc.mnc015.mcc234.3gppnetwork",
      "valid_from": "2026-07-19T02:49:20.596204+00:00",
      "valid_until": "2027-07-20T02:49:20.596204+00:00",
      "claims": {
        "agent_name": "RobotDog",
        "agent_id": "did:udid:type2.rid678.achid0.userid1380013811189882@6gc.mnc015.mcc234.3gppnetwork.org",
        "agent_attribute": "高清摄像",
        "authorization_mode": "Mode2"
      },
      "proof": {
        "creator": "did:robotfactoryissuer@6gc.mnc015.mcc234.3gppnetwork#keys-1",
        "signature_value": "MEUCIFgh7EB2K20O/Ts3l3ZIg2XZpe40NtnSwsbuhYkt+03SAiEAw39WK7ibK64HRwaiROeCkkg4I5V7kGyxkqg51DJnmAE="
      }
    }
  ]
}
2026-07-20 10:49:21 [INFO] httpx - HTTP Request: POST http://192.168.1.10:9010/arf/v1/agent-cards "HTTP/1.1 200 OK"
2026-07-20 10:49:21 [INFO] HttpClient - HTTP response /arf/v1/agent-cards
{
  "status": "OK"
}
2026-07-20 10:49:21 [INFO] AcnSDK - Robot attribute registered. agent_id=did:udid:type2.rid678.achid0.userid1380013811189882@6gc.mnc015.mcc234.3gppnetwork.org
2026-07-20 10:49:21 [INFO] WebSocketClient - Connecting websocket to ws://192.168.1.10:9002/ws
2026-07-20 10:49:21 [INFO] WebSocketClient - Websocket connected.
2026-07-20 10:49:21 [INFO] WebSocketClient - Sending websocket payload
{
  "type": "SETUP",
  "timestamp": "2026-07-20T02:49:21Z",
  "payload": {
    "src_agent_id": "did:udid:type2.rid678.achid0.userid1380013811189882@6gc.mnc015.mcc234.3gppnetwork.org"
  }
}
2026-07-20 10:49:21 [INFO] WebSocketClient - Received websocket payload
{
  "type": "SETUP",
  "timestamp": "2026-07-20T02:49:17.625739Z",
  "payload": {
    "status": "OK"
  }
}
2026-07-20 10:49:21 [INFO] MoQClient - Connecting MoQ client role=publisher remote=192.168.1.10:9003
2026-07-20 10:49:21 [INFO] moq.pub.publisher - MOQPublisher initialized for 192.168.1.10:9003
2026-07-20 10:49:21 [INFO] moq.pub.publisher - Connecting to relay at 192.168.1.10:9003
2026-07-20 10:49:21 [INFO] moq.transport.quic_transport - QUIC client config: congestion=cubic max_data=67108864 max_stream_data=67108864
2026-07-20 10:49:21 [INFO] moq.transport.quic_transport - Connecting to 192.168.1.10:9003
2026-07-20 10:49:21 [INFO] moq.transport.quic_transport - MOQQuicProtocol initialized
2026-07-20 10:49:21 [INFO] quic - [12c33fc5c8b20597] Negotiated protocol version 0x00000001 (VERSION_1)
2026-07-20 10:49:21 [INFO] quic - [12c33fc5c8b20597] ALPN negotiated protocol moq-00
2026-07-20 10:49:21 [INFO] moq.transport.quic_transport - QUIC connection established
2026-07-20 10:49:21 [INFO] moq.session.session - MOQSession created: session_id=pub-281473368938224, role=PUBLISHER
2026-07-20 10:49:21 [INFO] moq.session.session - Sent SETUP: version=4278190097, role=PUBLISHER
2026-07-20 10:49:21 [INFO] moq.pub.publisher - Connected to relay
2026-07-20 10:49:21 [INFO] MoQClient - MoQ publisher connected to relay
2026-07-20 10:49:21 [INFO] MoQClient - MoQ client connected role=publisher remote=192.168.1.10:9003
2026-07-20 10:49:21 [INFO] MoQClient - Connecting MoQ client role=subscriber remote=192.168.1.10:9003
2026-07-20 10:49:21 [INFO] moq.sub.subscriber - MOQSubscriber initialized for 192.168.1.10:9003
2026-07-20 10:49:21 [INFO] moq.sub.subscriber - Connecting to relay at 192.168.1.10:9003
2026-07-20 10:49:21 [INFO] moq.transport.quic_transport - QUIC client config: congestion=cubic max_data=67108864 max_stream_data=67108864
2026-07-20 10:49:21 [INFO] moq.transport.quic_transport - Connecting to 192.168.1.10:9003
2026-07-20 10:49:21 [INFO] moq.transport.quic_transport - MOQQuicProtocol initialized
2026-07-20 10:49:21 [INFO] quic - [c39d827930658ebc] Negotiated protocol version 0x00000001 (VERSION_1)
2026-07-20 10:49:21 [INFO] quic - [c39d827930658ebc] ALPN negotiated protocol moq-00
2026-07-20 10:49:21 [INFO] moq.transport.quic_transport - QUIC connection established
2026-07-20 10:49:21 [INFO] moq.session.session - MOQSession created: session_id=sub-281473368946576, role=SUBSCRIBER
2026-07-20 10:49:21 [INFO] moq.session.session - Sent SETUP: version=4278190097, role=SUBSCRIBER
2026-07-20 10:49:21 [INFO] moq.sub.subscriber - Connected to relay
2026-07-20 10:49:21 [INFO] MoQClient - MoQ subscriber connected to relay
2026-07-20 10:49:21 [INFO] MoQClient - MoQ client connected role=subscriber remote=192.168.1.10:9003
2026-07-20 10:49:21 [INFO] AcnSDK - Background network listener started.
2026-07-20 10:49:21 [INFO] AcnSDK - Network join successful for agent_id=did:udid:type2.rid678.achid0.userid1380013811189882@6gc.mnc015.mcc234.3gppnetwork.org
2026-07-20 10:49:21 [INFO] AcnSDK - Queried local agent info agent_id=did:udid:type2.rid678.achid0.userid1380013811189882@6gc.mnc015.mcc234.3gppnetwork.org
2026-07-20 10:49:21 [INFO] HttpClient - HTTP POST http://192.168.1.10:9010/acn-agent/v1/owner-agents
{
  "owner": "13800138111"
}
2026-07-20 10:49:21 [INFO] httpx - HTTP Request: POST http://192.168.1.10:9010/acn-agent/v1/owner-agents "HTTP/1.1 200 OK"
2026-07-20 10:49:21 [INFO] HttpClient - HTTP response /acn-agent/v1/owner-agents
{
  "owner": "13800138111",
  "total": 2,
  "agents": [
    {
      "agent_id": "did:udid:type2.rid678.achid0.userid1380013811138158@6gc.mnc015.mcc234.3gppnetwork.org",
      "agent_name": "RobotDog",
      "description": "RobotDogModel, SN654321"
    },
    {
      "agent_id": "did:udid:type2.rid678.achid0.userid1380013811189882@6gc.mnc015.mcc234.3gppnetwork.org",
      "agent_name": "RobotDog",
      "description": "RobotDogModel, SN654321"
    }
  ]
}
2026-07-20 10:49:21 [INFO] AcnSDK - Queried agent list owner=13800138111
2026-07-20 10:51:07 [INFO] WebSocketClient - Received websocket payload
{
  "type": "TASK_REQUEST_COLLABORATION",
  "timestamp": "2026-07-20T02:51:03.918351Z",
  "payload": {
    "src_agent_id": "did:udid:type2.rid678.achid0.userid+861380013800036128@6gc.mnc015.mcc234.3gppnetwork.org",
    "dst_agent_id": "did:udid:type2.rid678.achid0.userid1380013811189882@6gc.mnc015.mcc234.3gppnetwork.org",
    "task_id": "task-12345",
    "task_description": "Collaboration task",
    "agent_card": {
      "agent_id": "did:udid:type2.rid678.achid0.userid+861380013800036128@6gc.mnc015.mcc234.3gppnetwork.org",
      "agent_name": "AR glasses",
      "skill": [
        "6G业务开通",
        "视觉共享",
        "远程操控"
      ]
    },
    "timestamp": "2026-07-20T02:51:03.918351Z"
  }
}
2026-07-20 10:51:07 [INFO] AcnSDK - Handling network message type=TASK_REQUEST_COLLABORATION payload=
{
  "src_agent_id": "did:udid:type2.rid678.achid0.userid+861380013800036128@6gc.mnc015.mcc234.3gppnetwork.org",
  "dst_agent_id": "did:udid:type2.rid678.achid0.userid1380013811189882@6gc.mnc015.mcc234.3gppnetwork.org",
  "task_id": "task-12345",
  "task_description": "Collaboration task",
  "agent_card": {
    "agent_id": "did:udid:type2.rid678.achid0.userid+861380013800036128@6gc.mnc015.mcc234.3gppnetwork.org",
    "agent_name": "AR glasses",
    "skill": [
      "6G业务开通",
      "视觉共享",
      "远程操控"
    ]
  },
  "timestamp": "2026-07-20T02:51:03.918351Z"
}
2026-07-20 10:51:07 [INFO] WebSocketClient - Sending websocket payload
{
  "type": "TASK_ACCEPT_COLLABORATION",
  "timestamp": "2026-07-20T02:51:07Z",
  "payload": {
    "src_agent_id": "did:udid:type2.rid678.achid0.userid1380013811189882@6gc.mnc015.mcc234.3gppnetwork.org",
    "dst_agent_id": "did:udid:type2.rid678.achid0.userid+861380013800036128@6gc.mnc015.mcc234.3gppnetwork.org",
    "task_id": "task-12345",
    "result": "OK"
  }
}
2026-07-20 10:51:07 [INFO] AcnSDK - Task collaboration accepted. task_id=task-12345 dst_agent_id=did:udid:type2.rid678.achid0.userid+861380013800036128@6gc.mnc015.mcc234.3gppnetwork.org
2026-07-20 10:51:07 [INFO] WebSocketClient - Received websocket payload
{
  "type": "START_TASK",
  "timestamp": "2026-07-20T02:51:04Z",
  "payload": {
    "src_agent_id": "did:udid:type2.rid678.achid0.userid+861380013800036128@6gc.mnc015.mcc234.3gppnetwork.org",
    "dst_agent_id": "did:udid:type2.rid678.achid0.userid1380013811189882@6gc.mnc015.mcc234.3gppnetwork.org",
    "task_id": "task-12345",
    "task_description": "协同任务"
  }
}
2026-07-20 10:51:07 [INFO] AcnSDK - Handling network message type=START_TASK payload=
{
  "src_agent_id": "did:udid:type2.rid678.achid0.userid+861380013800036128@6gc.mnc015.mcc234.3gppnetwork.org",
  "dst_agent_id": "did:udid:type2.rid678.achid0.userid1380013811189882@6gc.mnc015.mcc234.3gppnetwork.org",
  "task_id": "task-12345",
  "task_description": "协同任务"
}
2026-07-20 10:51:07 [INFO] HttpClient - HTTP POST http://192.168.1.10:9010/acn-agent/v1/task-executions
{
  "agent_id": "did:udid:type2.rid678.achid0.userid1380013811189882@6gc.mnc015.mcc234.3gppnetwork.org",
  "task_id": "task-12345",
  "description": "协同任务",
  "timestamp": "2026-07-20T02:51:07Z"
}
2026-07-20 10:51:08 [INFO] httpx - HTTP Request: POST http://192.168.1.10:9010/acn-agent/v1/task-executions "HTTP/1.1 200 OK"
2026-07-20 10:51:08 [INFO] HttpClient - HTTP response /acn-agent/v1/task-executions
{
  "status": "OK"
}
2026-07-20 10:51:08 [INFO] AcnSDK - Task execution requested. task_id=task-12345
2026-07-20 11:14:36 [INFO] AcnSDK - Cleared identity cache file: /home/unitree/zxy/imt/acn_sdk/data/identity.json
2026-07-20 11:14:36 [INFO] AcnSDK - AcnSDK initialized for agent=RobotDog, network_status=offline
2026-07-20 11:14:36 [INFO] AcnSDK - SDK network endpoints acn_agent=9010 ws=9002 moq=9003 web_ui=9005
2026-07-20 11:14:36 [INFO] HttpClient - HTTP POST http://192.168.1.10:9010/idm/v1/identity-applications
{
  "owner": "13800138111",
  "name": "RobotDog",
  "public_key": "-----BEGIN PUBLIC KEY-----\nMFkwEwYHKoZIzj0CAQYIKoZIzj0DAQcDQgAEjNqmCmtuP9IpEQb88DZmbN0nfAMT\nu0mALPHBfC+5PQSKfmfgFQoiv30y7MZCB4iQHIEf4S7+dHY/x6KK0s6Dfw==\n-----END PUBLIC KEY-----\n",
  "description": "RobotDogModel, SN654321",
  "timestamp": "2026-07-20T03:14:36Z",
  "metadata": {
    "region": "CN",
    "role": "collaborator"
  },
  "signature": "MEYCIQCoRI8Li01ejSeHeptRlScIPWGfOSYDDgvms3k6Msu7CAIhAIrWITod6VwZIUIO+DrnDQuFTok3eXxH5h3+sdO4t37j",
  "signature_encoding": "base64"
}
2026-07-20 11:14:37 [INFO] httpx - HTTP Request: POST http://192.168.1.10:9010/idm/v1/identity-applications "HTTP/1.1 200 OK"
2026-07-20 11:14:37 [INFO] HttpClient - HTTP response /idm/v1/identity-applications
{
  "result": "success",
  "agent_id": "did:udid:type2.rid678.achid0.userid1380013811114227@6gc.mnc015.mcc234.3gppnetwork.org",
  "vc0": {
    "context": [
      "3gpp-ts-33.xxx-v20.0.0"
    ],
    "id": "CMCC/credentials/1466",
    "type": [
      "VerifiableCredential",
      "BindingSIMCredential"
    ],
    "issuer": "did:udid:idm@6gc.mnc015.mcc234.3gppnetwork.org",
    "valid_from": "2026-07-20T03:14:33Z",
    "valid_until": "2027-07-20T03:14:33Z",
    "claims": {
      "agent_name": "RobotDog",
      "agent_id": "did:udid:type2.rid678.achid0.userid1380013811114227@6gc.mnc015.mcc234.3gppnetwork.org",
      "agent_attribute": "6G业务开通",
      "master_id": "type0.rid678.schid0.userid1userid20001@6gc0001@6gc.mnc015.mcc234.3gppnetwork.org",
      "self_id": "type0.rid678.schid0..mnc015.mcc234.3gppnetwork.org"
    },
    "proof": {
      "creator": "did:udid:idm@6gc.mnc015.mcc234.3gppnetwork.org#keys-1",
      "signature_value": "MEQCIGdP+lqIctvT0abmy6frXGdzMThi2/wrQDmCI4EQJIIqAiA15OYuTXT0zxBBg1hb24PiYNE+VbQILknH+BI4pfQrpA=="
    }
  }
}
2026-07-20 11:14:37 [INFO] IdentityManager - Persisted identity state: {'agent_id': 'did:udid:type2.rid678.achid0.userid1380013811114227@6gc.mnc015.mcc234.3gppnetwork.org', 'vc0': {'context': ['3gpp-ts-33.xxx-v20.0.0'], 'id': 'CMCC/credentials/1466', 'type': ['VerifiableCredential', 'BindingSIMCredential'], 'issuer': 'did:udid:idm@6gc.mnc015.mcc234.3gppnetwork.org', 'valid_from': '2026-07-20T03:14:33Z', 'valid_until': '2027-07-20T03:14:33Z', 'claims': {'agent_name': 'RobotDog', 'agent_id': 'did:udid:type2.rid678.achid0.userid1380013811114227@6gc.mnc015.mcc234.3gppnetwork.org', 'agent_attribute': '6G业务开通', 'master_id': 'type0.rid678.schid0.userid1userid20001@6gc0001@6gc.mnc015.mcc234.3gppnetwork.org', 'self_id': 'type0.rid678.schid0..mnc015.mcc234.3gppnetwork.org'}, 'proof': {'creator': 'did:udid:idm@6gc.mnc015.mcc234.3gppnetwork.org#keys-1', 'signature_value': 'MEQCIGdP+lqIctvT0abmy6frXGdzMThi2/wrQDmCI4EQJIIqAiA15OYuTXT0zxBBg1hb24PiYNE+VbQILknH+BI4pfQrpA=='}}, 'capability_names': [], 'capability_vcs': [], 'agent_name': 'RobotDog', 'owner': '13800138111', 'priority': 4, 'metadata': {'region': 'CN', 'role': 'collaborator'}}
2026-07-20 11:14:37 [INFO] AcnSDK - Agent registered. agent_id=did:udid:type2.rid678.achid0.userid1380013811114227@6gc.mnc015.mcc234.3gppnetwork.org
2026-07-20 11:14:37 [INFO] CredentialIssuer - Issued capability VCs: [{'context': ['3gpp-ts-33.xxx-v20.0.0'], 'id': 'robot-factory/credentials/6174', 'type': ['VerifiableCredential', 'BindingSIMCredential'], 'issuer': 'did:robotfactoryissuer@6gc.mnc015.mcc234.3gppnetwork', 'valid_from': '2026-07-19T03:14:37.191797+00:00', 'valid_until': '2027-07-20T03:14:37.191797+00:00', 'claims': {'agent_name': 'RobotDog', 'agent_id': 'did:udid:type2.rid678.achid0.userid1380013811114227@6gc.mnc015.mcc234.3gppnetwork.org', 'agent_attribute': '载重运输', 'authorization_mode': 'Mode2'}, 'proof': {'creator': 'did:robotfactoryissuer@6gc.mnc015.mcc234.3gppnetwork#keys-1', 'signature_value': 'MEUCIQDkgrjK7fry8rOqxSfXLpW+51exHE4uQxfAZtJRNeMBXQIgUNA4Lm4c+f5oBu0TKTRGH0JPijvx0mgSqFnTBBpv0Gk='}}, {'context': ['3gpp-ts-33.xxx-v20.0.0'], 'id': 'robot-factory/credentials/3066', 'type': ['VerifiableCredential', 'BindingSIMCredential'], 'issuer': 'did:robotfactoryissuer@6gc.mnc015.mcc234.3gppnetwork', 'valid_from': '2026-07-19T03:14:37.191797+00:00', 'valid_until': '2027-07-20T03:14:37.191797+00:00', 'claims': {'agent_name': 'RobotDog', 'agent_id': 'did:udid:type2.rid678.achid0.userid1380013811114227@6gc.mnc015.mcc234.3gppnetwork.org', 'agent_attribute': '自主导航', 'authorization_mode': 'Mode2'}, 'proof': {'creator': 'did:robotfactoryissuer@6gc.mnc015.mcc234.3gppnetwork#keys-1', 'signature_value': 'MEUCIAqP7Ksr39dNUGP3BmDzhSMAlc0iz97b54a56+LVmlKsAiEA209zGKfDXVbq7Ke/Ii9vHVdsrc9iCKNVHRLsNnIn1vc='}}, {'context': ['3gpp-ts-33.xxx-v20.0.0'], 'id': 'robot-factory/credentials/8677', 'type': ['VerifiableCredential', 'BindingSIMCredential'], 'issuer': 'did:robotfactoryissuer@6gc.mnc015.mcc234.3gppnetwork', 'valid_from': '2026-07-19T03:14:37.191797+00:00', 'valid_until': '2027-07-20T03:14:37.191797+00:00', 'claims': {'agent_name': 'RobotDog', 'agent_id': 'did:udid:type2.rid678.achid0.userid1380013811114227@6gc.mnc015.mcc234.3gppnetwork.org', 'agent_attribute': '高清摄像', 'authorization_mode': 'Mode2'}, 'proof': {'creator': 'did:robotfactoryissuer@6gc.mnc015.mcc234.3gppnetwork#keys-1', 'signature_value': 'MEUCICU5RSY6KAKH12B0quG6CEB+u9+FrQT7c5xaBnfXIWynAiEAvK3Yczr5XYbmtEpoBEY01COY7saW70VRVLw6oyJITig='}}]
2026-07-20 11:14:37 [INFO] IdentityManager - Persisted identity state: {'agent_id': 'did:udid:type2.rid678.achid0.userid1380013811114227@6gc.mnc015.mcc234.3gppnetwork.org', 'vc0': {'context': ['3gpp-ts-33.xxx-v20.0.0'], 'id': 'CMCC/credentials/1466', 'type': ['VerifiableCredential', 'BindingSIMCredential'], 'issuer': 'did:udid:idm@6gc.mnc015.mcc234.3gppnetwork.org', 'valid_from': '2026-07-20T03:14:33Z', 'valid_until': '2027-07-20T03:14:33Z', 'claims': {'agent_name': 'RobotDog', 'agent_id': 'did:udid:type2.rid678.achid0.userid1380013811114227@6gc.mnc015.mcc234.3gppnetwork.org', 'agent_attribute': '6G业务开通', 'master_id': 'type0.rid678.schid0.userid1userid20001@6gc0001@6gc.mnc015.mcc234.3gppnetwork.org', 'self_id': 'type0.rid678.schid0..mnc015.mcc234.3gppnetwork.org'}, 'proof': {'creator': 'did:udid:idm@6gc.mnc015.mcc234.3gppnetwork.org#keys-1', 'signature_value': 'MEQCIGdP+lqIctvT0abmy6frXGdzMThi2/wrQDmCI4EQJIIqAiA15OYuTXT0zxBBg1hb24PiYNE+VbQILknH+BI4pfQrpA=='}}, 'capability_names': ['载重运输', '自主导航', '高清摄像'], 'capability_vcs': [{'context': ['3gpp-ts-33.xxx-v20.0.0'], 'id': 'robot-factory/credentials/6174', 'type': ['VerifiableCredential', 'BindingSIMCredential'], 'issuer': 'did:robotfactoryissuer@6gc.mnc015.mcc234.3gppnetwork', 'valid_from': '2026-07-19T03:14:37.191797+00:00', 'valid_until': '2027-07-20T03:14:37.191797+00:00', 'claims': {'agent_name': 'RobotDog', 'agent_id': 'did:udid:type2.rid678.achid0.userid1380013811114227@6gc.mnc015.mcc234.3gppnetwork.org', 'agent_attribute': '载重运输', 'authorization_mode': 'Mode2'}, 'proof': {'creator': 'did:robotfactoryissuer@6gc.mnc015.mcc234.3gppnetwork#keys-1', 'signature_value': 'MEUCIQDkgrjK7fry8rOqxSfXLpW+51exHE4uQxfAZtJRNeMBXQIgUNA4Lm4c+f5oBu0TKTRGH0JPijvx0mgSqFnTBBpv0Gk='}}, {'context': ['3gpp-ts-33.xxx-v20.0.0'], 'id': 'robot-factory/credentials/3066', 'type': ['VerifiableCredential', 'BindingSIMCredential'], 'issuer': 'did:robotfactoryissuer@6gc.mnc015.mcc234.3gppnetwork', 'valid_from': '2026-07-19T03:14:37.191797+00:00', 'valid_until': '2027-07-20T03:14:37.191797+00:00', 'claims': {'agent_name': 'RobotDog', 'agent_id': 'did:udid:type2.rid678.achid0.userid1380013811114227@6gc.mnc015.mcc234.3gppnetwork.org', 'agent_attribute': '自主导航', 'authorization_mode': 'Mode2'}, 'proof': {'creator': 'did:robotfactoryissuer@6gc.mnc015.mcc234.3gppnetwork#keys-1', 'signature_value': 'MEUCIAqP7Ksr39dNUGP3BmDzhSMAlc0iz97b54a56+LVmlKsAiEA209zGKfDXVbq7Ke/Ii9vHVdsrc9iCKNVHRLsNnIn1vc='}}, {'context': ['3gpp-ts-33.xxx-v20.0.0'], 'id': 'robot-factory/credentials/8677', 'type': ['VerifiableCredential', 'BindingSIMCredential'], 'issuer': 'did:robotfactoryissuer@6gc.mnc015.mcc234.3gppnetwork', 'valid_from': '2026-07-19T03:14:37.191797+00:00', 'valid_until': '2027-07-20T03:14:37.191797+00:00', 'claims': {'agent_name': 'RobotDog', 'agent_id': 'did:udid:type2.rid678.achid0.userid1380013811114227@6gc.mnc015.mcc234.3gppnetwork.org', 'agent_attribute': '高清摄像', 'authorization_mode': 'Mode2'}, 'proof': {'creator': 'did:robotfactoryissuer@6gc.mnc015.mcc234.3gppnetwork#keys-1', 'signature_value': 'MEUCICU5RSY6KAKH12B0quG6CEB+u9+FrQT7c5xaBnfXIWynAiEAvK3Yczr5XYbmtEpoBEY01COY7saW70VRVLw6oyJITig='}}], 'agent_name': 'RobotDog', 'owner': '13800138111', 'priority': 4, 'metadata': {'region': 'CN', 'role': 'collaborator'}}
2026-07-20 11:14:37 [INFO] HttpClient - HTTP POST http://192.168.1.10:9010/arf/v1/agent-cards
{
  "agent_id": "did:udid:type2.rid678.achid0.userid1380013811114227@6gc.mnc015.mcc234.3gppnetwork.org",
  "priority": 4,
  "timestamp": "2026-07-20T03:14:37Z",
  "signature": "MEUCICM/8DE0xT5Q5peUttCvQPiLNGvemFyzB9NbZUJDMJ81AiEA+g68jKhy/jTStsr1vRjiORI0S/j4UJg2TBjmwRa3kKI=",
  "signature_encoding": "base64",
  "vc_list": [
    {
      "context": [
        "3gpp-ts-33.xxx-v20.0.0"
      ],
      "id": "CMCC/credentials/1466",
      "type": [
        "VerifiableCredential",
        "BindingSIMCredential"
      ],
      "issuer": "did:udid:idm@6gc.mnc015.mcc234.3gppnetwork.org",
      "valid_from": "2026-07-20T03:14:33Z",
      "valid_until": "2027-07-20T03:14:33Z",
      "claims": {
        "agent_name": "RobotDog",
        "agent_id": "did:udid:type2.rid678.achid0.userid1380013811114227@6gc.mnc015.mcc234.3gppnetwork.org",
        "agent_attribute": "6G业务开通",
        "master_id": "type0.rid678.schid0.userid1userid20001@6gc0001@6gc.mnc015.mcc234.3gppnetwork.org",
        "self_id": "type0.rid678.schid0..mnc015.mcc234.3gppnetwork.org"
      },
      "proof": {
        "creator": "did:udid:idm@6gc.mnc015.mcc234.3gppnetwork.org#keys-1",
        "signature_value": "MEQCIGdP+lqIctvT0abmy6frXGdzMThi2/wrQDmCI4EQJIIqAiA15OYuTXT0zxBBg1hb24PiYNE+VbQILknH+BI4pfQrpA=="
      }
    },
    {
      "context": [
        "3gpp-ts-33.xxx-v20.0.0"
      ],
      "id": "robot-factory/credentials/6174",
      "type": [
        "VerifiableCredential",
        "BindingSIMCredential"
      ],
      "issuer": "did:robotfactoryissuer@6gc.mnc015.mcc234.3gppnetwork",
      "valid_from": "2026-07-19T03:14:37.191797+00:00",
      "valid_until": "2027-07-20T03:14:37.191797+00:00",
      "claims": {
        "agent_name": "RobotDog",
        "agent_id": "did:udid:type2.rid678.achid0.userid1380013811114227@6gc.mnc015.mcc234.3gppnetwork.org",
        "agent_attribute": "载重运输",
        "authorization_mode": "Mode2"
      },
      "proof": {
        "creator": "did:robotfactoryissuer@6gc.mnc015.mcc234.3gppnetwork#keys-1",
        "signature_value": "MEUCIQDkgrjK7fry8rOqxSfXLpW+51exHE4uQxfAZtJRNeMBXQIgUNA4Lm4c+f5oBu0TKTRGH0JPijvx0mgSqFnTBBpv0Gk="
      }
    },
    {
      "context": [
        "3gpp-ts-33.xxx-v20.0.0"
      ],
      "id": "robot-factory/credentials/3066",
      "type": [
        "VerifiableCredential",
        "BindingSIMCredential"
      ],
      "issuer": "did:robotfactoryissuer@6gc.mnc015.mcc234.3gppnetwork",
      "valid_from": "2026-07-19T03:14:37.191797+00:00",
      "valid_until": "2027-07-20T03:14:37.191797+00:00",
      "claims": {
        "agent_name": "RobotDog",
        "agent_id": "did:udid:type2.rid678.achid0.userid1380013811114227@6gc.mnc015.mcc234.3gppnetwork.org",
        "agent_attribute": "自主导航",
        "authorization_mode": "Mode2"
      },
      "proof": {
        "creator": "did:robotfactoryissuer@6gc.mnc015.mcc234.3gppnetwork#keys-1",
        "signature_value": "MEUCIAqP7Ksr39dNUGP3BmDzhSMAlc0iz97b54a56+LVmlKsAiEA209zGKfDXVbq7Ke/Ii9vHVdsrc9iCKNVHRLsNnIn1vc="
      }
    },
    {
      "context": [
        "3gpp-ts-33.xxx-v20.0.0"
      ],
      "id": "robot-factory/credentials/8677",
      "type": [
        "VerifiableCredential",
        "BindingSIMCredential"
      ],
      "issuer": "did:robotfactoryissuer@6gc.mnc015.mcc234.3gppnetwork",
      "valid_from": "2026-07-19T03:14:37.191797+00:00",
      "valid_until": "2027-07-20T03:14:37.191797+00:00",
      "claims": {
        "agent_name": "RobotDog",
        "agent_id": "did:udid:type2.rid678.achid0.userid1380013811114227@6gc.mnc015.mcc234.3gppnetwork.org",
        "agent_attribute": "高清摄像",
        "authorization_mode": "Mode2"
      },
      "proof": {
        "creator": "did:robotfactoryissuer@6gc.mnc015.mcc234.3gppnetwork#keys-1",
        "signature_value": "MEUCICU5RSY6KAKH12B0quG6CEB+u9+FrQT7c5xaBnfXIWynAiEAvK3Yczr5XYbmtEpoBEY01COY7saW70VRVLw6oyJITig="
      }
    }
  ]
}
2026-07-20 11:14:37 [INFO] httpx - HTTP Request: POST http://192.168.1.10:9010/arf/v1/agent-cards "HTTP/1.1 200 OK"
2026-07-20 11:14:37 [INFO] HttpClient - HTTP response /arf/v1/agent-cards
{
  "status": "OK"
}
2026-07-20 11:14:37 [INFO] AcnSDK - Robot attribute registered. agent_id=did:udid:type2.rid678.achid0.userid1380013811114227@6gc.mnc015.mcc234.3gppnetwork.org
2026-07-20 11:14:37 [INFO] WebSocketClient - Connecting websocket to ws://192.168.1.10:9002/ws
2026-07-20 11:14:37 [INFO] WebSocketClient - Websocket connected.
2026-07-20 11:14:37 [INFO] WebSocketClient - Sending websocket payload
{
  "type": "SETUP",
  "timestamp": "2026-07-20T03:14:37Z",
  "payload": {
    "src_agent_id": "did:udid:type2.rid678.achid0.userid1380013811114227@6gc.mnc015.mcc234.3gppnetwork.org"
  }
}
2026-07-20 11:14:37 [INFO] WebSocketClient - Received websocket payload
{
  "type": "SETUP",
  "timestamp": "2026-07-20T03:14:33.954477Z",
  "payload": {
    "status": "OK"
  }
}
2026-07-20 11:14:37 [INFO] MoQClient - Connecting MoQ client role=publisher remote=192.168.1.10:9003
2026-07-20 11:14:37 [INFO] moq.pub.publisher - MOQPublisher initialized for 192.168.1.10:9003
2026-07-20 11:14:37 [INFO] moq.pub.publisher - Connecting to relay at 192.168.1.10:9003
2026-07-20 11:14:37 [INFO] moq.transport.quic_transport - QUIC client config: congestion=cubic max_data=67108864 max_stream_data=67108864
2026-07-20 11:14:37 [INFO] moq.transport.quic_transport - Connecting to 192.168.1.10:9003
2026-07-20 11:14:37 [INFO] moq.transport.quic_transport - MOQQuicProtocol initialized
2026-07-20 11:14:37 [INFO] quic - [ed8e930ccd1b7efb] Negotiated protocol version 0x00000001 (VERSION_1)
2026-07-20 11:14:37 [INFO] quic - [ed8e930ccd1b7efb] ALPN negotiated protocol moq-00
2026-07-20 11:14:37 [INFO] moq.transport.quic_transport - QUIC connection established
2026-07-20 11:14:37 [INFO] moq.session.session - MOQSession created: session_id=pub-281473705301696, role=PUBLISHER
2026-07-20 11:14:37 [INFO] moq.session.session - Sent SETUP: version=4278190097, role=PUBLISHER
2026-07-20 11:14:37 [INFO] moq.pub.publisher - Connected to relay
2026-07-20 11:14:37 [INFO] MoQClient - MoQ publisher connected to relay
2026-07-20 11:14:37 [INFO] MoQClient - MoQ client connected role=publisher remote=192.168.1.10:9003
2026-07-20 11:14:37 [INFO] MoQClient - Connecting MoQ client role=subscriber remote=192.168.1.10:9003
2026-07-20 11:14:37 [INFO] moq.sub.subscriber - MOQSubscriber initialized for 192.168.1.10:9003
2026-07-20 11:14:37 [INFO] moq.sub.subscriber - Connecting to relay at 192.168.1.10:9003
2026-07-20 11:14:37 [INFO] moq.transport.quic_transport - QUIC client config: congestion=cubic max_data=67108864 max_stream_data=67108864
2026-07-20 11:14:37 [INFO] moq.transport.quic_transport - Connecting to 192.168.1.10:9003
2026-07-20 11:14:37 [INFO] moq.transport.quic_transport - MOQQuicProtocol initialized
2026-07-20 11:14:37 [INFO] quic - [d9f5c7e5cb7ca980] Negotiated protocol version 0x00000001 (VERSION_1)
2026-07-20 11:14:37 [INFO] quic - [d9f5c7e5cb7ca980] ALPN negotiated protocol moq-00
2026-07-20 11:14:37 [INFO] moq.transport.quic_transport - QUIC connection established
2026-07-20 11:14:37 [INFO] moq.session.session - MOQSession created: session_id=sub-281473705310048, role=SUBSCRIBER
2026-07-20 11:14:37 [INFO] moq.session.session - Sent SETUP: version=4278190097, role=SUBSCRIBER
2026-07-20 11:14:37 [INFO] moq.sub.subscriber - Connected to relay
2026-07-20 11:14:37 [INFO] MoQClient - MoQ subscriber connected to relay
2026-07-20 11:14:37 [INFO] MoQClient - MoQ client connected role=subscriber remote=192.168.1.10:9003
2026-07-20 11:14:37 [INFO] AcnSDK - Background network listener started.
2026-07-20 11:14:37 [INFO] AcnSDK - Network join successful for agent_id=did:udid:type2.rid678.achid0.userid1380013811114227@6gc.mnc015.mcc234.3gppnetwork.org
2026-07-20 11:14:37 [INFO] AcnSDK - Queried local agent info agent_id=did:udid:type2.rid678.achid0.userid1380013811114227@6gc.mnc015.mcc234.3gppnetwork.org
2026-07-20 11:14:37 [INFO] HttpClient - HTTP POST http://192.168.1.10:9010/acn-agent/v1/owner-agents
{
  "owner": "13800138111"
}
2026-07-20 11:14:37 [INFO] httpx - HTTP Request: POST http://192.168.1.10:9010/acn-agent/v1/owner-agents "HTTP/1.1 200 OK"
2026-07-20 11:14:37 [INFO] HttpClient - HTTP response /acn-agent/v1/owner-agents
{
  "owner": "13800138111",
  "total": 1,
  "agents": [
    {
      "agent_id": "did:udid:type2.rid678.achid0.userid1380013811114227@6gc.mnc015.mcc234.3gppnetwork.org",
      "agent_name": "RobotDog",
      "description": "RobotDogModel, SN654321"
    }
  ]
}
2026-07-20 11:14:37 [INFO] AcnSDK - Queried agent list owner=13800138111
2026-07-20 11:16:35 [INFO] WebSocketClient - Received websocket payload
{
  "type": "TASK_REQUEST_COLLABORATION",
  "timestamp": "2026-07-20T03:16:32.195353Z",
  "payload": {
    "src_agent_id": "did:udid:type2.rid678.achid0.userid+861380013800019303@6gc.mnc015.mcc234.3gppnetwork.org",
    "dst_agent_id": "did:udid:type2.rid678.achid0.userid1380013811114227@6gc.mnc015.mcc234.3gppnetwork.org",
    "task_id": "task-12345",
    "task_description": "Collaboration task",
    "agent_card": {
      "agent_id": "did:udid:type2.rid678.achid0.userid+861380013800019303@6gc.mnc015.mcc234.3gppnetwork.org",
      "agent_name": "AR glasses",
      "skill": [
        "6G业务开通",
        "视觉共享",
        "远程操控"
      ]
    },
    "timestamp": "2026-07-20T03:16:32.195353Z"
  }
}
2026-07-20 11:16:35 [INFO] AcnSDK - Handling network message type=TASK_REQUEST_COLLABORATION payload=
{
  "src_agent_id": "did:udid:type2.rid678.achid0.userid+861380013800019303@6gc.mnc015.mcc234.3gppnetwork.org",
  "dst_agent_id": "did:udid:type2.rid678.achid0.userid1380013811114227@6gc.mnc015.mcc234.3gppnetwork.org",
  "task_id": "task-12345",
  "task_description": "Collaboration task",
  "agent_card": {
    "agent_id": "did:udid:type2.rid678.achid0.userid+861380013800019303@6gc.mnc015.mcc234.3gppnetwork.org",
    "agent_name": "AR glasses",
    "skill": [
      "6G业务开通",
      "视觉共享",
      "远程操控"
    ]
  },
  "timestamp": "2026-07-20T03:16:32.195353Z"
}
2026-07-20 11:16:35 [INFO] WebSocketClient - Sending websocket payload
{
  "type": "TASK_ACCEPT_COLLABORATION",
  "timestamp": "2026-07-20T03:16:35Z",
  "payload": {
    "src_agent_id": "did:udid:type2.rid678.achid0.userid1380013811114227@6gc.mnc015.mcc234.3gppnetwork.org",
    "dst_agent_id": "did:udid:type2.rid678.achid0.userid+861380013800019303@6gc.mnc015.mcc234.3gppnetwork.org",
    "task_id": "task-12345",
    "result": "OK"
  }
}
2026-07-20 11:16:35 [INFO] AcnSDK - Task collaboration accepted. task_id=task-12345 dst_agent_id=did:udid:type2.rid678.achid0.userid+861380013800019303@6gc.mnc015.mcc234.3gppnetwork.org
2026-07-20 11:16:35 [INFO] WebSocketClient - Received websocket payload
{
  "type": "START_TASK",
  "timestamp": "2026-07-20T03:16:32Z",
  "payload": {
    "src_agent_id": "did:udid:type2.rid678.achid0.userid+861380013800019303@6gc.mnc015.mcc234.3gppnetwork.org",
    "dst_agent_id": "did:udid:type2.rid678.achid0.userid1380013811114227@6gc.mnc015.mcc234.3gppnetwork.org",
    "task_id": "task-12345",
    "task_description": "协同任务"
  }
}
2026-07-20 11:16:35 [INFO] AcnSDK - Handling network message type=START_TASK payload=
{
  "src_agent_id": "did:udid:type2.rid678.achid0.userid+861380013800019303@6gc.mnc015.mcc234.3gppnetwork.org",
  "dst_agent_id": "did:udid:type2.rid678.achid0.userid1380013811114227@6gc.mnc015.mcc234.3gppnetwork.org",
  "task_id": "task-12345",
  "task_description": "协同任务"
}
2026-07-20 11:16:35 [INFO] HttpClient - HTTP POST http://192.168.1.10:9010/acn-agent/v1/task-executions
{
  "agent_id": "did:udid:type2.rid678.achid0.userid1380013811114227@6gc.mnc015.mcc234.3gppnetwork.org",
  "task_id": "task-12345",
  "description": "协同任务",
  "timestamp": "2026-07-20T03:16:35Z"
}
2026-07-20 11:16:36 [INFO] httpx - HTTP Request: POST http://192.168.1.10:9010/acn-agent/v1/task-executions "HTTP/1.1 200 OK"
2026-07-20 11:16:36 [INFO] HttpClient - HTTP response /acn-agent/v1/task-executions
{
  "status": "OK"
}
2026-07-20 11:16:36 [INFO] AcnSDK - Task execution requested. task_id=task-12345
2026-07-20 11:19:39 [ERROR] AcnSDK - Background network listener stopped after websocket receive failure.
Traceback (most recent call last):
  File "/home/unitree/zxy/imt/.venv/lib/python3.10/site-packages/websocket/_socket.py", line 127, in recv
    bytes_ = _recv()
  File "/home/unitree/zxy/imt/.venv/lib/python3.10/site-packages/websocket/_socket.py", line 99, in _recv
    return sock.recv(bufsize)
TimeoutError: [Errno 110] Connection timed out

During handling of the above exception, another exception occurred:

Traceback (most recent call last):
  File "/home/unitree/zxy/imt/acn_sdk/core/network_service.py", line 337, in _network_listener_loop
    message = websocket_client.receive_json()
  File "/home/unitree/zxy/imt/acn_sdk/network/websocket_client.py", line 37, in receive_json
    message = self.receive()
  File "/home/unitree/zxy/imt/acn_sdk/network/websocket_client.py", line 33, in receive
    message = self._connection.recv()
  File "/home/unitree/zxy/imt/.venv/lib/python3.10/site-packages/websocket/_core.py", line 395, in recv
    opcode, data = self.recv_data()
  File "/home/unitree/zxy/imt/.venv/lib/python3.10/site-packages/websocket/_core.py", line 423, in recv_data
    opcode, frame = self.recv_data_frame(control_frame)
  File "/home/unitree/zxy/imt/.venv/lib/python3.10/site-packages/websocket/_core.py", line 444, in recv_data_frame
    frame = self.recv_frame()
  File "/home/unitree/zxy/imt/.venv/lib/python3.10/site-packages/websocket/_core.py", line 485, in recv_frame
    return self.frame_buffer.recv_frame()
  File "/home/unitree/zxy/imt/.venv/lib/python3.10/site-packages/websocket/_abnf.py", line 375, in recv_frame
    self.recv_header()
  File "/home/unitree/zxy/imt/.venv/lib/python3.10/site-packages/websocket/_abnf.py", line 329, in recv_header
    header = self.recv_strict(2)
  File "/home/unitree/zxy/imt/.venv/lib/python3.10/site-packages/websocket/_abnf.py", line 418, in recv_strict
    bytes_ = self.recv(min(16384, shortage))
  File "/home/unitree/zxy/imt/.venv/lib/python3.10/site-packages/websocket/_core.py", line 581, in _recv
    return recv(self.sock, bufsize)
  File "/home/unitree/zxy/imt/.venv/lib/python3.10/site-packages/websocket/_socket.py", line 129, in recv
    raise WebSocketTimeoutException("Connection timed out")
websocket._exceptions.WebSocketTimeoutException: Connection timed out
2026-07-20 11:21:29 [INFO] AcnSDK - Cleared identity cache file: /home/unitree/zxy/imt/acn_sdk/data/identity.json
2026-07-20 11:21:30 [INFO] AcnSDK - AcnSDK initialized for agent=RobotDog, network_status=offline
2026-07-20 11:21:30 [INFO] AcnSDK - SDK network endpoints acn_agent=9010 ws=9002 moq=9003 web_ui=9005
2026-07-20 11:21:30 [INFO] IdentityManager - Persisted identity state: {'agent_id': 'did:udid:type2.rid678.achid0.userid1380013811114227@6gc.mnc015.mcc234.3gppnetwork.org', 'vc0': {'context': ['3gpp-ts-33.xxx-v20.0.0'], 'id': 'CMCC/credentials/1466', 'type': ['VerifiableCredential', 'BindingSIMCredential'], 'issuer': 'did:udid:idm@6gc.mnc015.mcc234.3gppnetwork.org', 'valid_from': '2026-07-20T03:14:33Z', 'valid_until': '2027-07-20T03:14:33Z', 'claims': {'agent_name': 'RobotDog', 'agent_id': 'did:udid:type2.rid678.achid0.userid1380013811114227@6gc.mnc015.mcc234.3gppnetwork.org', 'agent_attribute': '6G业务开通', 'master_id': 'type0.rid678.schid0.userid1userid20001@6gc0001@6gc.mnc015.mcc234.3gppnetwork.org', 'self_id': 'type0.rid678.schid0..mnc015.mcc234.3gppnetwork.org'}, 'proof': {'creator': 'did:udid:idm@6gc.mnc015.mcc234.3gppnetwork.org#keys-1', 'signature_value': 'MEQCIGdP+lqIctvT0abmy6frXGdzMThi2/wrQDmCI4EQJIIqAiA15OYuTXT0zxBBg1hb24PiYNE+VbQILknH+BI4pfQrpA=='}}, 'capability_names': ['载重运输', '自主导航', '高清摄像'], 'capability_vcs': [{'context': ['3gpp-ts-33.xxx-v20.0.0'], 'id': 'robot-factory/credentials/6174', 'type': ['VerifiableCredential', 'BindingSIMCredential'], 'issuer': 'did:robotfactoryissuer@6gc.mnc015.mcc234.3gppnetwork', 'valid_from': '2026-07-19T03:14:37.191797+00:00', 'valid_until': '2027-07-20T03:14:37.191797+00:00', 'claims': {'agent_name': 'RobotDog', 'agent_id': 'did:udid:type2.rid678.achid0.userid1380013811114227@6gc.mnc015.mcc234.3gppnetwork.org', 'agent_attribute': '载重运输', 'authorization_mode': 'Mode2'}, 'proof': {'creator': 'did:robotfactoryissuer@6gc.mnc015.mcc234.3gppnetwork#keys-1', 'signature_value': 'MEUCIQDkgrjK7fry8rOqxSfXLpW+51exHE4uQxfAZtJRNeMBXQIgUNA4Lm4c+f5oBu0TKTRGH0JPijvx0mgSqFnTBBpv0Gk='}}, {'context': ['3gpp-ts-33.xxx-v20.0.0'], 'id': 'robot-factory/credentials/3066', 'type': ['VerifiableCredential', 'BindingSIMCredential'], 'issuer': 'did:robotfactoryissuer@6gc.mnc015.mcc234.3gppnetwork', 'valid_from': '2026-07-19T03:14:37.191797+00:00', 'valid_until': '2027-07-20T03:14:37.191797+00:00', 'claims': {'agent_name': 'RobotDog', 'agent_id': 'did:udid:type2.rid678.achid0.userid1380013811114227@6gc.mnc015.mcc234.3gppnetwork.org', 'agent_attribute': '自主导航', 'authorization_mode': 'Mode2'}, 'proof': {'creator': 'did:robotfactoryissuer@6gc.mnc015.mcc234.3gppnetwork#keys-1', 'signature_value': 'MEUCIAqP7Ksr39dNUGP3BmDzhSMAlc0iz97b54a56+LVmlKsAiEA209zGKfDXVbq7Ke/Ii9vHVdsrc9iCKNVHRLsNnIn1vc='}}, {'context': ['3gpp-ts-33.xxx-v20.0.0'], 'id': 'robot-factory/credentials/8677', 'type': ['VerifiableCredential', 'BindingSIMCredential'], 'issuer': 'did:robotfactoryissuer@6gc.mnc015.mcc234.3gppnetwork', 'valid_from': '2026-07-19T03:14:37.191797+00:00', 'valid_until': '2027-07-20T03:14:37.191797+00:00', 'claims': {'agent_name': 'RobotDog', 'agent_id': 'did:udid:type2.rid678.achid0.userid1380013811114227@6gc.mnc015.mcc234.3gppnetwork.org', 'agent_attribute': '高清摄像', 'authorization_mode': 'Mode2'}, 'proof': {'creator': 'did:robotfactoryissuer@6gc.mnc015.mcc234.3gppnetwork#keys-1', 'signature_value': 'MEUCICU5RSY6KAKH12B0quG6CEB+u9+FrQT7c5xaBnfXIWynAiEAvK3Yczr5XYbmtEpoBEY01COY7saW70VRVLw6oyJITig='}}], 'agent_name': 'RobotDog', 'owner': '13800138111', 'priority': 4, 'metadata': {'region': 'CN', 'role': 'collaborator'}}
2026-07-20 11:21:30 [INFO] WebSocketClient - Connecting websocket to ws://192.168.1.10:9002/ws
2026-07-20 11:21:30 [INFO] WebSocketClient - Websocket connected.
2026-07-20 11:21:30 [INFO] WebSocketClient - Sending websocket payload
{
  "type": "SETUP",
  "timestamp": "2026-07-20T03:21:30Z",
  "payload": {
    "src_agent_id": "did:udid:type2.rid678.achid0.userid1380013811114227@6gc.mnc015.mcc234.3gppnetwork.org"
  }
}
2026-07-20 11:21:30 [INFO] WebSocketClient - Received websocket payload
{
  "type": "SETUP",
  "timestamp": "2026-07-20T03:21:26.461142Z",
  "payload": {
    "status": "OK"
  }
}
2026-07-20 11:21:30 [INFO] MoQClient - Connecting MoQ client role=publisher remote=192.168.1.10:9003
2026-07-20 11:21:30 [INFO] moq.pub.publisher - MOQPublisher initialized for 192.168.1.10:9003
2026-07-20 11:21:30 [INFO] moq.pub.publisher - Connecting to relay at 192.168.1.10:9003
2026-07-20 11:21:30 [INFO] moq.transport.quic_transport - QUIC client config: congestion=cubic max_data=67108864 max_stream_data=67108864
2026-07-20 11:21:30 [INFO] moq.transport.quic_transport - Connecting to 192.168.1.10:9003
2026-07-20 11:21:30 [INFO] moq.transport.quic_transport - MOQQuicProtocol initialized
2026-07-20 11:21:30 [INFO] quic - [0a5cbab131f53b82] Negotiated protocol version 0x00000001 (VERSION_1)
2026-07-20 11:21:30 [INFO] quic - [0a5cbab131f53b82] ALPN negotiated protocol moq-00
2026-07-20 11:21:30 [INFO] moq.transport.quic_transport - QUIC connection established
2026-07-20 11:21:30 [INFO] moq.session.session - MOQSession created: session_id=pub-281472780834304, role=PUBLISHER
2026-07-20 11:21:30 [INFO] moq.session.session - Sent SETUP: version=4278190097, role=PUBLISHER
2026-07-20 11:21:30 [INFO] moq.pub.publisher - Connected to relay
2026-07-20 11:21:30 [INFO] MoQClient - MoQ publisher connected to relay
2026-07-20 11:21:30 [INFO] MoQClient - MoQ client connected role=publisher remote=192.168.1.10:9003
2026-07-20 11:21:30 [INFO] MoQClient - Connecting MoQ client role=subscriber remote=192.168.1.10:9003
2026-07-20 11:21:30 [INFO] moq.sub.subscriber - MOQSubscriber initialized for 192.168.1.10:9003
2026-07-20 11:21:30 [INFO] moq.sub.subscriber - Connecting to relay at 192.168.1.10:9003
2026-07-20 11:21:30 [INFO] moq.transport.quic_transport - QUIC client config: congestion=cubic max_data=67108864 max_stream_data=67108864
2026-07-20 11:21:30 [INFO] moq.transport.quic_transport - Connecting to 192.168.1.10:9003
2026-07-20 11:21:30 [INFO] moq.transport.quic_transport - MOQQuicProtocol initialized
2026-07-20 11:21:30 [INFO] quic - [66dcb46cce4a082a] Negotiated protocol version 0x00000001 (VERSION_1)
2026-07-20 11:21:30 [INFO] quic - [66dcb46cce4a082a] ALPN negotiated protocol moq-00
2026-07-20 11:21:30 [INFO] moq.transport.quic_transport - QUIC connection established
2026-07-20 11:21:30 [INFO] moq.session.session - MOQSession created: session_id=sub-281472762385920, role=SUBSCRIBER
2026-07-20 11:21:30 [INFO] moq.session.session - Sent SETUP: version=4278190097, role=SUBSCRIBER
2026-07-20 11:21:30 [INFO] moq.sub.subscriber - Connected to relay
2026-07-20 11:21:30 [INFO] MoQClient - MoQ subscriber connected to relay
2026-07-20 11:21:30 [INFO] MoQClient - MoQ client connected role=subscriber remote=192.168.1.10:9003
2026-07-20 11:21:30 [INFO] AcnSDK - Background network listener started.
2026-07-20 11:21:30 [INFO] AcnSDK - Network join successful for agent_id=did:udid:type2.rid678.achid0.userid1380013811114227@6gc.mnc015.mcc234.3gppnetwork.org
2026-07-20 11:21:30 [INFO] WebSocketClient - Sending websocket payload
{
  "type": "DISCONNECTION",
  "timestamp": "2026-07-20T03:21:30Z",
  "payload": {
    "src_agent_id": "did:udid:type2.rid678.achid0.userid1380013811114227@6gc.mnc015.mcc234.3gppnetwork.org"
  }
}
2026-07-20 11:21:30 [INFO] WebSocketClient - Disconnecting websocket from ws://192.168.1.10:9002/ws
2026-07-20 11:21:30 [INFO] MoQClient - Disconnecting MoQ client role=publisher remote=192.168.1.10:9003
2026-07-20 11:21:30 [INFO] moq.session.session - Closing session: pub-281472780834304
2026-07-20 11:21:30 [INFO] quic - [0a5cbab131f53b82] Connection close sent (code 0x0, reason )
2026-07-20 11:21:30 [INFO] moq.transport.quic_transport - QUIC connection closed
2026-07-20 11:21:30 [INFO] MoQClient - MoQ client disconnected role=publisher remote=192.168.1.10:9003
2026-07-20 11:21:30 [INFO] MoQClient - Disconnecting MoQ client role=subscriber remote=192.168.1.10:9003
2026-07-20 11:21:30 [INFO] moq.session.session - Closing session: sub-281472762385920
2026-07-20 11:21:30 [INFO] quic - [66dcb46cce4a082a] Connection close sent (code 0x0, reason )
2026-07-20 11:21:30 [INFO] moq.transport.quic_transport - QUIC connection closed
2026-07-20 11:21:30 [INFO] MoQClient - MoQ client disconnected role=subscriber remote=192.168.1.10:9003
2026-07-20 11:21:30 [INFO] TaskManager - Stopping all tasks: []
2026-07-20 11:21:30 [INFO] AcnSDK - Network state changed to offline
2026-07-20 11:21:30 [INFO] HttpClient - HTTP POST http://192.168.1.10:9010/acn-agent/v1/agent-deletions
{
  "agent_id": "did:udid:type2.rid678.achid0.userid1380013811114227@6gc.mnc015.mcc234.3gppnetwork.org",
  "reason": "demo completed",
  "timestamp": "2026-07-20T03:21:30Z",
  "signature": "MEQCIGa42AXqUiYdzYrwb5DTb0z3kmEJTFM08Cw7b6VzQZTUAiBHZHdxw+Zz7UYj+775hqIoGkcjDYDPDHNmI+6wBmIMrA==",
  "signature_encoding": "base64"
}
2026-07-20 11:21:30 [INFO] httpx - HTTP Request: POST http://192.168.1.10:9010/acn-agent/v1/agent-deletions "HTTP/1.1 200 OK"
2026-07-20 11:21:30 [INFO] HttpClient - HTTP response /acn-agent/v1/agent-deletions
{
  "result": "success",
  "agent_id": "did:udid:type2.rid678.achid0.userid1380013811114227@6gc.mnc015.mcc234.3gppnetwork.org",
  "message": "Agent profile and history deleted successfully",
  "forwarded_to_agent_gw": true,
  "agent_gw_response": {
    "success": true,
    "status_code": 200,
    "body": {
      "status": "OK"
    },
    "raw_text": null,
    "error": null
  }
}
2026-07-20 11:21:30 [INFO] IdentityManager - Clearing identity state.
2026-07-20 11:21:30 [INFO] IdentityManager - Persisted identity state: {'agent_id': None, 'vc0': None, 'capability_names': [], 'capability_vcs': [], 'agent_name': None, 'owner': None, 'priority': None, 'metadata': {}}
2026-07-20 11:21:30 [INFO] AcnSDK - Network state changed to offline
2026-07-20 11:21:30 [INFO] AcnSDK - Robot deregistered. agent_id=did:udid:type2.rid678.achid0.userid1380013811114227@6gc.mnc015.mcc234.3gppnetwork.org
2026-07-20 11:21:47 [INFO] AcnSDK - Cleared identity cache file: /home/unitree/zxy/imt/acn_sdk/data/identity.json
2026-07-20 11:21:47 [INFO] AcnSDK - AcnSDK initialized for agent=RobotDog, network_status=offline
2026-07-20 11:21:47 [INFO] AcnSDK - SDK network endpoints acn_agent=9010 ws=9002 moq=9003 web_ui=9005
2026-07-20 11:21:47 [INFO] HttpClient - HTTP POST http://192.168.1.10:9010/idm/v1/identity-applications
{
  "owner": "13800138111",
  "name": "RobotDog",
  "public_key": "-----BEGIN PUBLIC KEY-----\nMFkwEwYHKoZIzj0CAQYIKoZIzj0DAQcDQgAEjNqmCmtuP9IpEQb88DZmbN0nfAMT\nu0mALPHBfC+5PQSKfmfgFQoiv30y7MZCB4iQHIEf4S7+dHY/x6KK0s6Dfw==\n-----END PUBLIC KEY-----\n",
  "description": "RobotDogModel, SN654321",
  "timestamp": "2026-07-20T03:21:47Z",
  "metadata": {
    "region": "CN",
    "role": "collaborator"
  },
  "signature": "MEUCIQDwaz4TQP5jOhb86bfo4YFmi2AjoyxUOtCnOj62lqChAgIgCI+t94d5qhJ283LXHRRi8YwNg5SnAV5fqO8lsX80Z8Q=",
  "signature_encoding": "base64"
}
2026-07-20 11:21:47 [INFO] httpx - HTTP Request: POST http://192.168.1.10:9010/idm/v1/identity-applications "HTTP/1.1 200 OK"
2026-07-20 11:21:47 [INFO] HttpClient - HTTP response /idm/v1/identity-applications
{
  "result": "success",
  "agent_id": "did:udid:type2.rid678.achid0.userid1380013811116334@6gc.mnc015.mcc234.3gppnetwork.org",
  "vc0": {
    "context": [
      "3gpp-ts-33.xxx-v20.0.0"
    ],
    "id": "CMCC/credentials/7440",
    "type": [
      "VerifiableCredential",
      "BindingSIMCredential"
    ],
    "issuer": "did:udid:idm@6gc.mnc015.mcc234.3gppnetwork.org",
    "valid_from": "2026-07-20T03:21:43Z",
    "valid_until": "2027-07-20T03:21:43Z",
    "claims": {
      "agent_name": "RobotDog",
      "agent_id": "did:udid:type2.rid678.achid0.userid1380013811116334@6gc.mnc015.mcc234.3gppnetwork.org",
      "agent_attribute": "6G业务开通",
      "master_id": "type0.rid678.schid0.userid1userid20001@6gc0001@6gc.mnc015.mcc234.3gppnetwork.org",
      "self_id": "type0.rid678.schid0..mnc015.mcc234.3gppnetwork.org"
    },
    "proof": {
      "creator": "did:udid:idm@6gc.mnc015.mcc234.3gppnetwork.org#keys-1",
      "signature_value": "MEUCIAOIg3YGnvsoHLpprFf1bZFcDX9f0rtIDAus+IULloD7AiEAwhySHYIsxQz4uQjk/LZxl0X2DdNLBhf4zYfiVeGubkw="
    }
  }
}
2026-07-20 11:21:47 [INFO] IdentityManager - Persisted identity state: {'agent_id': 'did:udid:type2.rid678.achid0.userid1380013811116334@6gc.mnc015.mcc234.3gppnetwork.org', 'vc0': {'context': ['3gpp-ts-33.xxx-v20.0.0'], 'id': 'CMCC/credentials/7440', 'type': ['VerifiableCredential', 'BindingSIMCredential'], 'issuer': 'did:udid:idm@6gc.mnc015.mcc234.3gppnetwork.org', 'valid_from': '2026-07-20T03:21:43Z', 'valid_until': '2027-07-20T03:21:43Z', 'claims': {'agent_name': 'RobotDog', 'agent_id': 'did:udid:type2.rid678.achid0.userid1380013811116334@6gc.mnc015.mcc234.3gppnetwork.org', 'agent_attribute': '6G业务开通', 'master_id': 'type0.rid678.schid0.userid1userid20001@6gc0001@6gc.mnc015.mcc234.3gppnetwork.org', 'self_id': 'type0.rid678.schid0..mnc015.mcc234.3gppnetwork.org'}, 'proof': {'creator': 'did:udid:idm@6gc.mnc015.mcc234.3gppnetwork.org#keys-1', 'signature_value': 'MEUCIAOIg3YGnvsoHLpprFf1bZFcDX9f0rtIDAus+IULloD7AiEAwhySHYIsxQz4uQjk/LZxl0X2DdNLBhf4zYfiVeGubkw='}}, 'capability_names': [], 'capability_vcs': [], 'agent_name': 'RobotDog', 'owner': '13800138111', 'priority': 4, 'metadata': {'region': 'CN', 'role': 'collaborator'}}
2026-07-20 11:21:47 [INFO] AcnSDK - Agent registered. agent_id=did:udid:type2.rid678.achid0.userid1380013811116334@6gc.mnc015.mcc234.3gppnetwork.org
2026-07-20 11:21:47 [INFO] CredentialIssuer - Issued capability VCs: [{'context': ['3gpp-ts-33.xxx-v20.0.0'], 'id': 'robot-factory/credentials/4782', 'type': ['VerifiableCredential', 'BindingSIMCredential'], 'issuer': 'did:robotfactoryissuer@6gc.mnc015.mcc234.3gppnetwork', 'valid_from': '2026-07-19T03:21:47.771528+00:00', 'valid_until': '2027-07-20T03:21:47.771528+00:00', 'claims': {'agent_name': 'RobotDog', 'agent_id': 'did:udid:type2.rid678.achid0.userid1380013811116334@6gc.mnc015.mcc234.3gppnetwork.org', 'agent_attribute': '载重运输', 'authorization_mode': 'Mode2'}, 'proof': {'creator': 'did:robotfactoryissuer@6gc.mnc015.mcc234.3gppnetwork#keys-1', 'signature_value': 'MEUCIDL/CtWKgr86qNMOwyePn6HD6XRsuL0C11Hy1NFL/nXFAiEAwwulGaiE94+hvv3L59UPs/ue1i/GNdFFBlwYE1fPeHo='}}, {'context': ['3gpp-ts-33.xxx-v20.0.0'], 'id': 'robot-factory/credentials/0162', 'type': ['VerifiableCredential', 'BindingSIMCredential'], 'issuer': 'did:robotfactoryissuer@6gc.mnc015.mcc234.3gppnetwork', 'valid_from': '2026-07-19T03:21:47.771528+00:00', 'valid_until': '2027-07-20T03:21:47.771528+00:00', 'claims': {'agent_name': 'RobotDog', 'agent_id': 'did:udid:type2.rid678.achid0.userid1380013811116334@6gc.mnc015.mcc234.3gppnetwork.org', 'agent_attribute': '自主导航', 'authorization_mode': 'Mode2'}, 'proof': {'creator': 'did:robotfactoryissuer@6gc.mnc015.mcc234.3gppnetwork#keys-1', 'signature_value': 'MEYCIQC2l1RmPAxMhUIeEf+VjNME5guOb/0/hjbAg5VrUdeUggIhAPNuXu63JzOvmaYMjrW99QtBtEK7q5XhF5JWQgRUdTAE'}}, {'context': ['3gpp-ts-33.xxx-v20.0.0'], 'id': 'robot-factory/credentials/9233', 'type': ['VerifiableCredential', 'BindingSIMCredential'], 'issuer': 'did:robotfactoryissuer@6gc.mnc015.mcc234.3gppnetwork', 'valid_from': '2026-07-19T03:21:47.771528+00:00', 'valid_until': '2027-07-20T03:21:47.771528+00:00', 'claims': {'agent_name': 'RobotDog', 'agent_id': 'did:udid:type2.rid678.achid0.userid1380013811116334@6gc.mnc015.mcc234.3gppnetwork.org', 'agent_attribute': '高清摄像', 'authorization_mode': 'Mode2'}, 'proof': {'creator': 'did:robotfactoryissuer@6gc.mnc015.mcc234.3gppnetwork#keys-1', 'signature_value': 'MEQCIH6B65BftrC5kOILMgFSYOcSjf+QY9WBJgB+epbIy9bGAiAPV0GURYU9sA/Sz4m1mgBnxyo/d4znIYxCMGdIWPLpzQ=='}}]
2026-07-20 11:21:47 [INFO] IdentityManager - Persisted identity state: {'agent_id': 'did:udid:type2.rid678.achid0.userid1380013811116334@6gc.mnc015.mcc234.3gppnetwork.org', 'vc0': {'context': ['3gpp-ts-33.xxx-v20.0.0'], 'id': 'CMCC/credentials/7440', 'type': ['VerifiableCredential', 'BindingSIMCredential'], 'issuer': 'did:udid:idm@6gc.mnc015.mcc234.3gppnetwork.org', 'valid_from': '2026-07-20T03:21:43Z', 'valid_until': '2027-07-20T03:21:43Z', 'claims': {'agent_name': 'RobotDog', 'agent_id': 'did:udid:type2.rid678.achid0.userid1380013811116334@6gc.mnc015.mcc234.3gppnetwork.org', 'agent_attribute': '6G业务开通', 'master_id': 'type0.rid678.schid0.userid1userid20001@6gc0001@6gc.mnc015.mcc234.3gppnetwork.org', 'self_id': 'type0.rid678.schid0..mnc015.mcc234.3gppnetwork.org'}, 'proof': {'creator': 'did:udid:idm@6gc.mnc015.mcc234.3gppnetwork.org#keys-1', 'signature_value': 'MEUCIAOIg3YGnvsoHLpprFf1bZFcDX9f0rtIDAus+IULloD7AiEAwhySHYIsxQz4uQjk/LZxl0X2DdNLBhf4zYfiVeGubkw='}}, 'capability_names': ['载重运输', '自主导航', '高清摄像'], 'capability_vcs': [{'context': ['3gpp-ts-33.xxx-v20.0.0'], 'id': 'robot-factory/credentials/4782', 'type': ['VerifiableCredential', 'BindingSIMCredential'], 'issuer': 'did:robotfactoryissuer@6gc.mnc015.mcc234.3gppnetwork', 'valid_from': '2026-07-19T03:21:47.771528+00:00', 'valid_until': '2027-07-20T03:21:47.771528+00:00', 'claims': {'agent_name': 'RobotDog', 'agent_id': 'did:udid:type2.rid678.achid0.userid1380013811116334@6gc.mnc015.mcc234.3gppnetwork.org', 'agent_attribute': '载重运输', 'authorization_mode': 'Mode2'}, 'proof': {'creator': 'did:robotfactoryissuer@6gc.mnc015.mcc234.3gppnetwork#keys-1', 'signature_value': 'MEUCIDL/CtWKgr86qNMOwyePn6HD6XRsuL0C11Hy1NFL/nXFAiEAwwulGaiE94+hvv3L59UPs/ue1i/GNdFFBlwYE1fPeHo='}}, {'context': ['3gpp-ts-33.xxx-v20.0.0'], 'id': 'robot-factory/credentials/0162', 'type': ['VerifiableCredential', 'BindingSIMCredential'], 'issuer': 'did:robotfactoryissuer@6gc.mnc015.mcc234.3gppnetwork', 'valid_from': '2026-07-19T03:21:47.771528+00:00', 'valid_until': '2027-07-20T03:21:47.771528+00:00', 'claims': {'agent_name': 'RobotDog', 'agent_id': 'did:udid:type2.rid678.achid0.userid1380013811116334@6gc.mnc015.mcc234.3gppnetwork.org', 'agent_attribute': '自主导航', 'authorization_mode': 'Mode2'}, 'proof': {'creator': 'did:robotfactoryissuer@6gc.mnc015.mcc234.3gppnetwork#keys-1', 'signature_value': 'MEYCIQC2l1RmPAxMhUIeEf+VjNME5guOb/0/hjbAg5VrUdeUggIhAPNuXu63JzOvmaYMjrW99QtBtEK7q5XhF5JWQgRUdTAE'}}, {'context': ['3gpp-ts-33.xxx-v20.0.0'], 'id': 'robot-factory/credentials/9233', 'type': ['VerifiableCredential', 'BindingSIMCredential'], 'issuer': 'did:robotfactoryissuer@6gc.mnc015.mcc234.3gppnetwork', 'valid_from': '2026-07-19T03:21:47.771528+00:00', 'valid_until': '2027-07-20T03:21:47.771528+00:00', 'claims': {'agent_name': 'RobotDog', 'agent_id': 'did:udid:type2.rid678.achid0.userid1380013811116334@6gc.mnc015.mcc234.3gppnetwork.org', 'agent_attribute': '高清摄像', 'authorization_mode': 'Mode2'}, 'proof': {'creator': 'did:robotfactoryissuer@6gc.mnc015.mcc234.3gppnetwork#keys-1', 'signature_value': 'MEQCIH6B65BftrC5kOILMgFSYOcSjf+QY9WBJgB+epbIy9bGAiAPV0GURYU9sA/Sz4m1mgBnxyo/d4znIYxCMGdIWPLpzQ=='}}], 'agent_name': 'RobotDog', 'owner': '13800138111', 'priority': 4, 'metadata': {'region': 'CN', 'role': 'collaborator'}}
2026-07-20 11:21:47 [INFO] HttpClient - HTTP POST http://192.168.1.10:9010/arf/v1/agent-cards
{
  "agent_id": "did:udid:type2.rid678.achid0.userid1380013811116334@6gc.mnc015.mcc234.3gppnetwork.org",
  "priority": 4,
  "timestamp": "2026-07-20T03:21:47Z",
  "signature": "MEUCIBQsTSh/9PAt1ZOOZ080CoempusQr/wjMbmDiMLdigxvAiEAsqthBoTlbSdaHve8lbP3Zuda/vhmqwQWRFikmI1GENY=",
  "signature_encoding": "base64",
  "vc_list": [
    {
      "context": [
        "3gpp-ts-33.xxx-v20.0.0"
      ],
      "id": "CMCC/credentials/7440",
      "type": [
        "VerifiableCredential",
        "BindingSIMCredential"
      ],
      "issuer": "did:udid:idm@6gc.mnc015.mcc234.3gppnetwork.org",
      "valid_from": "2026-07-20T03:21:43Z",
      "valid_until": "2027-07-20T03:21:43Z",
      "claims": {
        "agent_name": "RobotDog",
        "agent_id": "did:udid:type2.rid678.achid0.userid1380013811116334@6gc.mnc015.mcc234.3gppnetwork.org",
        "agent_attribute": "6G业务开通",
        "master_id": "type0.rid678.schid0.userid1userid20001@6gc0001@6gc.mnc015.mcc234.3gppnetwork.org",
        "self_id": "type0.rid678.schid0..mnc015.mcc234.3gppnetwork.org"
      },
      "proof": {
        "creator": "did:udid:idm@6gc.mnc015.mcc234.3gppnetwork.org#keys-1",
        "signature_value": "MEUCIAOIg3YGnvsoHLpprFf1bZFcDX9f0rtIDAus+IULloD7AiEAwhySHYIsxQz4uQjk/LZxl0X2DdNLBhf4zYfiVeGubkw="
      }
    },
    {
      "context": [
        "3gpp-ts-33.xxx-v20.0.0"
      ],
      "id": "robot-factory/credentials/4782",
      "type": [
        "VerifiableCredential",
        "BindingSIMCredential"
      ],
      "issuer": "did:robotfactoryissuer@6gc.mnc015.mcc234.3gppnetwork",
      "valid_from": "2026-07-19T03:21:47.771528+00:00",
      "valid_until": "2027-07-20T03:21:47.771528+00:00",
      "claims": {
        "agent_name": "RobotDog",
        "agent_id": "did:udid:type2.rid678.achid0.userid1380013811116334@6gc.mnc015.mcc234.3gppnetwork.org",
        "agent_attribute": "载重运输",
        "authorization_mode": "Mode2"
      },
      "proof": {
        "creator": "did:robotfactoryissuer@6gc.mnc015.mcc234.3gppnetwork#keys-1",
        "signature_value": "MEUCIDL/CtWKgr86qNMOwyePn6HD6XRsuL0C11Hy1NFL/nXFAiEAwwulGaiE94+hvv3L59UPs/ue1i/GNdFFBlwYE1fPeHo="
      }
    },
    {
      "context": [
        "3gpp-ts-33.xxx-v20.0.0"
      ],
      "id": "robot-factory/credentials/0162",
      "type": [
        "VerifiableCredential",
        "BindingSIMCredential"
      ],
      "issuer": "did:robotfactoryissuer@6gc.mnc015.mcc234.3gppnetwork",
      "valid_from": "2026-07-19T03:21:47.771528+00:00",
      "valid_until": "2027-07-20T03:21:47.771528+00:00",
      "claims": {
        "agent_name": "RobotDog",
        "agent_id": "did:udid:type2.rid678.achid0.userid1380013811116334@6gc.mnc015.mcc234.3gppnetwork.org",
        "agent_attribute": "自主导航",
        "authorization_mode": "Mode2"
      },
      "proof": {
        "creator": "did:robotfactoryissuer@6gc.mnc015.mcc234.3gppnetwork#keys-1",
        "signature_value": "MEYCIQC2l1RmPAxMhUIeEf+VjNME5guOb/0/hjbAg5VrUdeUggIhAPNuXu63JzOvmaYMjrW99QtBtEK7q5XhF5JWQgRUdTAE"
      }
    },
    {
      "context": [
        "3gpp-ts-33.xxx-v20.0.0"
      ],
      "id": "robot-factory/credentials/9233",
      "type": [
        "VerifiableCredential",
        "BindingSIMCredential"
      ],
      "issuer": "did:robotfactoryissuer@6gc.mnc015.mcc234.3gppnetwork",
      "valid_from": "2026-07-19T03:21:47.771528+00:00",
      "valid_until": "2027-07-20T03:21:47.771528+00:00",
      "claims": {
        "agent_name": "RobotDog",
        "agent_id": "did:udid:type2.rid678.achid0.userid1380013811116334@6gc.mnc015.mcc234.3gppnetwork.org",
        "agent_attribute": "高清摄像",
        "authorization_mode": "Mode2"
      },
      "proof": {
        "creator": "did:robotfactoryissuer@6gc.mnc015.mcc234.3gppnetwork#keys-1",
        "signature_value": "MEQCIH6B65BftrC5kOILMgFSYOcSjf+QY9WBJgB+epbIy9bGAiAPV0GURYU9sA/Sz4m1mgBnxyo/d4znIYxCMGdIWPLpzQ=="
      }
    }
  ]
}
2026-07-20 11:21:48 [INFO] httpx - HTTP Request: POST http://192.168.1.10:9010/arf/v1/agent-cards "HTTP/1.1 200 OK"
2026-07-20 11:21:48 [INFO] HttpClient - HTTP response /arf/v1/agent-cards
{
  "status": "OK"
}
2026-07-20 11:21:48 [INFO] AcnSDK - Robot attribute registered. agent_id=did:udid:type2.rid678.achid0.userid1380013811116334@6gc.mnc015.mcc234.3gppnetwork.org
2026-07-20 11:21:48 [INFO] WebSocketClient - Connecting websocket to ws://192.168.1.10:9002/ws
2026-07-20 11:21:48 [INFO] WebSocketClient - Websocket connected.
2026-07-20 11:21:48 [INFO] WebSocketClient - Sending websocket payload
{
  "type": "SETUP",
  "timestamp": "2026-07-20T03:21:48Z",
  "payload": {
    "src_agent_id": "did:udid:type2.rid678.achid0.userid1380013811116334@6gc.mnc015.mcc234.3gppnetwork.org"
  }
}
2026-07-20 11:21:48 [INFO] WebSocketClient - Received websocket payload
{
  "type": "SETUP",
  "timestamp": "2026-07-20T03:21:44.545346Z",
  "payload": {
    "status": "OK"
  }
}
2026-07-20 11:21:48 [INFO] MoQClient - Connecting MoQ client role=publisher remote=192.168.1.10:9003
2026-07-20 11:21:48 [INFO] moq.pub.publisher - MOQPublisher initialized for 192.168.1.10:9003
2026-07-20 11:21:48 [INFO] moq.pub.publisher - Connecting to relay at 192.168.1.10:9003
2026-07-20 11:21:48 [INFO] moq.transport.quic_transport - QUIC client config: congestion=cubic max_data=67108864 max_stream_data=67108864
2026-07-20 11:21:48 [INFO] moq.transport.quic_transport - Connecting to 192.168.1.10:9003
2026-07-20 11:21:48 [INFO] moq.transport.quic_transport - MOQQuicProtocol initialized
2026-07-20 11:21:48 [INFO] quic - [8a3e36c96f145223] Negotiated protocol version 0x00000001 (VERSION_1)
2026-07-20 11:21:48 [INFO] quic - [8a3e36c96f145223] ALPN negotiated protocol moq-00
2026-07-20 11:21:48 [INFO] moq.transport.quic_transport - QUIC connection established
2026-07-20 11:21:48 [INFO] moq.session.session - MOQSession created: session_id=pub-281472868079440, role=PUBLISHER
2026-07-20 11:21:48 [INFO] moq.session.session - Sent SETUP: version=4278190097, role=PUBLISHER
2026-07-20 11:21:48 [INFO] moq.pub.publisher - Connected to relay
2026-07-20 11:21:48 [INFO] MoQClient - MoQ publisher connected to relay
2026-07-20 11:21:48 [INFO] MoQClient - MoQ client connected role=publisher remote=192.168.1.10:9003
2026-07-20 11:21:48 [INFO] MoQClient - Connecting MoQ client role=subscriber remote=192.168.1.10:9003
2026-07-20 11:21:48 [INFO] moq.sub.subscriber - MOQSubscriber initialized for 192.168.1.10:9003
2026-07-20 11:21:48 [INFO] moq.sub.subscriber - Connecting to relay at 192.168.1.10:9003
2026-07-20 11:21:48 [INFO] moq.transport.quic_transport - QUIC client config: congestion=cubic max_data=67108864 max_stream_data=67108864
2026-07-20 11:21:48 [INFO] moq.transport.quic_transport - Connecting to 192.168.1.10:9003
2026-07-20 11:21:48 [INFO] moq.transport.quic_transport - MOQQuicProtocol initialized
2026-07-20 11:21:48 [INFO] quic - [8c42df4aed2ba96b] Negotiated protocol version 0x00000001 (VERSION_1)
2026-07-20 11:21:48 [INFO] quic - [8c42df4aed2ba96b] ALPN negotiated protocol moq-00
2026-07-20 11:21:48 [INFO] moq.transport.quic_transport - QUIC connection established
2026-07-20 11:21:48 [INFO] moq.session.session - MOQSession created: session_id=sub-281472868087744, role=SUBSCRIBER
2026-07-20 11:21:48 [INFO] moq.session.session - Sent SETUP: version=4278190097, role=SUBSCRIBER
2026-07-20 11:21:48 [INFO] moq.sub.subscriber - Connected to relay
2026-07-20 11:21:48 [INFO] MoQClient - MoQ subscriber connected to relay
2026-07-20 11:21:48 [INFO] MoQClient - MoQ client connected role=subscriber remote=192.168.1.10:9003
2026-07-20 11:21:48 [INFO] AcnSDK - Background network listener started.
2026-07-20 11:21:48 [INFO] AcnSDK - Network join successful for agent_id=did:udid:type2.rid678.achid0.userid1380013811116334@6gc.mnc015.mcc234.3gppnetwork.org
2026-07-20 11:21:48 [INFO] AcnSDK - Queried local agent info agent_id=did:udid:type2.rid678.achid0.userid1380013811116334@6gc.mnc015.mcc234.3gppnetwork.org
2026-07-20 11:21:48 [INFO] HttpClient - HTTP POST http://192.168.1.10:9010/acn-agent/v1/owner-agents
{
  "owner": "13800138111"
}
2026-07-20 11:21:48 [INFO] httpx - HTTP Request: POST http://192.168.1.10:9010/acn-agent/v1/owner-agents "HTTP/1.1 200 OK"
2026-07-20 11:21:48 [INFO] HttpClient - HTTP response /acn-agent/v1/owner-agents
{
  "owner": "13800138111",
  "total": 1,
  "agents": [
    {
      "agent_id": "did:udid:type2.rid678.achid0.userid1380013811116334@6gc.mnc015.mcc234.3gppnetwork.org",
      "agent_name": "RobotDog",
      "description": "RobotDogModel, SN654321"
    }
  ]
}
2026-07-20 11:21:48 [INFO] AcnSDK - Queried agent list owner=13800138111
2026-07-20 11:22:02 [INFO] AcnSDK - Cleared identity cache file: /home/unitree/zxy/imt/acn_sdk/data/identity.json
2026-07-20 11:22:02 [INFO] AcnSDK - AcnSDK initialized for agent=RobotDog, network_status=offline
2026-07-20 11:22:02 [INFO] AcnSDK - SDK network endpoints acn_agent=9010 ws=9002 moq=9003 web_ui=9005
2026-07-20 11:22:02 [INFO] IdentityManager - Persisted identity state: {'agent_id': 'did:udid:type2.rid678.achid0.userid1380013811116334@6gc.mnc015.mcc234.3gppnetwork.org', 'vc0': {'context': ['3gpp-ts-33.xxx-v20.0.0'], 'id': 'CMCC/credentials/7440', 'type': ['VerifiableCredential', 'BindingSIMCredential'], 'issuer': 'did:udid:idm@6gc.mnc015.mcc234.3gppnetwork.org', 'valid_from': '2026-07-20T03:21:43Z', 'valid_until': '2027-07-20T03:21:43Z', 'claims': {'agent_name': 'RobotDog', 'agent_id': 'did:udid:type2.rid678.achid0.userid1380013811116334@6gc.mnc015.mcc234.3gppnetwork.org', 'agent_attribute': '6G业务开通', 'master_id': 'type0.rid678.schid0.userid1userid20001@6gc0001@6gc.mnc015.mcc234.3gppnetwork.org', 'self_id': 'type0.rid678.schid0..mnc015.mcc234.3gppnetwork.org'}, 'proof': {'creator': 'did:udid:idm@6gc.mnc015.mcc234.3gppnetwork.org#keys-1', 'signature_value': 'MEUCIAOIg3YGnvsoHLpprFf1bZFcDX9f0rtIDAus+IULloD7AiEAwhySHYIsxQz4uQjk/LZxl0X2DdNLBhf4zYfiVeGubkw='}}, 'capability_names': ['载重运输', '自主导航', '高清摄像'], 'capability_vcs': [{'context': ['3gpp-ts-33.xxx-v20.0.0'], 'id': 'robot-factory/credentials/4782', 'type': ['VerifiableCredential', 'BindingSIMCredential'], 'issuer': 'did:robotfactoryissuer@6gc.mnc015.mcc234.3gppnetwork', 'valid_from': '2026-07-19T03:21:47.771528+00:00', 'valid_until': '2027-07-20T03:21:47.771528+00:00', 'claims': {'agent_name': 'RobotDog', 'agent_id': 'did:udid:type2.rid678.achid0.userid1380013811116334@6gc.mnc015.mcc234.3gppnetwork.org', 'agent_attribute': '载重运输', 'authorization_mode': 'Mode2'}, 'proof': {'creator': 'did:robotfactoryissuer@6gc.mnc015.mcc234.3gppnetwork#keys-1', 'signature_value': 'MEUCIDL/CtWKgr86qNMOwyePn6HD6XRsuL0C11Hy1NFL/nXFAiEAwwulGaiE94+hvv3L59UPs/ue1i/GNdFFBlwYE1fPeHo='}}, {'context': ['3gpp-ts-33.xxx-v20.0.0'], 'id': 'robot-factory/credentials/0162', 'type': ['VerifiableCredential', 'BindingSIMCredential'], 'issuer': 'did:robotfactoryissuer@6gc.mnc015.mcc234.3gppnetwork', 'valid_from': '2026-07-19T03:21:47.771528+00:00', 'valid_until': '2027-07-20T03:21:47.771528+00:00', 'claims': {'agent_name': 'RobotDog', 'agent_id': 'did:udid:type2.rid678.achid0.userid1380013811116334@6gc.mnc015.mcc234.3gppnetwork.org', 'agent_attribute': '自主导航', 'authorization_mode': 'Mode2'}, 'proof': {'creator': 'did:robotfactoryissuer@6gc.mnc015.mcc234.3gppnetwork#keys-1', 'signature_value': 'MEYCIQC2l1RmPAxMhUIeEf+VjNME5guOb/0/hjbAg5VrUdeUggIhAPNuXu63JzOvmaYMjrW99QtBtEK7q5XhF5JWQgRUdTAE'}}, {'context': ['3gpp-ts-33.xxx-v20.0.0'], 'id': 'robot-factory/credentials/9233', 'type': ['VerifiableCredential', 'BindingSIMCredential'], 'issuer': 'did:robotfactoryissuer@6gc.mnc015.mcc234.3gppnetwork', 'valid_from': '2026-07-19T03:21:47.771528+00:00', 'valid_until': '2027-07-20T03:21:47.771528+00:00', 'claims': {'agent_name': 'RobotDog', 'agent_id': 'did:udid:type2.rid678.achid0.userid1380013811116334@6gc.mnc015.mcc234.3gppnetwork.org', 'agent_attribute': '高清摄像', 'authorization_mode': 'Mode2'}, 'proof': {'creator': 'did:robotfactoryissuer@6gc.mnc015.mcc234.3gppnetwork#keys-1', 'signature_value': 'MEQCIH6B65BftrC5kOILMgFSYOcSjf+QY9WBJgB+epbIy9bGAiAPV0GURYU9sA/Sz4m1mgBnxyo/d4znIYxCMGdIWPLpzQ=='}}], 'agent_name': 'RobotDog', 'owner': '13800138111', 'priority': 4, 'metadata': {'region': 'CN', 'role': 'collaborator'}}
2026-07-20 11:22:02 [INFO] WebSocketClient - Connecting websocket to ws://192.168.1.10:9002/ws
2026-07-20 11:22:02 [INFO] WebSocketClient - Websocket connected.
2026-07-20 11:22:02 [INFO] WebSocketClient - Sending websocket payload
{
  "type": "SETUP",
  "timestamp": "2026-07-20T03:22:02Z",
  "payload": {
    "src_agent_id": "did:udid:type2.rid678.achid0.userid1380013811116334@6gc.mnc015.mcc234.3gppnetwork.org"
  }
}
2026-07-20 11:22:02 [INFO] WebSocketClient - Received websocket payload
{
  "type": "SETUP",
  "timestamp": "2026-07-20T03:21:58.716280Z",
  "payload": {
    "status": "OK"
  }
}
2026-07-20 11:22:02 [INFO] MoQClient - Connecting MoQ client role=publisher remote=192.168.1.10:9003
2026-07-20 11:22:02 [INFO] moq.pub.publisher - MOQPublisher initialized for 192.168.1.10:9003
2026-07-20 11:22:02 [INFO] moq.pub.publisher - Connecting to relay at 192.168.1.10:9003
2026-07-20 11:22:02 [INFO] moq.transport.quic_transport - QUIC client config: congestion=cubic max_data=67108864 max_stream_data=67108864
2026-07-20 11:22:02 [INFO] moq.transport.quic_transport - Connecting to 192.168.1.10:9003
2026-07-20 11:22:02 [INFO] moq.transport.quic_transport - MOQQuicProtocol initialized
2026-07-20 11:22:02 [INFO] quic - [778874a4b6015037] Negotiated protocol version 0x00000001 (VERSION_1)
2026-07-20 11:22:02 [INFO] quic - [778874a4b6015037] ALPN negotiated protocol moq-00
2026-07-20 11:22:02 [INFO] moq.transport.quic_transport - QUIC connection established
2026-07-20 11:22:02 [INFO] moq.session.session - MOQSession created: session_id=pub-281473096440016, role=PUBLISHER
2026-07-20 11:22:02 [INFO] moq.session.session - Sent SETUP: version=4278190097, role=PUBLISHER
2026-07-20 11:22:02 [INFO] moq.pub.publisher - Connected to relay
2026-07-20 11:22:02 [INFO] MoQClient - MoQ publisher connected to relay
2026-07-20 11:22:02 [INFO] MoQClient - MoQ client connected role=publisher remote=192.168.1.10:9003
2026-07-20 11:22:02 [INFO] MoQClient - Connecting MoQ client role=subscriber remote=192.168.1.10:9003
2026-07-20 11:22:02 [INFO] moq.sub.subscriber - MOQSubscriber initialized for 192.168.1.10:9003
2026-07-20 11:22:02 [INFO] moq.sub.subscriber - Connecting to relay at 192.168.1.10:9003
2026-07-20 11:22:02 [INFO] moq.transport.quic_transport - QUIC client config: congestion=cubic max_data=67108864 max_stream_data=67108864
2026-07-20 11:22:02 [INFO] moq.transport.quic_transport - Connecting to 192.168.1.10:9003
2026-07-20 11:22:02 [INFO] moq.transport.quic_transport - MOQQuicProtocol initialized
2026-07-20 11:22:02 [INFO] quic - [482873b3602569fa] Negotiated protocol version 0x00000001 (VERSION_1)
2026-07-20 11:22:02 [INFO] quic - [482873b3602569fa] ALPN negotiated protocol moq-00
2026-07-20 11:22:02 [INFO] moq.transport.quic_transport - QUIC connection established
2026-07-20 11:22:02 [INFO] moq.session.session - MOQSession created: session_id=sub-281473096865376, role=SUBSCRIBER
2026-07-20 11:22:02 [INFO] moq.session.session - Sent SETUP: version=4278190097, role=SUBSCRIBER
2026-07-20 11:22:02 [INFO] moq.sub.subscriber - Connected to relay
2026-07-20 11:22:02 [INFO] MoQClient - MoQ subscriber connected to relay
2026-07-20 11:22:02 [INFO] MoQClient - MoQ client connected role=subscriber remote=192.168.1.10:9003
2026-07-20 11:22:02 [INFO] AcnSDK - Background network listener started.
2026-07-20 11:22:02 [INFO] AcnSDK - Network join successful for agent_id=did:udid:type2.rid678.achid0.userid1380013811116334@6gc.mnc015.mcc234.3gppnetwork.org
2026-07-20 11:22:02 [INFO] WebSocketClient - Sending websocket payload
{
  "type": "DISCONNECTION",
  "timestamp": "2026-07-20T03:22:02Z",
  "payload": {
    "src_agent_id": "did:udid:type2.rid678.achid0.userid1380013811116334@6gc.mnc015.mcc234.3gppnetwork.org"
  }
}
2026-07-20 11:22:02 [INFO] WebSocketClient - Disconnecting websocket from ws://192.168.1.10:9002/ws
2026-07-20 11:22:02 [INFO] MoQClient - Disconnecting MoQ client role=publisher remote=192.168.1.10:9003
2026-07-20 11:22:02 [INFO] moq.session.session - Closing session: pub-281473096440016
2026-07-20 11:22:02 [INFO] quic - [778874a4b6015037] Connection close sent (code 0x0, reason )
2026-07-20 11:22:02 [INFO] moq.transport.quic_transport - QUIC connection closed
2026-07-20 11:22:02 [INFO] MoQClient - MoQ client disconnected role=publisher remote=192.168.1.10:9003
2026-07-20 11:22:02 [INFO] MoQClient - Disconnecting MoQ client role=subscriber remote=192.168.1.10:9003
2026-07-20 11:22:02 [INFO] moq.session.session - Closing session: sub-281473096865376
2026-07-20 11:22:02 [INFO] quic - [482873b3602569fa] Connection close sent (code 0x0, reason )
2026-07-20 11:22:02 [INFO] moq.transport.quic_transport - QUIC connection closed
2026-07-20 11:22:02 [INFO] MoQClient - MoQ client disconnected role=subscriber remote=192.168.1.10:9003
2026-07-20 11:22:02 [INFO] TaskManager - Stopping all tasks: []
2026-07-20 11:22:02 [INFO] AcnSDK - Network state changed to offline
2026-07-20 11:22:02 [INFO] HttpClient - HTTP POST http://192.168.1.10:9010/acn-agent/v1/agent-deletions
{
  "agent_id": "did:udid:type2.rid678.achid0.userid1380013811116334@6gc.mnc015.mcc234.3gppnetwork.org",
  "reason": "demo completed",
  "timestamp": "2026-07-20T03:22:02Z",
  "signature": "MEQCIHwEbAxbEU77Ux/TOErKm+Yvrz7pLLkZWozp7qMvq+mQAiBcmceHln8yZqFxnZ7njIeGI5cep6I6tumyUQCKuw7KKQ==",
  "signature_encoding": "base64"
}
2026-07-20 11:22:03 [INFO] httpx - HTTP Request: POST http://192.168.1.10:9010/acn-agent/v1/agent-deletions "HTTP/1.1 200 OK"
2026-07-20 11:22:03 [INFO] HttpClient - HTTP response /acn-agent/v1/agent-deletions
{
  "result": "success",
  "agent_id": "did:udid:type2.rid678.achid0.userid1380013811116334@6gc.mnc015.mcc234.3gppnetwork.org",
  "message": "Agent profile and history deleted successfully",
  "forwarded_to_agent_gw": true,
  "agent_gw_response": {
    "success": true,
    "status_code": 200,
    "body": {
      "status": "OK"
    },
    "raw_text": null,
    "error": null
  }
}
2026-07-20 11:22:03 [INFO] IdentityManager - Clearing identity state.
2026-07-20 11:22:03 [INFO] IdentityManager - Persisted identity state: {'agent_id': None, 'vc0': None, 'capability_names': [], 'capability_vcs': [], 'agent_name': None, 'owner': None, 'priority': None, 'metadata': {}}
2026-07-20 11:22:03 [INFO] AcnSDK - Network state changed to offline
2026-07-20 11:22:03 [INFO] AcnSDK - Robot deregistered. agent_id=did:udid:type2.rid678.achid0.userid1380013811116334@6gc.mnc015.mcc234.3gppnetwork.org
2026-07-20 11:22:11 [INFO] AcnSDK - Cleared identity cache file: /home/unitree/zxy/imt/acn_sdk/data/identity.json
2026-07-20 11:22:11 [INFO] AcnSDK - AcnSDK initialized for agent=RobotDog, network_status=offline
2026-07-20 11:22:11 [INFO] AcnSDK - SDK network endpoints acn_agent=9010 ws=9002 moq=9003 web_ui=9005
2026-07-20 11:22:11 [INFO] HttpClient - HTTP POST http://192.168.1.10:9010/idm/v1/identity-applications
{
  "owner": "13800138111",
  "name": "RobotDog",
  "public_key": "-----BEGIN PUBLIC KEY-----\nMFkwEwYHKoZIzj0CAQYIKoZIzj0DAQcDQgAEjNqmCmtuP9IpEQb88DZmbN0nfAMT\nu0mALPHBfC+5PQSKfmfgFQoiv30y7MZCB4iQHIEf4S7+dHY/x6KK0s6Dfw==\n-----END PUBLIC KEY-----\n",
  "description": "RobotDogModel, SN654321",
  "timestamp": "2026-07-20T03:22:11Z",
  "metadata": {
    "region": "CN",
    "role": "collaborator"
  },
  "signature": "MEQCIHSVu+d2ximSCk9jYI4NcEy8DXhieKrbObgdnHLzOs9nAiAXhhrNGiju/Fz+ecFytxIGcZ45An5eoCTTJJvO5Y7Zlw==",
  "signature_encoding": "base64"
}
2026-07-20 11:22:11 [INFO] httpx - HTTP Request: POST http://192.168.1.10:9010/idm/v1/identity-applications "HTTP/1.1 200 OK"
2026-07-20 11:22:11 [INFO] HttpClient - HTTP response /idm/v1/identity-applications
{
  "result": "success",
  "agent_id": "did:udid:type2.rid678.achid0.userid1380013811165093@6gc.mnc015.mcc234.3gppnetwork.org",
  "vc0": {
    "context": [
      "3gpp-ts-33.xxx-v20.0.0"
    ],
    "id": "CMCC/credentials/8721",
    "type": [
      "VerifiableCredential",
      "BindingSIMCredential"
    ],
    "issuer": "did:udid:idm@6gc.mnc015.mcc234.3gppnetwork.org",
    "valid_from": "2026-07-20T03:22:08Z",
    "valid_until": "2027-07-20T03:22:08Z",
    "claims": {
      "agent_name": "RobotDog",
      "agent_id": "did:udid:type2.rid678.achid0.userid1380013811165093@6gc.mnc015.mcc234.3gppnetwork.org",
      "agent_attribute": "6G业务开通",
      "master_id": "type0.rid678.schid0.userid1userid20001@6gc0001@6gc.mnc015.mcc234.3gppnetwork.org",
      "self_id": "type0.rid678.schid0..mnc015.mcc234.3gppnetwork.org"
    },
    "proof": {
      "creator": "did:udid:idm@6gc.mnc015.mcc234.3gppnetwork.org#keys-1",
      "signature_value": "MEYCIQCm/M6AlhF8UN4RB3rhctiN3qP5ybTeIeUPFKR06RehswIhAI88B6HKmGGv/jqMbeQuOSzBSr6AomSR/BG69pzNF7sx"
    }
  }
}
2026-07-20 11:22:11 [INFO] IdentityManager - Persisted identity state: {'agent_id': 'did:udid:type2.rid678.achid0.userid1380013811165093@6gc.mnc015.mcc234.3gppnetwork.org', 'vc0': {'context': ['3gpp-ts-33.xxx-v20.0.0'], 'id': 'CMCC/credentials/8721', 'type': ['VerifiableCredential', 'BindingSIMCredential'], 'issuer': 'did:udid:idm@6gc.mnc015.mcc234.3gppnetwork.org', 'valid_from': '2026-07-20T03:22:08Z', 'valid_until': '2027-07-20T03:22:08Z', 'claims': {'agent_name': 'RobotDog', 'agent_id': 'did:udid:type2.rid678.achid0.userid1380013811165093@6gc.mnc015.mcc234.3gppnetwork.org', 'agent_attribute': '6G业务开通', 'master_id': 'type0.rid678.schid0.userid1userid20001@6gc0001@6gc.mnc015.mcc234.3gppnetwork.org', 'self_id': 'type0.rid678.schid0..mnc015.mcc234.3gppnetwork.org'}, 'proof': {'creator': 'did:udid:idm@6gc.mnc015.mcc234.3gppnetwork.org#keys-1', 'signature_value': 'MEYCIQCm/M6AlhF8UN4RB3rhctiN3qP5ybTeIeUPFKR06RehswIhAI88B6HKmGGv/jqMbeQuOSzBSr6AomSR/BG69pzNF7sx'}}, 'capability_names': [], 'capability_vcs': [], 'agent_name': 'RobotDog', 'owner': '13800138111', 'priority': 4, 'metadata': {'region': 'CN', 'role': 'collaborator'}}
2026-07-20 11:22:11 [INFO] AcnSDK - Agent registered. agent_id=did:udid:type2.rid678.achid0.userid1380013811165093@6gc.mnc015.mcc234.3gppnetwork.org
2026-07-20 11:22:11 [INFO] CredentialIssuer - Issued capability VCs: [{'context': ['3gpp-ts-33.xxx-v20.0.0'], 'id': 'robot-factory/credentials/2749', 'type': ['VerifiableCredential', 'BindingSIMCredential'], 'issuer': 'did:robotfactoryissuer@6gc.mnc015.mcc234.3gppnetwork', 'valid_from': '2026-07-19T03:22:11.927363+00:00', 'valid_until': '2027-07-20T03:22:11.927363+00:00', 'claims': {'agent_name': 'RobotDog', 'agent_id': 'did:udid:type2.rid678.achid0.userid1380013811165093@6gc.mnc015.mcc234.3gppnetwork.org', 'agent_attribute': '载重运输', 'authorization_mode': 'Mode2'}, 'proof': {'creator': 'did:robotfactoryissuer@6gc.mnc015.mcc234.3gppnetwork#keys-1', 'signature_value': 'MEYCIQCNT9pXgpAvPkT5gfnqViN09QnTUZyqDj5qtql6+tH+rAIhAM1rNuOuc8T+8rXrRoKkQ5IvL1+ZlQg0wnUyCH2qFZqn'}}, {'context': ['3gpp-ts-33.xxx-v20.0.0'], 'id': 'robot-factory/credentials/5184', 'type': ['VerifiableCredential', 'BindingSIMCredential'], 'issuer': 'did:robotfactoryissuer@6gc.mnc015.mcc234.3gppnetwork', 'valid_from': '2026-07-19T03:22:11.927363+00:00', 'valid_until': '2027-07-20T03:22:11.927363+00:00', 'claims': {'agent_name': 'RobotDog', 'agent_id': 'did:udid:type2.rid678.achid0.userid1380013811165093@6gc.mnc015.mcc234.3gppnetwork.org', 'agent_attribute': '自主导航', 'authorization_mode': 'Mode2'}, 'proof': {'creator': 'did:robotfactoryissuer@6gc.mnc015.mcc234.3gppnetwork#keys-1', 'signature_value': 'MEUCIQC+ER2hG8m80k2sLCLfz9Fw5xhLgZmlwlup6w1zhTbD2gIgH729KXH7WKtVtRDLCf2sy2KBdHXGbikSgvU7KE2e9Ng='}}, {'context': ['3gpp-ts-33.xxx-v20.0.0'], 'id': 'robot-factory/credentials/1181', 'type': ['VerifiableCredential', 'BindingSIMCredential'], 'issuer': 'did:robotfactoryissuer@6gc.mnc015.mcc234.3gppnetwork', 'valid_from': '2026-07-19T03:22:11.927363+00:00', 'valid_until': '2027-07-20T03:22:11.927363+00:00', 'claims': {'agent_name': 'RobotDog', 'agent_id': 'did:udid:type2.rid678.achid0.userid1380013811165093@6gc.mnc015.mcc234.3gppnetwork.org', 'agent_attribute': '高清摄像', 'authorization_mode': 'Mode2'}, 'proof': {'creator': 'did:robotfactoryissuer@6gc.mnc015.mcc234.3gppnetwork#keys-1', 'signature_value': 'MEUCIQD4VsIdwCgy8kGo6BxRBgwYT+WIHszNkVKMSNdsNrEAJwIgNXCofQK89WvS6NyuqpasfeGlnTqOzid/YRLS75PhEpA='}}]
2026-07-20 11:22:11 [INFO] IdentityManager - Persisted identity state: {'agent_id': 'did:udid:type2.rid678.achid0.userid1380013811165093@6gc.mnc015.mcc234.3gppnetwork.org', 'vc0': {'context': ['3gpp-ts-33.xxx-v20.0.0'], 'id': 'CMCC/credentials/8721', 'type': ['VerifiableCredential', 'BindingSIMCredential'], 'issuer': 'did:udid:idm@6gc.mnc015.mcc234.3gppnetwork.org', 'valid_from': '2026-07-20T03:22:08Z', 'valid_until': '2027-07-20T03:22:08Z', 'claims': {'agent_name': 'RobotDog', 'agent_id': 'did:udid:type2.rid678.achid0.userid1380013811165093@6gc.mnc015.mcc234.3gppnetwork.org', 'agent_attribute': '6G业务开通', 'master_id': 'type0.rid678.schid0.userid1userid20001@6gc0001@6gc.mnc015.mcc234.3gppnetwork.org', 'self_id': 'type0.rid678.schid0..mnc015.mcc234.3gppnetwork.org'}, 'proof': {'creator': 'did:udid:idm@6gc.mnc015.mcc234.3gppnetwork.org#keys-1', 'signature_value': 'MEYCIQCm/M6AlhF8UN4RB3rhctiN3qP5ybTeIeUPFKR06RehswIhAI88B6HKmGGv/jqMbeQuOSzBSr6AomSR/BG69pzNF7sx'}}, 'capability_names': ['载重运输', '自主导航', '高清摄像'], 'capability_vcs': [{'context': ['3gpp-ts-33.xxx-v20.0.0'], 'id': 'robot-factory/credentials/2749', 'type': ['VerifiableCredential', 'BindingSIMCredential'], 'issuer': 'did:robotfactoryissuer@6gc.mnc015.mcc234.3gppnetwork', 'valid_from': '2026-07-19T03:22:11.927363+00:00', 'valid_until': '2027-07-20T03:22:11.927363+00:00', 'claims': {'agent_name': 'RobotDog', 'agent_id': 'did:udid:type2.rid678.achid0.userid1380013811165093@6gc.mnc015.mcc234.3gppnetwork.org', 'agent_attribute': '载重运输', 'authorization_mode': 'Mode2'}, 'proof': {'creator': 'did:robotfactoryissuer@6gc.mnc015.mcc234.3gppnetwork#keys-1', 'signature_value': 'MEYCIQCNT9pXgpAvPkT5gfnqViN09QnTUZyqDj5qtql6+tH+rAIhAM1rNuOuc8T+8rXrRoKkQ5IvL1+ZlQg0wnUyCH2qFZqn'}}, {'context': ['3gpp-ts-33.xxx-v20.0.0'], 'id': 'robot-factory/credentials/5184', 'type': ['VerifiableCredential', 'BindingSIMCredential'], 'issuer': 'did:robotfactoryissuer@6gc.mnc015.mcc234.3gppnetwork', 'valid_from': '2026-07-19T03:22:11.927363+00:00', 'valid_until': '2027-07-20T03:22:11.927363+00:00', 'claims': {'agent_name': 'RobotDog', 'agent_id': 'did:udid:type2.rid678.achid0.userid1380013811165093@6gc.mnc015.mcc234.3gppnetwork.org', 'agent_attribute': '自主导航', 'authorization_mode': 'Mode2'}, 'proof': {'creator': 'did:robotfactoryissuer@6gc.mnc015.mcc234.3gppnetwork#keys-1', 'signature_value': 'MEUCIQC+ER2hG8m80k2sLCLfz9Fw5xhLgZmlwlup6w1zhTbD2gIgH729KXH7WKtVtRDLCf2sy2KBdHXGbikSgvU7KE2e9Ng='}}, {'context': ['3gpp-ts-33.xxx-v20.0.0'], 'id': 'robot-factory/credentials/1181', 'type': ['VerifiableCredential', 'BindingSIMCredential'], 'issuer': 'did:robotfactoryissuer@6gc.mnc015.mcc234.3gppnetwork', 'valid_from': '2026-07-19T03:22:11.927363+00:00', 'valid_until': '2027-07-20T03:22:11.927363+00:00', 'claims': {'agent_name': 'RobotDog', 'agent_id': 'did:udid:type2.rid678.achid0.userid1380013811165093@6gc.mnc015.mcc234.3gppnetwork.org', 'agent_attribute': '高清摄像', 'authorization_mode': 'Mode2'}, 'proof': {'creator': 'did:robotfactoryissuer@6gc.mnc015.mcc234.3gppnetwork#keys-1', 'signature_value': 'MEUCIQD4VsIdwCgy8kGo6BxRBgwYT+WIHszNkVKMSNdsNrEAJwIgNXCofQK89WvS6NyuqpasfeGlnTqOzid/YRLS75PhEpA='}}], 'agent_name': 'RobotDog', 'owner': '13800138111', 'priority': 4, 'metadata': {'region': 'CN', 'role': 'collaborator'}}
2026-07-20 11:22:11 [INFO] HttpClient - HTTP POST http://192.168.1.10:9010/arf/v1/agent-cards
{
  "agent_id": "did:udid:type2.rid678.achid0.userid1380013811165093@6gc.mnc015.mcc234.3gppnetwork.org",
  "priority": 4,
  "timestamp": "2026-07-20T03:22:11Z",
  "signature": "MEQCIByTXZepFiD+o1/mwM5S/QFUh/YqER8ugZYO42gHDsgmAiAPZwK0kZP9o2iyx+Ah2VgNVWUVXlitrjNWKqs5WE8XXQ==",
  "signature_encoding": "base64",
  "vc_list": [
    {
      "context": [
        "3gpp-ts-33.xxx-v20.0.0"
      ],
      "id": "CMCC/credentials/8721",
      "type": [
        "VerifiableCredential",
        "BindingSIMCredential"
      ],
      "issuer": "did:udid:idm@6gc.mnc015.mcc234.3gppnetwork.org",
      "valid_from": "2026-07-20T03:22:08Z",
      "valid_until": "2027-07-20T03:22:08Z",
      "claims": {
        "agent_name": "RobotDog",
        "agent_id": "did:udid:type2.rid678.achid0.userid1380013811165093@6gc.mnc015.mcc234.3gppnetwork.org",
        "agent_attribute": "6G业务开通",
        "master_id": "type0.rid678.schid0.userid1userid20001@6gc0001@6gc.mnc015.mcc234.3gppnetwork.org",
        "self_id": "type0.rid678.schid0..mnc015.mcc234.3gppnetwork.org"
      },
      "proof": {
        "creator": "did:udid:idm@6gc.mnc015.mcc234.3gppnetwork.org#keys-1",
        "signature_value": "MEYCIQCm/M6AlhF8UN4RB3rhctiN3qP5ybTeIeUPFKR06RehswIhAI88B6HKmGGv/jqMbeQuOSzBSr6AomSR/BG69pzNF7sx"
      }
    },
    {
      "context": [
        "3gpp-ts-33.xxx-v20.0.0"
      ],
      "id": "robot-factory/credentials/2749",
      "type": [
        "VerifiableCredential",
        "BindingSIMCredential"
      ],
      "issuer": "did:robotfactoryissuer@6gc.mnc015.mcc234.3gppnetwork",
      "valid_from": "2026-07-19T03:22:11.927363+00:00",
      "valid_until": "2027-07-20T03:22:11.927363+00:00",
      "claims": {
        "agent_name": "RobotDog",
        "agent_id": "did:udid:type2.rid678.achid0.userid1380013811165093@6gc.mnc015.mcc234.3gppnetwork.org",
        "agent_attribute": "载重运输",
        "authorization_mode": "Mode2"
      },
      "proof": {
        "creator": "did:robotfactoryissuer@6gc.mnc015.mcc234.3gppnetwork#keys-1",
        "signature_value": "MEYCIQCNT9pXgpAvPkT5gfnqViN09QnTUZyqDj5qtql6+tH+rAIhAM1rNuOuc8T+8rXrRoKkQ5IvL1+ZlQg0wnUyCH2qFZqn"
      }
    },
    {
      "context": [
        "3gpp-ts-33.xxx-v20.0.0"
      ],
      "id": "robot-factory/credentials/5184",
      "type": [
        "VerifiableCredential",
        "BindingSIMCredential"
      ],
      "issuer": "did:robotfactoryissuer@6gc.mnc015.mcc234.3gppnetwork",
      "valid_from": "2026-07-19T03:22:11.927363+00:00",
      "valid_until": "2027-07-20T03:22:11.927363+00:00",
      "claims": {
        "agent_name": "RobotDog",
        "agent_id": "did:udid:type2.rid678.achid0.userid1380013811165093@6gc.mnc015.mcc234.3gppnetwork.org",
        "agent_attribute": "自主导航",
        "authorization_mode": "Mode2"
      },
      "proof": {
        "creator": "did:robotfactoryissuer@6gc.mnc015.mcc234.3gppnetwork#keys-1",
        "signature_value": "MEUCIQC+ER2hG8m80k2sLCLfz9Fw5xhLgZmlwlup6w1zhTbD2gIgH729KXH7WKtVtRDLCf2sy2KBdHXGbikSgvU7KE2e9Ng="
      }
    },
    {
      "context": [
        "3gpp-ts-33.xxx-v20.0.0"
      ],
      "id": "robot-factory/credentials/1181",
      "type": [
        "VerifiableCredential",
        "BindingSIMCredential"
      ],
      "issuer": "did:robotfactoryissuer@6gc.mnc015.mcc234.3gppnetwork",
      "valid_from": "2026-07-19T03:22:11.927363+00:00",
      "valid_until": "2027-07-20T03:22:11.927363+00:00",
      "claims": {
        "agent_name": "RobotDog",
        "agent_id": "did:udid:type2.rid678.achid0.userid1380013811165093@6gc.mnc015.mcc234.3gppnetwork.org",
        "agent_attribute": "高清摄像",
        "authorization_mode": "Mode2"
      },
      "proof": {
        "creator": "did:robotfactoryissuer@6gc.mnc015.mcc234.3gppnetwork#keys-1",
        "signature_value": "MEUCIQD4VsIdwCgy8kGo6BxRBgwYT+WIHszNkVKMSNdsNrEAJwIgNXCofQK89WvS6NyuqpasfeGlnTqOzid/YRLS75PhEpA="
      }
    }
  ]
}
2026-07-20 11:22:12 [INFO] httpx - HTTP Request: POST http://192.168.1.10:9010/arf/v1/agent-cards "HTTP/1.1 200 OK"
2026-07-20 11:22:12 [INFO] HttpClient - HTTP response /arf/v1/agent-cards
{
  "status": "OK"
}
2026-07-20 11:22:12 [INFO] AcnSDK - Robot attribute registered. agent_id=did:udid:type2.rid678.achid0.userid1380013811165093@6gc.mnc015.mcc234.3gppnetwork.org
2026-07-20 11:22:12 [INFO] WebSocketClient - Connecting websocket to ws://192.168.1.10:9002/ws
2026-07-20 11:22:12 [INFO] WebSocketClient - Websocket connected.
2026-07-20 11:22:12 [INFO] WebSocketClient - Sending websocket payload
{
  "type": "SETUP",
  "timestamp": "2026-07-20T03:22:12Z",
  "payload": {
    "src_agent_id": "did:udid:type2.rid678.achid0.userid1380013811165093@6gc.mnc015.mcc234.3gppnetwork.org"
  }
}
2026-07-20 11:22:12 [INFO] WebSocketClient - Received websocket payload
{
  "type": "SETUP",
  "timestamp": "2026-07-20T03:22:08.661115Z",
  "payload": {
    "status": "OK"
  }
}
2026-07-20 11:22:12 [INFO] MoQClient - Connecting MoQ client role=publisher remote=192.168.1.10:9003
2026-07-20 11:22:12 [INFO] moq.pub.publisher - MOQPublisher initialized for 192.168.1.10:9003
2026-07-20 11:22:12 [INFO] moq.pub.publisher - Connecting to relay at 192.168.1.10:9003
2026-07-20 11:22:12 [INFO] moq.transport.quic_transport - QUIC client config: congestion=cubic max_data=67108864 max_stream_data=67108864
2026-07-20 11:22:12 [INFO] moq.transport.quic_transport - Connecting to 192.168.1.10:9003
2026-07-20 11:22:12 [INFO] moq.transport.quic_transport - MOQQuicProtocol initialized
2026-07-20 11:22:12 [INFO] quic - [ed5f3ac0534a5118] Negotiated protocol version 0x00000001 (VERSION_1)
2026-07-20 11:22:12 [INFO] quic - [ed5f3ac0534a5118] ALPN negotiated protocol moq-00
2026-07-20 11:22:12 [INFO] moq.transport.quic_transport - QUIC connection established
2026-07-20 11:22:12 [INFO] moq.session.session - MOQSession created: session_id=pub-281473782175520, role=PUBLISHER
2026-07-20 11:22:12 [INFO] moq.session.session - Sent SETUP: version=4278190097, role=PUBLISHER
2026-07-20 11:22:12 [INFO] moq.pub.publisher - Connected to relay
2026-07-20 11:22:12 [INFO] MoQClient - MoQ publisher connected to relay
2026-07-20 11:22:12 [INFO] MoQClient - MoQ client connected role=publisher remote=192.168.1.10:9003
2026-07-20 11:22:12 [INFO] MoQClient - Connecting MoQ client role=subscriber remote=192.168.1.10:9003
2026-07-20 11:22:12 [INFO] moq.sub.subscriber - MOQSubscriber initialized for 192.168.1.10:9003
2026-07-20 11:22:12 [INFO] moq.sub.subscriber - Connecting to relay at 192.168.1.10:9003
2026-07-20 11:22:12 [INFO] moq.transport.quic_transport - QUIC client config: congestion=cubic max_data=67108864 max_stream_data=67108864
2026-07-20 11:22:12 [INFO] moq.transport.quic_transport - Connecting to 192.168.1.10:9003
2026-07-20 11:22:12 [INFO] moq.transport.quic_transport - MOQQuicProtocol initialized
2026-07-20 11:22:12 [INFO] quic - [8b6423d97fbacd40] Negotiated protocol version 0x00000001 (VERSION_1)
2026-07-20 11:22:12 [INFO] quic - [8b6423d97fbacd40] ALPN negotiated protocol moq-00
2026-07-20 11:22:12 [INFO] moq.transport.quic_transport - QUIC connection established
2026-07-20 11:22:12 [INFO] moq.session.session - MOQSession created: session_id=sub-281473782183872, role=SUBSCRIBER
2026-07-20 11:22:12 [INFO] moq.session.session - Sent SETUP: version=4278190097, role=SUBSCRIBER
2026-07-20 11:22:12 [INFO] moq.sub.subscriber - Connected to relay
2026-07-20 11:22:12 [INFO] MoQClient - MoQ subscriber connected to relay
2026-07-20 11:22:12 [INFO] MoQClient - MoQ client connected role=subscriber remote=192.168.1.10:9003
2026-07-20 11:22:12 [INFO] AcnSDK - Background network listener started.
2026-07-20 11:22:12 [INFO] AcnSDK - Network join successful for agent_id=did:udid:type2.rid678.achid0.userid1380013811165093@6gc.mnc015.mcc234.3gppnetwork.org
2026-07-20 11:22:12 [INFO] AcnSDK - Queried local agent info agent_id=did:udid:type2.rid678.achid0.userid1380013811165093@6gc.mnc015.mcc234.3gppnetwork.org
2026-07-20 11:22:12 [INFO] HttpClient - HTTP POST http://192.168.1.10:9010/acn-agent/v1/owner-agents
{
  "owner": "13800138111"
}
2026-07-20 11:22:12 [INFO] httpx - HTTP Request: POST http://192.168.1.10:9010/acn-agent/v1/owner-agents "HTTP/1.1 200 OK"
2026-07-20 11:22:12 [INFO] HttpClient - HTTP response /acn-agent/v1/owner-agents
{
  "owner": "13800138111",
  "total": 1,
  "agents": [
    {
      "agent_id": "did:udid:type2.rid678.achid0.userid1380013811165093@6gc.mnc015.mcc234.3gppnetwork.org",
      "agent_name": "RobotDog",
      "description": "RobotDogModel, SN654321"
    }
  ]
}
2026-07-20 11:22:12 [INFO] AcnSDK - Queried agent list owner=13800138111
2026-07-20 11:22:28 [INFO] WebSocketClient - Received websocket payload
{
  "type": "TASK_REQUEST_COLLABORATION",
  "timestamp": "2026-07-20T03:22:24.518047Z",
  "payload": {
    "src_agent_id": "did:udid:type2.rid678.achid0.userid+861380013800014282@6gc.mnc015.mcc234.3gppnetwork.org",
    "dst_agent_id": "did:udid:type2.rid678.achid0.userid1380013811165093@6gc.mnc015.mcc234.3gppnetwork.org",
    "task_id": "task-12345",
    "task_description": "Collaboration task",
    "agent_card": {
      "agent_id": "did:udid:type2.rid678.achid0.userid+861380013800014282@6gc.mnc015.mcc234.3gppnetwork.org",
      "agent_name": "AR glasses",
      "skill": [
        "6G业务开通",
        "视觉共享",
        "远程操控"
      ]
    },
    "timestamp": "2026-07-20T03:22:24.518047Z"
  }
}
2026-07-20 11:22:28 [INFO] AcnSDK - Handling network message type=TASK_REQUEST_COLLABORATION payload=
{
  "src_agent_id": "did:udid:type2.rid678.achid0.userid+861380013800014282@6gc.mnc015.mcc234.3gppnetwork.org",
  "dst_agent_id": "did:udid:type2.rid678.achid0.userid1380013811165093@6gc.mnc015.mcc234.3gppnetwork.org",
  "task_id": "task-12345",
  "task_description": "Collaboration task",
  "agent_card": {
    "agent_id": "did:udid:type2.rid678.achid0.userid+861380013800014282@6gc.mnc015.mcc234.3gppnetwork.org",
    "agent_name": "AR glasses",
    "skill": [
      "6G业务开通",
      "视觉共享",
      "远程操控"
    ]
  },
  "timestamp": "2026-07-20T03:22:24.518047Z"
}
2026-07-20 11:22:28 [INFO] WebSocketClient - Sending websocket payload
{
  "type": "TASK_ACCEPT_COLLABORATION",
  "timestamp": "2026-07-20T03:22:28Z",
  "payload": {
    "src_agent_id": "did:udid:type2.rid678.achid0.userid1380013811165093@6gc.mnc015.mcc234.3gppnetwork.org",
    "dst_agent_id": "did:udid:type2.rid678.achid0.userid+861380013800014282@6gc.mnc015.mcc234.3gppnetwork.org",
    "task_id": "task-12345",
    "result": "OK"
  }
}
2026-07-20 11:22:28 [INFO] AcnSDK - Task collaboration accepted. task_id=task-12345 dst_agent_id=did:udid:type2.rid678.achid0.userid+861380013800014282@6gc.mnc015.mcc234.3gppnetwork.org
2026-07-20 11:22:28 [INFO] WebSocketClient - Received websocket payload
{
  "type": "START_TASK",
  "timestamp": "2026-07-20T03:22:24Z",
  "payload": {
    "src_agent_id": "did:udid:type2.rid678.achid0.userid+861380013800014282@6gc.mnc015.mcc234.3gppnetwork.org",
    "dst_agent_id": "did:udid:type2.rid678.achid0.userid1380013811165093@6gc.mnc015.mcc234.3gppnetwork.org",
    "task_id": "task-12345",
    "task_description": "协同任务"
  }
}
2026-07-20 11:22:28 [INFO] AcnSDK - Handling network message type=START_TASK payload=
{
  "src_agent_id": "did:udid:type2.rid678.achid0.userid+861380013800014282@6gc.mnc015.mcc234.3gppnetwork.org",
  "dst_agent_id": "did:udid:type2.rid678.achid0.userid1380013811165093@6gc.mnc015.mcc234.3gppnetwork.org",
  "task_id": "task-12345",
  "task_description": "协同任务"
}
2026-07-20 11:22:28 [INFO] HttpClient - HTTP POST http://192.168.1.10:9010/acn-agent/v1/task-executions
{
  "agent_id": "did:udid:type2.rid678.achid0.userid1380013811165093@6gc.mnc015.mcc234.3gppnetwork.org",
  "task_id": "task-12345",
  "description": "协同任务",
  "timestamp": "2026-07-20T03:22:28Z"
}
2026-07-20 11:22:28 [INFO] httpx - HTTP Request: POST http://192.168.1.10:9010/acn-agent/v1/task-executions "HTTP/1.1 200 OK"
2026-07-20 11:22:28 [INFO] HttpClient - HTTP response /acn-agent/v1/task-executions
{
  "status": "OK"
}
2026-07-20 11:22:28 [INFO] AcnSDK - Task execution requested. task_id=task-12345
2026-07-20 11:25:33 [ERROR] AcnSDK - Background network listener stopped after websocket receive failure.
Traceback (most recent call last):
  File "/home/unitree/zxy/imt/.venv/lib/python3.10/site-packages/websocket/_socket.py", line 127, in recv
    bytes_ = _recv()
  File "/home/unitree/zxy/imt/.venv/lib/python3.10/site-packages/websocket/_socket.py", line 99, in _recv
    return sock.recv(bufsize)
TimeoutError: [Errno 110] Connection timed out

During handling of the above exception, another exception occurred:

Traceback (most recent call last):
  File "/home/unitree/zxy/imt/acn_sdk/core/network_service.py", line 337, in _network_listener_loop
    message = websocket_client.receive_json()
  File "/home/unitree/zxy/imt/acn_sdk/network/websocket_client.py", line 37, in receive_json
    message = self.receive()
  File "/home/unitree/zxy/imt/acn_sdk/network/websocket_client.py", line 33, in receive
    message = self._connection.recv()
  File "/home/unitree/zxy/imt/.venv/lib/python3.10/site-packages/websocket/_core.py", line 395, in recv
    opcode, data = self.recv_data()
  File "/home/unitree/zxy/imt/.venv/lib/python3.10/site-packages/websocket/_core.py", line 423, in recv_data
    opcode, frame = self.recv_data_frame(control_frame)
  File "/home/unitree/zxy/imt/.venv/lib/python3.10/site-packages/websocket/_core.py", line 444, in recv_data_frame
    frame = self.recv_frame()
  File "/home/unitree/zxy/imt/.venv/lib/python3.10/site-packages/websocket/_core.py", line 485, in recv_frame
    return self.frame_buffer.recv_frame()
  File "/home/unitree/zxy/imt/.venv/lib/python3.10/site-packages/websocket/_abnf.py", line 375, in recv_frame
    self.recv_header()
  File "/home/unitree/zxy/imt/.venv/lib/python3.10/site-packages/websocket/_abnf.py", line 329, in recv_header
    header = self.recv_strict(2)
  File "/home/unitree/zxy/imt/.venv/lib/python3.10/site-packages/websocket/_abnf.py", line 418, in recv_strict
    bytes_ = self.recv(min(16384, shortage))
  File "/home/unitree/zxy/imt/.venv/lib/python3.10/site-packages/websocket/_core.py", line 581, in _recv
    return recv(self.sock, bufsize)
  File "/home/unitree/zxy/imt/.venv/lib/python3.10/site-packages/websocket/_socket.py", line 129, in recv
    raise WebSocketTimeoutException("Connection timed out")
websocket._exceptions.WebSocketTimeoutException: Connection timed out
2026-07-20 11:41:19 [INFO] AcnSDK - Cleared identity cache file: /home/unitree/zxy/imt/acn_sdk/data/identity.json
2026-07-20 11:41:20 [INFO] AcnSDK - AcnSDK initialized for agent=RobotDog, network_status=offline
2026-07-20 11:41:20 [INFO] AcnSDK - SDK network endpoints acn_agent=9010 ws=9002 moq=9003 web_ui=9005
2026-07-20 11:41:20 [INFO] IdentityManager - Persisted identity state: {'agent_id': 'did:udid:type2.rid678.achid0.userid1380013811165093@6gc.mnc015.mcc234.3gppnetwork.org', 'vc0': {'context': ['3gpp-ts-33.xxx-v20.0.0'], 'id': 'CMCC/credentials/8721', 'type': ['VerifiableCredential', 'BindingSIMCredential'], 'issuer': 'did:udid:idm@6gc.mnc015.mcc234.3gppnetwork.org', 'valid_from': '2026-07-20T03:22:08Z', 'valid_until': '2027-07-20T03:22:08Z', 'claims': {'agent_name': 'RobotDog', 'agent_id': 'did:udid:type2.rid678.achid0.userid1380013811165093@6gc.mnc015.mcc234.3gppnetwork.org', 'agent_attribute': '6G业务开通', 'master_id': 'type0.rid678.schid0.userid1userid20001@6gc0001@6gc.mnc015.mcc234.3gppnetwork.org', 'self_id': 'type0.rid678.schid0..mnc015.mcc234.3gppnetwork.org'}, 'proof': {'creator': 'did:udid:idm@6gc.mnc015.mcc234.3gppnetwork.org#keys-1', 'signature_value': 'MEYCIQCm/M6AlhF8UN4RB3rhctiN3qP5ybTeIeUPFKR06RehswIhAI88B6HKmGGv/jqMbeQuOSzBSr6AomSR/BG69pzNF7sx'}}, 'capability_names': ['载重运输', '自主导航', '高清摄像'], 'capability_vcs': [{'context': ['3gpp-ts-33.xxx-v20.0.0'], 'id': 'robot-factory/credentials/2749', 'type': ['VerifiableCredential', 'BindingSIMCredential'], 'issuer': 'did:robotfactoryissuer@6gc.mnc015.mcc234.3gppnetwork', 'valid_from': '2026-07-19T03:22:11.927363+00:00', 'valid_until': '2027-07-20T03:22:11.927363+00:00', 'claims': {'agent_name': 'RobotDog', 'agent_id': 'did:udid:type2.rid678.achid0.userid1380013811165093@6gc.mnc015.mcc234.3gppnetwork.org', 'agent_attribute': '载重运输', 'authorization_mode': 'Mode2'}, 'proof': {'creator': 'did:robotfactoryissuer@6gc.mnc015.mcc234.3gppnetwork#keys-1', 'signature_value': 'MEYCIQCNT9pXgpAvPkT5gfnqViN09QnTUZyqDj5qtql6+tH+rAIhAM1rNuOuc8T+8rXrRoKkQ5IvL1+ZlQg0wnUyCH2qFZqn'}}, {'context': ['3gpp-ts-33.xxx-v20.0.0'], 'id': 'robot-factory/credentials/5184', 'type': ['VerifiableCredential', 'BindingSIMCredential'], 'issuer': 'did:robotfactoryissuer@6gc.mnc015.mcc234.3gppnetwork', 'valid_from': '2026-07-19T03:22:11.927363+00:00', 'valid_until': '2027-07-20T03:22:11.927363+00:00', 'claims': {'agent_name': 'RobotDog', 'agent_id': 'did:udid:type2.rid678.achid0.userid1380013811165093@6gc.mnc015.mcc234.3gppnetwork.org', 'agent_attribute': '自主导航', 'authorization_mode': 'Mode2'}, 'proof': {'creator': 'did:robotfactoryissuer@6gc.mnc015.mcc234.3gppnetwork#keys-1', 'signature_value': 'MEUCIQC+ER2hG8m80k2sLCLfz9Fw5xhLgZmlwlup6w1zhTbD2gIgH729KXH7WKtVtRDLCf2sy2KBdHXGbikSgvU7KE2e9Ng='}}, {'context': ['3gpp-ts-33.xxx-v20.0.0'], 'id': 'robot-factory/credentials/1181', 'type': ['VerifiableCredential', 'BindingSIMCredential'], 'issuer': 'did:robotfactoryissuer@6gc.mnc015.mcc234.3gppnetwork', 'valid_from': '2026-07-19T03:22:11.927363+00:00', 'valid_until': '2027-07-20T03:22:11.927363+00:00', 'claims': {'agent_name': 'RobotDog', 'agent_id': 'did:udid:type2.rid678.achid0.userid1380013811165093@6gc.mnc015.mcc234.3gppnetwork.org', 'agent_attribute': '高清摄像', 'authorization_mode': 'Mode2'}, 'proof': {'creator': 'did:robotfactoryissuer@6gc.mnc015.mcc234.3gppnetwork#keys-1', 'signature_value': 'MEUCIQD4VsIdwCgy8kGo6BxRBgwYT+WIHszNkVKMSNdsNrEAJwIgNXCofQK89WvS6NyuqpasfeGlnTqOzid/YRLS75PhEpA='}}], 'agent_name': 'RobotDog', 'owner': '13800138111', 'priority': 4, 'metadata': {'region': 'CN', 'role': 'collaborator'}}
2026-07-20 11:41:20 [INFO] WebSocketClient - Connecting websocket to ws://192.168.1.10:9002/ws
2026-07-20 11:41:20 [INFO] WebSocketClient - Websocket connected.
2026-07-20 11:41:20 [INFO] WebSocketClient - Sending websocket payload
{
  "type": "SETUP",
  "timestamp": "2026-07-20T03:41:20Z",
  "payload": {
    "src_agent_id": "did:udid:type2.rid678.achid0.userid1380013811165093@6gc.mnc015.mcc234.3gppnetwork.org"
  }
}
2026-07-20 11:41:20 [INFO] WebSocketClient - Received websocket payload
{
  "type": "SETUP",
  "timestamp": "2026-07-20T03:41:16.429312Z",
  "payload": {
    "status": "OK"
  }
}
2026-07-20 11:41:20 [INFO] MoQClient - Connecting MoQ client role=publisher remote=192.168.1.10:9003
2026-07-20 11:41:20 [INFO] moq.pub.publisher - MOQPublisher initialized for 192.168.1.10:9003
2026-07-20 11:41:20 [INFO] moq.pub.publisher - Connecting to relay at 192.168.1.10:9003
2026-07-20 11:41:20 [INFO] moq.transport.quic_transport - QUIC client config: congestion=cubic max_data=67108864 max_stream_data=67108864
2026-07-20 11:41:20 [INFO] moq.transport.quic_transport - Connecting to 192.168.1.10:9003
2026-07-20 11:41:20 [INFO] moq.transport.quic_transport - MOQQuicProtocol initialized
2026-07-20 11:41:20 [INFO] quic - [c0a66338e4de25e2] Negotiated protocol version 0x00000001 (VERSION_1)
2026-07-20 11:41:20 [INFO] quic - [c0a66338e4de25e2] ALPN negotiated protocol moq-00
2026-07-20 11:41:20 [INFO] moq.transport.quic_transport - QUIC connection established
2026-07-20 11:41:20 [INFO] moq.session.session - MOQSession created: session_id=pub-281472835836160, role=PUBLISHER
2026-07-20 11:41:20 [INFO] moq.session.session - Sent SETUP: version=4278190097, role=PUBLISHER
2026-07-20 11:41:20 [INFO] moq.pub.publisher - Connected to relay
2026-07-20 11:41:20 [INFO] MoQClient - MoQ publisher connected to relay
2026-07-20 11:41:20 [INFO] MoQClient - MoQ client connected role=publisher remote=192.168.1.10:9003
2026-07-20 11:41:20 [INFO] MoQClient - Connecting MoQ client role=subscriber remote=192.168.1.10:9003
2026-07-20 11:41:20 [INFO] moq.sub.subscriber - MOQSubscriber initialized for 192.168.1.10:9003
2026-07-20 11:41:20 [INFO] moq.sub.subscriber - Connecting to relay at 192.168.1.10:9003
2026-07-20 11:41:20 [INFO] moq.transport.quic_transport - QUIC client config: congestion=cubic max_data=67108864 max_stream_data=67108864
2026-07-20 11:41:20 [INFO] moq.transport.quic_transport - Connecting to 192.168.1.10:9003
2026-07-20 11:41:20 [INFO] moq.transport.quic_transport - MOQQuicProtocol initialized
2026-07-20 11:41:20 [INFO] quic - [ab131a9866cd953f] Negotiated protocol version 0x00000001 (VERSION_1)
2026-07-20 11:41:20 [INFO] quic - [ab131a9866cd953f] ALPN negotiated protocol moq-00
2026-07-20 11:41:20 [INFO] moq.transport.quic_transport - QUIC connection established
2026-07-20 11:41:20 [INFO] moq.session.session - MOQSession created: session_id=sub-281472836261520, role=SUBSCRIBER
2026-07-20 11:41:20 [INFO] moq.session.session - Sent SETUP: version=4278190097, role=SUBSCRIBER
2026-07-20 11:41:20 [INFO] moq.sub.subscriber - Connected to relay
2026-07-20 11:41:20 [INFO] MoQClient - MoQ subscriber connected to relay
2026-07-20 11:41:20 [INFO] MoQClient - MoQ client connected role=subscriber remote=192.168.1.10:9003
2026-07-20 11:41:20 [INFO] AcnSDK - Background network listener started.
2026-07-20 11:41:20 [INFO] AcnSDK - Network join successful for agent_id=did:udid:type2.rid678.achid0.userid1380013811165093@6gc.mnc015.mcc234.3gppnetwork.org
2026-07-20 11:41:20 [INFO] WebSocketClient - Sending websocket payload
{
  "type": "DISCONNECTION",
  "timestamp": "2026-07-20T03:41:20Z",
  "payload": {
    "src_agent_id": "did:udid:type2.rid678.achid0.userid1380013811165093@6gc.mnc015.mcc234.3gppnetwork.org"
  }
}
2026-07-20 11:41:20 [INFO] WebSocketClient - Disconnecting websocket from ws://192.168.1.10:9002/ws
2026-07-20 11:41:20 [INFO] MoQClient - Disconnecting MoQ client role=publisher remote=192.168.1.10:9003
2026-07-20 11:41:20 [INFO] moq.session.session - Closing session: pub-281472835836160
2026-07-20 11:41:20 [INFO] quic - [c0a66338e4de25e2] Connection close sent (code 0x0, reason )
2026-07-20 11:41:20 [INFO] moq.transport.quic_transport - QUIC connection closed
2026-07-20 11:41:20 [INFO] MoQClient - MoQ client disconnected role=publisher remote=192.168.1.10:9003
2026-07-20 11:41:20 [INFO] MoQClient - Disconnecting MoQ client role=subscriber remote=192.168.1.10:9003
2026-07-20 11:41:20 [INFO] moq.session.session - Closing session: sub-281472836261520
2026-07-20 11:41:20 [INFO] quic - [ab131a9866cd953f] Connection close sent (code 0x0, reason )
2026-07-20 11:41:20 [INFO] moq.transport.quic_transport - QUIC connection closed
2026-07-20 11:41:20 [INFO] MoQClient - MoQ client disconnected role=subscriber remote=192.168.1.10:9003
2026-07-20 11:41:20 [INFO] TaskManager - Stopping all tasks: []
2026-07-20 11:41:20 [INFO] AcnSDK - Network state changed to offline
2026-07-20 11:41:20 [INFO] HttpClient - HTTP POST http://192.168.1.10:9010/acn-agent/v1/agent-deletions
{
  "agent_id": "did:udid:type2.rid678.achid0.userid1380013811165093@6gc.mnc015.mcc234.3gppnetwork.org",
  "reason": "demo completed",
  "timestamp": "2026-07-20T03:41:20Z",
  "signature": "MEYCIQDhnrZ8KR+g7d+5ZNWlrt7x8QffzD0d+KVeJkTtt5BEtgIhAO9vPFEcrLe2WBfrbPImEhL9Q7hnQhVN8ZROEigTG041",
  "signature_encoding": "base64"
}
2026-07-20 11:41:21 [INFO] httpx - HTTP Request: POST http://192.168.1.10:9010/acn-agent/v1/agent-deletions "HTTP/1.1 200 OK"
2026-07-20 11:41:21 [INFO] HttpClient - HTTP response /acn-agent/v1/agent-deletions
{
  "result": "success",
  "agent_id": "did:udid:type2.rid678.achid0.userid1380013811165093@6gc.mnc015.mcc234.3gppnetwork.org",
  "message": "Agent profile and history deleted successfully",
  "forwarded_to_agent_gw": true,
  "agent_gw_response": {
    "success": true,
    "status_code": 200,
    "body": {
      "status": "OK"
    },
    "raw_text": null,
    "error": null
  }
}
2026-07-20 11:41:21 [INFO] IdentityManager - Clearing identity state.
2026-07-20 11:41:21 [INFO] IdentityManager - Persisted identity state: {'agent_id': None, 'vc0': None, 'capability_names': [], 'capability_vcs': [], 'agent_name': None, 'owner': None, 'priority': None, 'metadata': {}}
2026-07-20 11:41:21 [INFO] AcnSDK - Network state changed to offline
2026-07-20 11:41:21 [INFO] AcnSDK - Robot deregistered. agent_id=did:udid:type2.rid678.achid0.userid1380013811165093@6gc.mnc015.mcc234.3gppnetwork.org
2026-07-20 11:41:34 [INFO] AcnSDK - Cleared identity cache file: /home/unitree/zxy/imt/acn_sdk/data/identity.json
2026-07-20 11:41:34 [INFO] AcnSDK - AcnSDK initialized for agent=RobotDog, network_status=offline
2026-07-20 11:41:34 [INFO] AcnSDK - SDK network endpoints acn_agent=9010 ws=9002 moq=9003 web_ui=9005
2026-07-20 11:41:35 [INFO] HttpClient - HTTP POST http://192.168.1.10:9010/idm/v1/identity-applications
{
  "owner": "13800138111",
  "name": "RobotDog",
  "public_key": "-----BEGIN PUBLIC KEY-----\nMFkwEwYHKoZIzj0CAQYIKoZIzj0DAQcDQgAEjNqmCmtuP9IpEQb88DZmbN0nfAMT\nu0mALPHBfC+5PQSKfmfgFQoiv30y7MZCB4iQHIEf4S7+dHY/x6KK0s6Dfw==\n-----END PUBLIC KEY-----\n",
  "description": "RobotDogModel, SN654321",
  "timestamp": "2026-07-20T03:41:34Z",
  "metadata": {
    "region": "CN",
    "role": "collaborator"
  },
  "signature": "MEYCIQCypI9EUKmthAG1rxEUauwUtjCnj22QoC+7+qVK75h8jwIhALA0BZg4GQ5Bpns39MOOILwirOGNjoWqEAoj/I5xu27d",
  "signature_encoding": "base64"
}
2026-07-20 11:41:35 [INFO] httpx - HTTP Request: POST http://192.168.1.10:9010/idm/v1/identity-applications "HTTP/1.1 200 OK"
2026-07-20 11:41:35 [INFO] HttpClient - HTTP response /idm/v1/identity-applications
{
  "result": "success",
  "agent_id": "did:udid:type2.rid678.achid0.userid1380013811170775@6gc.mnc015.mcc234.3gppnetwork.org",
  "vc0": {
    "context": [
      "3gpp-ts-33.xxx-v20.0.0"
    ],
    "id": "CMCC/credentials/2848",
    "type": [
      "VerifiableCredential",
      "BindingSIMCredential"
    ],
    "issuer": "did:udid:idm@6gc.mnc015.mcc234.3gppnetwork.org",
    "valid_from": "2026-07-20T03:41:31Z",
    "valid_until": "2027-07-20T03:41:31Z",
    "claims": {
      "agent_name": "RobotDog",
      "agent_id": "did:udid:type2.rid678.achid0.userid1380013811170775@6gc.mnc015.mcc234.3gppnetwork.org",
      "agent_attribute": "6G业务开通",
      "master_id": "type0.rid678.schid0.userid1userid20001@6gc0001@6gc.mnc015.mcc234.3gppnetwork.org",
      "self_id": "type0.rid678.schid0..mnc015.mcc234.3gppnetwork.org"
    },
    "proof": {
      "creator": "did:udid:idm@6gc.mnc015.mcc234.3gppnetwork.org#keys-1",
      "signature_value": "MEQCIBRdOnRDQ4Ip9MGCFBw+ICbx3/oHjJ+tXIiXYks+sEVWAiB36XNvc6FwW1rnZ9ozt0+LfEYUGujQkQ1yqJhjngyIIw=="
    }
  }
}
2026-07-20 11:41:35 [INFO] IdentityManager - Persisted identity state: {'agent_id': 'did:udid:type2.rid678.achid0.userid1380013811170775@6gc.mnc015.mcc234.3gppnetwork.org', 'vc0': {'context': ['3gpp-ts-33.xxx-v20.0.0'], 'id': 'CMCC/credentials/2848', 'type': ['VerifiableCredential', 'BindingSIMCredential'], 'issuer': 'did:udid:idm@6gc.mnc015.mcc234.3gppnetwork.org', 'valid_from': '2026-07-20T03:41:31Z', 'valid_until': '2027-07-20T03:41:31Z', 'claims': {'agent_name': 'RobotDog', 'agent_id': 'did:udid:type2.rid678.achid0.userid1380013811170775@6gc.mnc015.mcc234.3gppnetwork.org', 'agent_attribute': '6G业务开通', 'master_id': 'type0.rid678.schid0.userid1userid20001@6gc0001@6gc.mnc015.mcc234.3gppnetwork.org', 'self_id': 'type0.rid678.schid0..mnc015.mcc234.3gppnetwork.org'}, 'proof': {'creator': 'did:udid:idm@6gc.mnc015.mcc234.3gppnetwork.org#keys-1', 'signature_value': 'MEQCIBRdOnRDQ4Ip9MGCFBw+ICbx3/oHjJ+tXIiXYks+sEVWAiB36XNvc6FwW1rnZ9ozt0+LfEYUGujQkQ1yqJhjngyIIw=='}}, 'capability_names': [], 'capability_vcs': [], 'agent_name': 'RobotDog', 'owner': '13800138111', 'priority': 4, 'metadata': {'region': 'CN', 'role': 'collaborator'}}
2026-07-20 11:41:35 [INFO] AcnSDK - Agent registered. agent_id=did:udid:type2.rid678.achid0.userid1380013811170775@6gc.mnc015.mcc234.3gppnetwork.org
2026-07-20 11:41:35 [INFO] CredentialIssuer - Issued capability VCs: [{'context': ['3gpp-ts-33.xxx-v20.0.0'], 'id': 'robot-factory/credentials/8636', 'type': ['VerifiableCredential', 'BindingSIMCredential'], 'issuer': 'did:robotfactoryissuer@6gc.mnc015.mcc234.3gppnetwork', 'valid_from': '2026-07-19T03:41:35.364290+00:00', 'valid_until': '2027-07-20T03:41:35.364290+00:00', 'claims': {'agent_name': 'RobotDog', 'agent_id': 'did:udid:type2.rid678.achid0.userid1380013811170775@6gc.mnc015.mcc234.3gppnetwork.org', 'agent_attribute': '载重运输', 'authorization_mode': 'Mode2'}, 'proof': {'creator': 'did:robotfactoryissuer@6gc.mnc015.mcc234.3gppnetwork#keys-1', 'signature_value': 'MEUCIQCibkIJfRHmoaF1yqtOh8tcXTxvhteDT+Pqw53vIWkXCQIgDL7PH6TQx2wwBLPx+gaD6ELO+Lcig9kn2Jx3YK/m8To='}}, {'context': ['3gpp-ts-33.xxx-v20.0.0'], 'id': 'robot-factory/credentials/4881', 'type': ['VerifiableCredential', 'BindingSIMCredential'], 'issuer': 'did:robotfactoryissuer@6gc.mnc015.mcc234.3gppnetwork', 'valid_from': '2026-07-19T03:41:35.364290+00:00', 'valid_until': '2027-07-20T03:41:35.364290+00:00', 'claims': {'agent_name': 'RobotDog', 'agent_id': 'did:udid:type2.rid678.achid0.userid1380013811170775@6gc.mnc015.mcc234.3gppnetwork.org', 'agent_attribute': '自主导航', 'authorization_mode': 'Mode2'}, 'proof': {'creator': 'did:robotfactoryissuer@6gc.mnc015.mcc234.3gppnetwork#keys-1', 'signature_value': 'MEUCIQDGdAPJZrlVL6C8bP2B9iW88vb8Nt3O82lb6zuM1Kue3wIgBp9t3KYk2Jm9ZjvcWCX4fWwtQuGS1hYZjNSDO18DA5I='}}, {'context': ['3gpp-ts-33.xxx-v20.0.0'], 'id': 'robot-factory/credentials/5348', 'type': ['VerifiableCredential', 'BindingSIMCredential'], 'issuer': 'did:robotfactoryissuer@6gc.mnc015.mcc234.3gppnetwork', 'valid_from': '2026-07-19T03:41:35.364290+00:00', 'valid_until': '2027-07-20T03:41:35.364290+00:00', 'claims': {'agent_name': 'RobotDog', 'agent_id': 'did:udid:type2.rid678.achid0.userid1380013811170775@6gc.mnc015.mcc234.3gppnetwork.org', 'agent_attribute': '高清摄像', 'authorization_mode': 'Mode2'}, 'proof': {'creator': 'did:robotfactoryissuer@6gc.mnc015.mcc234.3gppnetwork#keys-1', 'signature_value': 'MEUCIGz7bXgMBmmPcoIIMcsO+2fHIPKe8+MkVXyVWAW02x3gAiEA7kNKD5bCROWnAGTELzMnIHLPlAatHYKipwhl6CknVGE='}}]
2026-07-20 11:41:35 [INFO] IdentityManager - Persisted identity state: {'agent_id': 'did:udid:type2.rid678.achid0.userid1380013811170775@6gc.mnc015.mcc234.3gppnetwork.org', 'vc0': {'context': ['3gpp-ts-33.xxx-v20.0.0'], 'id': 'CMCC/credentials/2848', 'type': ['VerifiableCredential', 'BindingSIMCredential'], 'issuer': 'did:udid:idm@6gc.mnc015.mcc234.3gppnetwork.org', 'valid_from': '2026-07-20T03:41:31Z', 'valid_until': '2027-07-20T03:41:31Z', 'claims': {'agent_name': 'RobotDog', 'agent_id': 'did:udid:type2.rid678.achid0.userid1380013811170775@6gc.mnc015.mcc234.3gppnetwork.org', 'agent_attribute': '6G业务开通', 'master_id': 'type0.rid678.schid0.userid1userid20001@6gc0001@6gc.mnc015.mcc234.3gppnetwork.org', 'self_id': 'type0.rid678.schid0..mnc015.mcc234.3gppnetwork.org'}, 'proof': {'creator': 'did:udid:idm@6gc.mnc015.mcc234.3gppnetwork.org#keys-1', 'signature_value': 'MEQCIBRdOnRDQ4Ip9MGCFBw+ICbx3/oHjJ+tXIiXYks+sEVWAiB36XNvc6FwW1rnZ9ozt0+LfEYUGujQkQ1yqJhjngyIIw=='}}, 'capability_names': ['载重运输', '自主导航', '高清摄像'], 'capability_vcs': [{'context': ['3gpp-ts-33.xxx-v20.0.0'], 'id': 'robot-factory/credentials/8636', 'type': ['VerifiableCredential', 'BindingSIMCredential'], 'issuer': 'did:robotfactoryissuer@6gc.mnc015.mcc234.3gppnetwork', 'valid_from': '2026-07-19T03:41:35.364290+00:00', 'valid_until': '2027-07-20T03:41:35.364290+00:00', 'claims': {'agent_name': 'RobotDog', 'agent_id': 'did:udid:type2.rid678.achid0.userid1380013811170775@6gc.mnc015.mcc234.3gppnetwork.org', 'agent_attribute': '载重运输', 'authorization_mode': 'Mode2'}, 'proof': {'creator': 'did:robotfactoryissuer@6gc.mnc015.mcc234.3gppnetwork#keys-1', 'signature_value': 'MEUCIQCibkIJfRHmoaF1yqtOh8tcXTxvhteDT+Pqw53vIWkXCQIgDL7PH6TQx2wwBLPx+gaD6ELO+Lcig9kn2Jx3YK/m8To='}}, {'context': ['3gpp-ts-33.xxx-v20.0.0'], 'id': 'robot-factory/credentials/4881', 'type': ['VerifiableCredential', 'BindingSIMCredential'], 'issuer': 'did:robotfactoryissuer@6gc.mnc015.mcc234.3gppnetwork', 'valid_from': '2026-07-19T03:41:35.364290+00:00', 'valid_until': '2027-07-20T03:41:35.364290+00:00', 'claims': {'agent_name': 'RobotDog', 'agent_id': 'did:udid:type2.rid678.achid0.userid1380013811170775@6gc.mnc015.mcc234.3gppnetwork.org', 'agent_attribute': '自主导航', 'authorization_mode': 'Mode2'}, 'proof': {'creator': 'did:robotfactoryissuer@6gc.mnc015.mcc234.3gppnetwork#keys-1', 'signature_value': 'MEUCIQDGdAPJZrlVL6C8bP2B9iW88vb8Nt3O82lb6zuM1Kue3wIgBp9t3KYk2Jm9ZjvcWCX4fWwtQuGS1hYZjNSDO18DA5I='}}, {'context': ['3gpp-ts-33.xxx-v20.0.0'], 'id': 'robot-factory/credentials/5348', 'type': ['VerifiableCredential', 'BindingSIMCredential'], 'issuer': 'did:robotfactoryissuer@6gc.mnc015.mcc234.3gppnetwork', 'valid_from': '2026-07-19T03:41:35.364290+00:00', 'valid_until': '2027-07-20T03:41:35.364290+00:00', 'claims': {'agent_name': 'RobotDog', 'agent_id': 'did:udid:type2.rid678.achid0.userid1380013811170775@6gc.mnc015.mcc234.3gppnetwork.org', 'agent_attribute': '高清摄像', 'authorization_mode': 'Mode2'}, 'proof': {'creator': 'did:robotfactoryissuer@6gc.mnc015.mcc234.3gppnetwork#keys-1', 'signature_value': 'MEUCIGz7bXgMBmmPcoIIMcsO+2fHIPKe8+MkVXyVWAW02x3gAiEA7kNKD5bCROWnAGTELzMnIHLPlAatHYKipwhl6CknVGE='}}], 'agent_name': 'RobotDog', 'owner': '13800138111', 'priority': 4, 'metadata': {'region': 'CN', 'role': 'collaborator'}}
2026-07-20 11:41:35 [INFO] HttpClient - HTTP POST http://192.168.1.10:9010/arf/v1/agent-cards
{
  "agent_id": "did:udid:type2.rid678.achid0.userid1380013811170775@6gc.mnc015.mcc234.3gppnetwork.org",
  "priority": 4,
  "timestamp": "2026-07-20T03:41:35Z",
  "signature": "MEUCIQCoVJdsgLNVI7BHqeJdG50N4clpxGWW4/0ic8AHPL1iMwIgYFki3iqsE9vPwWTzBa6ICQ5dBw9a3iaOjhYo7VrhQCY=",
  "signature_encoding": "base64",
  "vc_list": [
    {
      "context": [
        "3gpp-ts-33.xxx-v20.0.0"
      ],
      "id": "CMCC/credentials/2848",
      "type": [
        "VerifiableCredential",
        "BindingSIMCredential"
      ],
      "issuer": "did:udid:idm@6gc.mnc015.mcc234.3gppnetwork.org",
      "valid_from": "2026-07-20T03:41:31Z",
      "valid_until": "2027-07-20T03:41:31Z",
      "claims": {
        "agent_name": "RobotDog",
        "agent_id": "did:udid:type2.rid678.achid0.userid1380013811170775@6gc.mnc015.mcc234.3gppnetwork.org",
        "agent_attribute": "6G业务开通",
        "master_id": "type0.rid678.schid0.userid1userid20001@6gc0001@6gc.mnc015.mcc234.3gppnetwork.org",
        "self_id": "type0.rid678.schid0..mnc015.mcc234.3gppnetwork.org"
      },
      "proof": {
        "creator": "did:udid:idm@6gc.mnc015.mcc234.3gppnetwork.org#keys-1",
        "signature_value": "MEQCIBRdOnRDQ4Ip9MGCFBw+ICbx3/oHjJ+tXIiXYks+sEVWAiB36XNvc6FwW1rnZ9ozt0+LfEYUGujQkQ1yqJhjngyIIw=="
      }
    },
    {
      "context": [
        "3gpp-ts-33.xxx-v20.0.0"
      ],
      "id": "robot-factory/credentials/8636",
      "type": [
        "VerifiableCredential",
        "BindingSIMCredential"
      ],
      "issuer": "did:robotfactoryissuer@6gc.mnc015.mcc234.3gppnetwork",
      "valid_from": "2026-07-19T03:41:35.364290+00:00",
      "valid_until": "2027-07-20T03:41:35.364290+00:00",
      "claims": {
        "agent_name": "RobotDog",
        "agent_id": "did:udid:type2.rid678.achid0.userid1380013811170775@6gc.mnc015.mcc234.3gppnetwork.org",
        "agent_attribute": "载重运输",
        "authorization_mode": "Mode2"
      },
      "proof": {
        "creator": "did:robotfactoryissuer@6gc.mnc015.mcc234.3gppnetwork#keys-1",
        "signature_value": "MEUCIQCibkIJfRHmoaF1yqtOh8tcXTxvhteDT+Pqw53vIWkXCQIgDL7PH6TQx2wwBLPx+gaD6ELO+Lcig9kn2Jx3YK/m8To="
      }
    },
    {
      "context": [
        "3gpp-ts-33.xxx-v20.0.0"
      ],
      "id": "robot-factory/credentials/4881",
      "type": [
        "VerifiableCredential",
        "BindingSIMCredential"
      ],
      "issuer": "did:robotfactoryissuer@6gc.mnc015.mcc234.3gppnetwork",
      "valid_from": "2026-07-19T03:41:35.364290+00:00",
      "valid_until": "2027-07-20T03:41:35.364290+00:00",
      "claims": {
        "agent_name": "RobotDog",
        "agent_id": "did:udid:type2.rid678.achid0.userid1380013811170775@6gc.mnc015.mcc234.3gppnetwork.org",
        "agent_attribute": "自主导航",
        "authorization_mode": "Mode2"
      },
      "proof": {
        "creator": "did:robotfactoryissuer@6gc.mnc015.mcc234.3gppnetwork#keys-1",
        "signature_value": "MEUCIQDGdAPJZrlVL6C8bP2B9iW88vb8Nt3O82lb6zuM1Kue3wIgBp9t3KYk2Jm9ZjvcWCX4fWwtQuGS1hYZjNSDO18DA5I="
      }
    },
    {
      "context": [
        "3gpp-ts-33.xxx-v20.0.0"
      ],
      "id": "robot-factory/credentials/5348",
      "type": [
        "VerifiableCredential",
        "BindingSIMCredential"
      ],
      "issuer": "did:robotfactoryissuer@6gc.mnc015.mcc234.3gppnetwork",
      "valid_from": "2026-07-19T03:41:35.364290+00:00",
      "valid_until": "2027-07-20T03:41:35.364290+00:00",
      "claims": {
        "agent_name": "RobotDog",
        "agent_id": "did:udid:type2.rid678.achid0.userid1380013811170775@6gc.mnc015.mcc234.3gppnetwork.org",
        "agent_attribute": "高清摄像",
        "authorization_mode": "Mode2"
      },
      "proof": {
        "creator": "did:robotfactoryissuer@6gc.mnc015.mcc234.3gppnetwork#keys-1",
        "signature_value": "MEUCIGz7bXgMBmmPcoIIMcsO+2fHIPKe8+MkVXyVWAW02x3gAiEA7kNKD5bCROWnAGTELzMnIHLPlAatHYKipwhl6CknVGE="
      }
    }
  ]
}
2026-07-20 11:41:35 [INFO] httpx - HTTP Request: POST http://192.168.1.10:9010/arf/v1/agent-cards "HTTP/1.1 200 OK"
2026-07-20 11:41:35 [INFO] HttpClient - HTTP response /arf/v1/agent-cards
{
  "status": "OK"
}
2026-07-20 11:41:35 [INFO] AcnSDK - Robot attribute registered. agent_id=did:udid:type2.rid678.achid0.userid1380013811170775@6gc.mnc015.mcc234.3gppnetwork.org
2026-07-20 11:41:35 [INFO] WebSocketClient - Connecting websocket to ws://192.168.1.10:9002/ws
2026-07-20 11:41:35 [INFO] WebSocketClient - Websocket connected.
2026-07-20 11:41:35 [INFO] WebSocketClient - Sending websocket payload
{
  "type": "SETUP",
  "timestamp": "2026-07-20T03:41:35Z",
  "payload": {
    "src_agent_id": "did:udid:type2.rid678.achid0.userid1380013811170775@6gc.mnc015.mcc234.3gppnetwork.org"
  }
}
2026-07-20 11:41:35 [INFO] WebSocketClient - Received websocket payload
{
  "type": "SETUP",
  "timestamp": "2026-07-20T03:41:32.036014Z",
  "payload": {
    "status": "OK"
  }
}
2026-07-20 11:41:35 [INFO] MoQClient - Connecting MoQ client role=publisher remote=192.168.1.10:9003
2026-07-20 11:41:35 [INFO] moq.pub.publisher - MOQPublisher initialized for 192.168.1.10:9003
2026-07-20 11:41:35 [INFO] moq.pub.publisher - Connecting to relay at 192.168.1.10:9003
2026-07-20 11:41:35 [INFO] moq.transport.quic_transport - QUIC client config: congestion=cubic max_data=67108864 max_stream_data=67108864
2026-07-20 11:41:35 [INFO] moq.transport.quic_transport - Connecting to 192.168.1.10:9003
2026-07-20 11:41:35 [INFO] moq.transport.quic_transport - MOQQuicProtocol initialized
2026-07-20 11:41:35 [INFO] quic - [fdfb9c54ef9b04dc] Negotiated protocol version 0x00000001 (VERSION_1)
2026-07-20 11:41:35 [INFO] quic - [fdfb9c54ef9b04dc] ALPN negotiated protocol moq-00
2026-07-20 11:41:35 [INFO] moq.transport.quic_transport - QUIC connection established
2026-07-20 11:41:35 [INFO] moq.session.session - MOQSession created: session_id=pub-281473465882352, role=PUBLISHER
2026-07-20 11:41:35 [INFO] moq.session.session - Sent SETUP: version=4278190097, role=PUBLISHER
2026-07-20 11:41:35 [INFO] moq.pub.publisher - Connected to relay
2026-07-20 11:41:35 [INFO] MoQClient - MoQ publisher connected to relay
2026-07-20 11:41:35 [INFO] MoQClient - MoQ client connected role=publisher remote=192.168.1.10:9003
2026-07-20 11:41:35 [INFO] MoQClient - Connecting MoQ client role=subscriber remote=192.168.1.10:9003
2026-07-20 11:41:35 [INFO] moq.sub.subscriber - MOQSubscriber initialized for 192.168.1.10:9003
2026-07-20 11:41:35 [INFO] moq.sub.subscriber - Connecting to relay at 192.168.1.10:9003
2026-07-20 11:41:35 [INFO] moq.transport.quic_transport - QUIC client config: congestion=cubic max_data=67108864 max_stream_data=67108864
2026-07-20 11:41:35 [INFO] moq.transport.quic_transport - Connecting to 192.168.1.10:9003
2026-07-20 11:41:35 [INFO] moq.transport.quic_transport - MOQQuicProtocol initialized
2026-07-20 11:41:35 [INFO] quic - [68cfcdd0f587f922] Negotiated protocol version 0x00000001 (VERSION_1)
2026-07-20 11:41:35 [INFO] quic - [68cfcdd0f587f922] ALPN negotiated protocol moq-00
2026-07-20 11:41:35 [INFO] moq.transport.quic_transport - QUIC connection established
2026-07-20 11:41:35 [INFO] moq.session.session - MOQSession created: session_id=sub-281473465890704, role=SUBSCRIBER
2026-07-20 11:41:35 [INFO] moq.session.session - Sent SETUP: version=4278190097, role=SUBSCRIBER
2026-07-20 11:41:35 [INFO] moq.sub.subscriber - Connected to relay
2026-07-20 11:41:35 [INFO] MoQClient - MoQ subscriber connected to relay
2026-07-20 11:41:35 [INFO] MoQClient - MoQ client connected role=subscriber remote=192.168.1.10:9003
2026-07-20 11:41:35 [INFO] AcnSDK - Background network listener started.
2026-07-20 11:41:35 [INFO] AcnSDK - Network join successful for agent_id=did:udid:type2.rid678.achid0.userid1380013811170775@6gc.mnc015.mcc234.3gppnetwork.org
2026-07-20 11:41:35 [INFO] AcnSDK - Queried local agent info agent_id=did:udid:type2.rid678.achid0.userid1380013811170775@6gc.mnc015.mcc234.3gppnetwork.org
2026-07-20 11:41:35 [INFO] HttpClient - HTTP POST http://192.168.1.10:9010/acn-agent/v1/owner-agents
{
  "owner": "13800138111"
}
2026-07-20 11:41:35 [INFO] httpx - HTTP Request: POST http://192.168.1.10:9010/acn-agent/v1/owner-agents "HTTP/1.1 200 OK"
2026-07-20 11:41:35 [INFO] HttpClient - HTTP response /acn-agent/v1/owner-agents
{
  "owner": "13800138111",
  "total": 1,
  "agents": [
    {
      "agent_id": "did:udid:type2.rid678.achid0.userid1380013811170775@6gc.mnc015.mcc234.3gppnetwork.org",
      "agent_name": "RobotDog",
      "description": "RobotDogModel, SN654321"
    }
  ]
}
2026-07-20 11:41:35 [INFO] AcnSDK - Queried agent list owner=13800138111
2026-07-20 11:42:01 [INFO] WebSocketClient - Received websocket payload
{
  "type": "TASK_REQUEST_COLLABORATION",
  "timestamp": "2026-07-20T03:42:01.771224Z",
  "payload": {
    "src_agent_id": "did:udid:type2.rid678.achid0.userid+861380013800084509@6gc.mnc015.mcc234.3gppnetwork.org",
    "dst_agent_id": "did:udid:type2.rid678.achid0.userid1380013811170775@6gc.mnc015.mcc234.3gppnetwork.org",
    "task_id": "task-12345",
    "task_description": "Collaboration task",
    "agent_card": {
      "agent_id": "did:udid:type2.rid678.achid0.userid+861380013800084509@6gc.mnc015.mcc234.3gppnetwork.org",
      "agent_name": "AR glasses",
      "skill": [
        "6G业务开通",
        "视觉共享",
        "远程操控"
      ]
    },
    "timestamp": "2026-07-20T03:42:01.771224Z"
  }
}
2026-07-20 11:42:01 [INFO] AcnSDK - Handling network message type=TASK_REQUEST_COLLABORATION payload=
{
  "src_agent_id": "did:udid:type2.rid678.achid0.userid+861380013800084509@6gc.mnc015.mcc234.3gppnetwork.org",
  "dst_agent_id": "did:udid:type2.rid678.achid0.userid1380013811170775@6gc.mnc015.mcc234.3gppnetwork.org",
  "task_id": "task-12345",
  "task_description": "Collaboration task",
  "agent_card": {
    "agent_id": "did:udid:type2.rid678.achid0.userid+861380013800084509@6gc.mnc015.mcc234.3gppnetwork.org",
    "agent_name": "AR glasses",
    "skill": [
      "6G业务开通",
      "视觉共享",
      "远程操控"
    ]
  },
  "timestamp": "2026-07-20T03:42:01.771224Z"
}
2026-07-20 11:42:01 [INFO] WebSocketClient - Sending websocket payload
{
  "type": "TASK_ACCEPT_COLLABORATION",
  "timestamp": "2026-07-20T03:42:01Z",
  "payload": {
    "src_agent_id": "did:udid:type2.rid678.achid0.userid1380013811170775@6gc.mnc015.mcc234.3gppnetwork.org",
    "dst_agent_id": "did:udid:type2.rid678.achid0.userid+861380013800084509@6gc.mnc015.mcc234.3gppnetwork.org",
    "task_id": "task-12345",
    "result": "OK"
  }
}
2026-07-20 11:42:01 [INFO] AcnSDK - Task collaboration accepted. task_id=task-12345 dst_agent_id=did:udid:type2.rid678.achid0.userid+861380013800084509@6gc.mnc015.mcc234.3gppnetwork.org
2026-07-20 11:42:01 [INFO] WebSocketClient - Received websocket payload
{
  "type": "START_TASK",
  "timestamp": "2026-07-20T03:42:01Z",
  "payload": {
    "src_agent_id": "did:udid:type2.rid678.achid0.userid+861380013800084509@6gc.mnc015.mcc234.3gppnetwork.org",
    "dst_agent_id": "did:udid:type2.rid678.achid0.userid1380013811170775@6gc.mnc015.mcc234.3gppnetwork.org",
    "task_id": "task-12345",
    "task_description": "协同任务"
  }
}
2026-07-20 11:42:01 [INFO] AcnSDK - Handling network message type=START_TASK payload=
{
  "src_agent_id": "did:udid:type2.rid678.achid0.userid+861380013800084509@6gc.mnc015.mcc234.3gppnetwork.org",
  "dst_agent_id": "did:udid:type2.rid678.achid0.userid1380013811170775@6gc.mnc015.mcc234.3gppnetwork.org",
  "task_id": "task-12345",
  "task_description": "协同任务"
}
2026-07-20 11:42:01 [INFO] HttpClient - HTTP POST http://192.168.1.10:9010/acn-agent/v1/task-executions
{
  "agent_id": "did:udid:type2.rid678.achid0.userid1380013811170775@6gc.mnc015.mcc234.3gppnetwork.org",
  "task_id": "task-12345",
  "description": "协同任务",
  "timestamp": "2026-07-20T03:42:01Z"
}
2026-07-20 11:42:01 [INFO] httpx - HTTP Request: POST http://192.168.1.10:9010/acn-agent/v1/task-executions "HTTP/1.1 200 OK"
2026-07-20 11:42:01 [INFO] HttpClient - HTTP response /acn-agent/v1/task-executions
{
  "status": "OK"
}
2026-07-20 11:42:01 [INFO] AcnSDK - Task execution requested. task_id=task-12345
2026-07-20 11:51:52 [INFO] WebSocketClient - Received websocket payload
{
  "type": "CLEAR",
  "timestamp": "2026-07-20T03:51:52.573776Z",
  "payload": {}
}
2026-07-20 11:51:52 [INFO] AcnSDK - Handling network message type=CLEAR payload=
{}
2026-07-20 11:51:52 [INFO] IdentityManager - Clearing identity state.
2026-07-20 11:51:52 [INFO] IdentityManager - Persisted identity state: {'agent_id': None, 'vc0': None, 'capability_names': [], 'capability_vcs': [], 'agent_name': None, 'owner': None, 'priority': None, 'metadata': {}}
2026-07-20 11:51:52 [INFO] WebSocketClient - Disconnecting websocket from ws://192.168.1.10:9002/ws
2026-07-20 11:51:52 [INFO] MoQClient - Disconnecting MoQ client role=publisher remote=192.168.1.10:9003
2026-07-20 11:51:52 [INFO] moq.session.session - Closing session: pub-281473465882352
2026-07-20 11:51:52 [INFO] quic - [fdfb9c54ef9b04dc] Connection close sent (code 0x0, reason )
2026-07-20 11:51:52 [INFO] moq.transport.quic_transport - QUIC connection closed
2026-07-20 11:51:52 [INFO] MoQClient - MoQ client disconnected role=publisher remote=192.168.1.10:9003
2026-07-20 11:51:52 [INFO] MoQClient - Disconnecting MoQ client role=subscriber remote=192.168.1.10:9003
2026-07-20 11:51:52 [INFO] moq.session.session - Closing session: sub-281473465890704
2026-07-20 11:51:52 [INFO] quic - [68cfcdd0f587f922] Connection close sent (code 0x0, reason )
2026-07-20 11:51:52 [INFO] moq.transport.quic_transport - QUIC connection closed
2026-07-20 11:51:52 [INFO] MoQClient - MoQ client disconnected role=subscriber remote=192.168.1.10:9003
2026-07-20 11:51:52 [INFO] TaskManager - Stopping all tasks: []
2026-07-20 11:51:52 [INFO] AcnSDK - Network state changed to offline
2026-07-20 11:56:19 [INFO] AcnSDK - Cleared identity cache file: /home/unitree/zxy/imt/acn_sdk/data/identity.json
2026-07-20 11:56:20 [INFO] AcnSDK - AcnSDK initialized for agent=RobotDog, network_status=offline
2026-07-20 11:56:20 [INFO] AcnSDK - SDK network endpoints acn_agent=9010 ws=9002 moq=9003 web_ui=9005
2026-07-20 11:56:20 [INFO] IdentityManager - Persisted identity state: {'agent_id': None, 'vc0': None, 'capability_names': [], 'capability_vcs': [], 'agent_name': None, 'owner': None, 'priority': None, 'metadata': {}}
2026-07-20 11:56:42 [INFO] AcnSDK - Cleared identity cache file: /home/unitree/zxy/imt/acn_sdk/data/identity.json
2026-07-20 11:56:42 [INFO] AcnSDK - AcnSDK initialized for agent=RobotDog, network_status=offline
2026-07-20 11:56:42 [INFO] AcnSDK - SDK network endpoints acn_agent=9010 ws=9002 moq=9003 web_ui=9005
2026-07-20 11:56:42 [INFO] HttpClient - HTTP POST http://192.168.1.10:9010/idm/v1/identity-applications
{
  "owner": "13800138111",
  "name": "RobotDog",
  "public_key": "-----BEGIN PUBLIC KEY-----\nMFkwEwYHKoZIzj0CAQYIKoZIzj0DAQcDQgAEjNqmCmtuP9IpEQb88DZmbN0nfAMT\nu0mALPHBfC+5PQSKfmfgFQoiv30y7MZCB4iQHIEf4S7+dHY/x6KK0s6Dfw==\n-----END PUBLIC KEY-----\n",
  "description": "RobotDogModel, SN654321",
  "timestamp": "2026-07-20T03:56:42Z",
  "metadata": {
    "region": "CN",
    "role": "collaborator"
  },
  "signature": "MEYCIQD/rvSUl7avYVhL8vtGKQYEkQBgqKzKfqmbA1CN/nSFRwIhAJuKSWlPSNTR4HwwT/yxypS4IpWh6IwlqUXtjDH1aNdW",
  "signature_encoding": "base64"
}
2026-07-20 11:56:42 [INFO] httpx - HTTP Request: POST http://192.168.1.10:9010/idm/v1/identity-applications "HTTP/1.1 200 OK"
2026-07-20 11:56:42 [INFO] HttpClient - HTTP response /idm/v1/identity-applications
{
  "result": "success",
  "agent_id": "did:udid:type2.rid678.achid0.userid1380013811144797@6gc.mnc015.mcc234.3gppnetwork.org",
  "vc0": {
    "context": [
      "3gpp-ts-33.xxx-v20.0.0"
    ],
    "id": "CMCC/credentials/6368",
    "type": [
      "VerifiableCredential",
      "BindingSIMCredential"
    ],
    "issuer": "did:udid:idm@6gc.mnc015.mcc234.3gppnetwork.org",
    "valid_from": "2026-07-20T03:56:42Z",
    "valid_until": "2027-07-20T03:56:42Z",
    "claims": {
      "agent_name": "RobotDog",
      "agent_id": "did:udid:type2.rid678.achid0.userid1380013811144797@6gc.mnc015.mcc234.3gppnetwork.org",
      "agent_attribute": "6G业务开通",
      "master_id": "type0.rid678.schid0.userid1userid20001@6gc0001@6gc.mnc015.mcc234.3gppnetwork.org",
      "self_id": "type0.rid678.schid0..mnc015.mcc234.3gppnetwork.org"
    },
    "proof": {
      "creator": "did:udid:idm@6gc.mnc015.mcc234.3gppnetwork.org#keys-1",
      "signature_value": "MEUCIFUAZgTxrscHRJoblnQq8IbsZ2WqfCVZ460cAClAnD8oAiEAogyYxVChbUE4D9Na65EbaM/5NoJH54Kgi+9GjwU5VUo="
    }
  }
}
2026-07-20 11:56:42 [INFO] IdentityManager - Persisted identity state: {'agent_id': 'did:udid:type2.rid678.achid0.userid1380013811144797@6gc.mnc015.mcc234.3gppnetwork.org', 'vc0': {'context': ['3gpp-ts-33.xxx-v20.0.0'], 'id': 'CMCC/credentials/6368', 'type': ['VerifiableCredential', 'BindingSIMCredential'], 'issuer': 'did:udid:idm@6gc.mnc015.mcc234.3gppnetwork.org', 'valid_from': '2026-07-20T03:56:42Z', 'valid_until': '2027-07-20T03:56:42Z', 'claims': {'agent_name': 'RobotDog', 'agent_id': 'did:udid:type2.rid678.achid0.userid1380013811144797@6gc.mnc015.mcc234.3gppnetwork.org', 'agent_attribute': '6G业务开通', 'master_id': 'type0.rid678.schid0.userid1userid20001@6gc0001@6gc.mnc015.mcc234.3gppnetwork.org', 'self_id': 'type0.rid678.schid0..mnc015.mcc234.3gppnetwork.org'}, 'proof': {'creator': 'did:udid:idm@6gc.mnc015.mcc234.3gppnetwork.org#keys-1', 'signature_value': 'MEUCIFUAZgTxrscHRJoblnQq8IbsZ2WqfCVZ460cAClAnD8oAiEAogyYxVChbUE4D9Na65EbaM/5NoJH54Kgi+9GjwU5VUo='}}, 'capability_names': [], 'capability_vcs': [], 'agent_name': 'RobotDog', 'owner': '13800138111', 'priority': 4, 'metadata': {'region': 'CN', 'role': 'collaborator'}}
2026-07-20 11:56:42 [INFO] AcnSDK - Agent registered. agent_id=did:udid:type2.rid678.achid0.userid1380013811144797@6gc.mnc015.mcc234.3gppnetwork.org
2026-07-20 11:56:42 [INFO] CredentialIssuer - Issued capability VCs: [{'context': ['3gpp-ts-33.xxx-v20.0.0'], 'id': 'robot-factory/credentials/4111', 'type': ['VerifiableCredential', 'BindingSIMCredential'], 'issuer': 'did:robotfactoryissuer@6gc.mnc015.mcc234.3gppnetwork', 'valid_from': '2026-07-19T03:56:42.859660+00:00', 'valid_until': '2027-07-20T03:56:42.859660+00:00', 'claims': {'agent_name': 'RobotDog', 'agent_id': 'did:udid:type2.rid678.achid0.userid1380013811144797@6gc.mnc015.mcc234.3gppnetwork.org', 'agent_attribute': '载重运输', 'authorization_mode': 'Mode2'}, 'proof': {'creator': 'did:robotfactoryissuer@6gc.mnc015.mcc234.3gppnetwork#keys-1', 'signature_value': 'MEQCIFuPWEReE0LAlCP9FTFSfJWQT50BZXTfxBledKJnCrbDAiBEoYr41So5ZFHBpqJ+5dgDD2p7aCq6Z0eAK+Z1ewTRlQ=='}}, {'context': ['3gpp-ts-33.xxx-v20.0.0'], 'id': 'robot-factory/credentials/7409', 'type': ['VerifiableCredential', 'BindingSIMCredential'], 'issuer': 'did:robotfactoryissuer@6gc.mnc015.mcc234.3gppnetwork', 'valid_from': '2026-07-19T03:56:42.859660+00:00', 'valid_until': '2027-07-20T03:56:42.859660+00:00', 'claims': {'agent_name': 'RobotDog', 'agent_id': 'did:udid:type2.rid678.achid0.userid1380013811144797@6gc.mnc015.mcc234.3gppnetwork.org', 'agent_attribute': '自主导航', 'authorization_mode': 'Mode2'}, 'proof': {'creator': 'did:robotfactoryissuer@6gc.mnc015.mcc234.3gppnetwork#keys-1', 'signature_value': 'MEYCIQDqeRb5kXLqq3FIWCEdfFTvXLyzEzvBiiO+Yk5FIamPsQIhAL9RbxQe3GoGnRcsqtvPli5XdIDpjKYHznGq0XCYLaDF'}}, {'context': ['3gpp-ts-33.xxx-v20.0.0'], 'id': 'robot-factory/credentials/3452', 'type': ['VerifiableCredential', 'BindingSIMCredential'], 'issuer': 'did:robotfactoryissuer@6gc.mnc015.mcc234.3gppnetwork', 'valid_from': '2026-07-19T03:56:42.859660+00:00', 'valid_until': '2027-07-20T03:56:42.859660+00:00', 'claims': {'agent_name': 'RobotDog', 'agent_id': 'did:udid:type2.rid678.achid0.userid1380013811144797@6gc.mnc015.mcc234.3gppnetwork.org', 'agent_attribute': '高清摄像', 'authorization_mode': 'Mode2'}, 'proof': {'creator': 'did:robotfactoryissuer@6gc.mnc015.mcc234.3gppnetwork#keys-1', 'signature_value': 'MEYCIQC2oWV2CGGKcGGZ0X5zJiazVlasxkJ+akOuWR4VA+s7lAIhANJRe+YORZqK6B82yHIA9XgQcMLs5I3ZV18It/3NCpNR'}}]
2026-07-20 11:56:42 [INFO] IdentityManager - Persisted identity state: {'agent_id': 'did:udid:type2.rid678.achid0.userid1380013811144797@6gc.mnc015.mcc234.3gppnetwork.org', 'vc0': {'context': ['3gpp-ts-33.xxx-v20.0.0'], 'id': 'CMCC/credentials/6368', 'type': ['VerifiableCredential', 'BindingSIMCredential'], 'issuer': 'did:udid:idm@6gc.mnc015.mcc234.3gppnetwork.org', 'valid_from': '2026-07-20T03:56:42Z', 'valid_until': '2027-07-20T03:56:42Z', 'claims': {'agent_name': 'RobotDog', 'agent_id': 'did:udid:type2.rid678.achid0.userid1380013811144797@6gc.mnc015.mcc234.3gppnetwork.org', 'agent_attribute': '6G业务开通', 'master_id': 'type0.rid678.schid0.userid1userid20001@6gc0001@6gc.mnc015.mcc234.3gppnetwork.org', 'self_id': 'type0.rid678.schid0..mnc015.mcc234.3gppnetwork.org'}, 'proof': {'creator': 'did:udid:idm@6gc.mnc015.mcc234.3gppnetwork.org#keys-1', 'signature_value': 'MEUCIFUAZgTxrscHRJoblnQq8IbsZ2WqfCVZ460cAClAnD8oAiEAogyYxVChbUE4D9Na65EbaM/5NoJH54Kgi+9GjwU5VUo='}}, 'capability_names': ['载重运输', '自主导航', '高清摄像'], 'capability_vcs': [{'context': ['3gpp-ts-33.xxx-v20.0.0'], 'id': 'robot-factory/credentials/4111', 'type': ['VerifiableCredential', 'BindingSIMCredential'], 'issuer': 'did:robotfactoryissuer@6gc.mnc015.mcc234.3gppnetwork', 'valid_from': '2026-07-19T03:56:42.859660+00:00', 'valid_until': '2027-07-20T03:56:42.859660+00:00', 'claims': {'agent_name': 'RobotDog', 'agent_id': 'did:udid:type2.rid678.achid0.userid1380013811144797@6gc.mnc015.mcc234.3gppnetwork.org', 'agent_attribute': '载重运输', 'authorization_mode': 'Mode2'}, 'proof': {'creator': 'did:robotfactoryissuer@6gc.mnc015.mcc234.3gppnetwork#keys-1', 'signature_value': 'MEQCIFuPWEReE0LAlCP9FTFSfJWQT50BZXTfxBledKJnCrbDAiBEoYr41So5ZFHBpqJ+5dgDD2p7aCq6Z0eAK+Z1ewTRlQ=='}}, {'context': ['3gpp-ts-33.xxx-v20.0.0'], 'id': 'robot-factory/credentials/7409', 'type': ['VerifiableCredential', 'BindingSIMCredential'], 'issuer': 'did:robotfactoryissuer@6gc.mnc015.mcc234.3gppnetwork', 'valid_from': '2026-07-19T03:56:42.859660+00:00', 'valid_until': '2027-07-20T03:56:42.859660+00:00', 'claims': {'agent_name': 'RobotDog', 'agent_id': 'did:udid:type2.rid678.achid0.userid1380013811144797@6gc.mnc015.mcc234.3gppnetwork.org', 'agent_attribute': '自主导航', 'authorization_mode': 'Mode2'}, 'proof': {'creator': 'did:robotfactoryissuer@6gc.mnc015.mcc234.3gppnetwork#keys-1', 'signature_value': 'MEYCIQDqeRb5kXLqq3FIWCEdfFTvXLyzEzvBiiO+Yk5FIamPsQIhAL9RbxQe3GoGnRcsqtvPli5XdIDpjKYHznGq0XCYLaDF'}}, {'context': ['3gpp-ts-33.xxx-v20.0.0'], 'id': 'robot-factory/credentials/3452', 'type': ['VerifiableCredential', 'BindingSIMCredential'], 'issuer': 'did:robotfactoryissuer@6gc.mnc015.mcc234.3gppnetwork', 'valid_from': '2026-07-19T03:56:42.859660+00:00', 'valid_until': '2027-07-20T03:56:42.859660+00:00', 'claims': {'agent_name': 'RobotDog', 'agent_id': 'did:udid:type2.rid678.achid0.userid1380013811144797@6gc.mnc015.mcc234.3gppnetwork.org', 'agent_attribute': '高清摄像', 'authorization_mode': 'Mode2'}, 'proof': {'creator': 'did:robotfactoryissuer@6gc.mnc015.mcc234.3gppnetwork#keys-1', 'signature_value': 'MEYCIQC2oWV2CGGKcGGZ0X5zJiazVlasxkJ+akOuWR4VA+s7lAIhANJRe+YORZqK6B82yHIA9XgQcMLs5I3ZV18It/3NCpNR'}}], 'agent_name': 'RobotDog', 'owner': '13800138111', 'priority': 4, 'metadata': {'region': 'CN', 'role': 'collaborator'}}
2026-07-20 11:56:42 [INFO] HttpClient - HTTP POST http://192.168.1.10:9010/arf/v1/agent-cards
{
  "agent_id": "did:udid:type2.rid678.achid0.userid1380013811144797@6gc.mnc015.mcc234.3gppnetwork.org",
  "priority": 4,
  "timestamp": "2026-07-20T03:56:42Z",
  "signature": "MEYCIQCJZNeCQPFf4aEbu3AWxKqeUqjBlkMJaUurGmPzyHCwlwIhAKC51LCThI5aRY5TYT+8bzhGeO282HQtvCbkCXQTVbQD",
  "signature_encoding": "base64",
  "vc_list": [
    {
      "context": [
        "3gpp-ts-33.xxx-v20.0.0"
      ],
      "id": "CMCC/credentials/6368",
      "type": [
        "VerifiableCredential",
        "BindingSIMCredential"
      ],
      "issuer": "did:udid:idm@6gc.mnc015.mcc234.3gppnetwork.org",
      "valid_from": "2026-07-20T03:56:42Z",
      "valid_until": "2027-07-20T03:56:42Z",
      "claims": {
        "agent_name": "RobotDog",
        "agent_id": "did:udid:type2.rid678.achid0.userid1380013811144797@6gc.mnc015.mcc234.3gppnetwork.org",
        "agent_attribute": "6G业务开通",
        "master_id": "type0.rid678.schid0.userid1userid20001@6gc0001@6gc.mnc015.mcc234.3gppnetwork.org",
        "self_id": "type0.rid678.schid0..mnc015.mcc234.3gppnetwork.org"
      },
      "proof": {
        "creator": "did:udid:idm@6gc.mnc015.mcc234.3gppnetwork.org#keys-1",
        "signature_value": "MEUCIFUAZgTxrscHRJoblnQq8IbsZ2WqfCVZ460cAClAnD8oAiEAogyYxVChbUE4D9Na65EbaM/5NoJH54Kgi+9GjwU5VUo="
      }
    },
    {
      "context": [
        "3gpp-ts-33.xxx-v20.0.0"
      ],
      "id": "robot-factory/credentials/4111",
      "type": [
        "VerifiableCredential",
        "BindingSIMCredential"
      ],
      "issuer": "did:robotfactoryissuer@6gc.mnc015.mcc234.3gppnetwork",
      "valid_from": "2026-07-19T03:56:42.859660+00:00",
      "valid_until": "2027-07-20T03:56:42.859660+00:00",
      "claims": {
        "agent_name": "RobotDog",
        "agent_id": "did:udid:type2.rid678.achid0.userid1380013811144797@6gc.mnc015.mcc234.3gppnetwork.org",
        "agent_attribute": "载重运输",
        "authorization_mode": "Mode2"
      },
      "proof": {
        "creator": "did:robotfactoryissuer@6gc.mnc015.mcc234.3gppnetwork#keys-1",
        "signature_value": "MEQCIFuPWEReE0LAlCP9FTFSfJWQT50BZXTfxBledKJnCrbDAiBEoYr41So5ZFHBpqJ+5dgDD2p7aCq6Z0eAK+Z1ewTRlQ=="
      }
    },
    {
      "context": [
        "3gpp-ts-33.xxx-v20.0.0"
      ],
      "id": "robot-factory/credentials/7409",
      "type": [
        "VerifiableCredential",
        "BindingSIMCredential"
      ],
      "issuer": "did:robotfactoryissuer@6gc.mnc015.mcc234.3gppnetwork",
      "valid_from": "2026-07-19T03:56:42.859660+00:00",
      "valid_until": "2027-07-20T03:56:42.859660+00:00",
      "claims": {
        "agent_name": "RobotDog",
        "agent_id": "did:udid:type2.rid678.achid0.userid1380013811144797@6gc.mnc015.mcc234.3gppnetwork.org",
        "agent_attribute": "自主导航",
        "authorization_mode": "Mode2"
      },
      "proof": {
        "creator": "did:robotfactoryissuer@6gc.mnc015.mcc234.3gppnetwork#keys-1",
        "signature_value": "MEYCIQDqeRb5kXLqq3FIWCEdfFTvXLyzEzvBiiO+Yk5FIamPsQIhAL9RbxQe3GoGnRcsqtvPli5XdIDpjKYHznGq0XCYLaDF"
      }
    },
    {
      "context": [
        "3gpp-ts-33.xxx-v20.0.0"
      ],
      "id": "robot-factory/credentials/3452",
      "type": [
        "VerifiableCredential",
        "BindingSIMCredential"
      ],
      "issuer": "did:robotfactoryissuer@6gc.mnc015.mcc234.3gppnetwork",
      "valid_from": "2026-07-19T03:56:42.859660+00:00",
      "valid_until": "2027-07-20T03:56:42.859660+00:00",
      "claims": {
        "agent_name": "RobotDog",
        "agent_id": "did:udid:type2.rid678.achid0.userid1380013811144797@6gc.mnc015.mcc234.3gppnetwork.org",
        "agent_attribute": "高清摄像",
        "authorization_mode": "Mode2"
      },
      "proof": {
        "creator": "did:robotfactoryissuer@6gc.mnc015.mcc234.3gppnetwork#keys-1",
        "signature_value": "MEYCIQC2oWV2CGGKcGGZ0X5zJiazVlasxkJ+akOuWR4VA+s7lAIhANJRe+YORZqK6B82yHIA9XgQcMLs5I3ZV18It/3NCpNR"
      }
    }
  ]
}
2026-07-20 11:56:43 [INFO] httpx - HTTP Request: POST http://192.168.1.10:9010/arf/v1/agent-cards "HTTP/1.1 200 OK"
2026-07-20 11:56:43 [INFO] HttpClient - HTTP response /arf/v1/agent-cards
{
  "status": "OK"
}
2026-07-20 11:56:43 [INFO] AcnSDK - Robot attribute registered. agent_id=did:udid:type2.rid678.achid0.userid1380013811144797@6gc.mnc015.mcc234.3gppnetwork.org
2026-07-20 11:56:43 [INFO] WebSocketClient - Connecting websocket to ws://192.168.1.10:9002/ws
2026-07-20 11:56:43 [INFO] WebSocketClient - Websocket connected.
2026-07-20 11:56:43 [INFO] WebSocketClient - Sending websocket payload
{
  "type": "SETUP",
  "timestamp": "2026-07-20T03:56:43Z",
  "payload": {
    "src_agent_id": "did:udid:type2.rid678.achid0.userid1380013811144797@6gc.mnc015.mcc234.3gppnetwork.org"
  }
}
2026-07-20 11:56:43 [INFO] WebSocketClient - Received websocket payload
{
  "type": "SETUP",
  "timestamp": "2026-07-20T03:56:43.244134Z",
  "payload": {
    "status": "OK"
  }
}
2026-07-20 11:56:43 [INFO] MoQClient - Connecting MoQ client role=publisher remote=192.168.1.10:9003
2026-07-20 11:56:43 [INFO] moq.pub.publisher - MOQPublisher initialized for 192.168.1.10:9003
2026-07-20 11:56:43 [INFO] moq.pub.publisher - Connecting to relay at 192.168.1.10:9003
2026-07-20 11:56:43 [INFO] moq.transport.quic_transport - QUIC client config: congestion=cubic max_data=67108864 max_stream_data=67108864
2026-07-20 11:56:43 [INFO] moq.transport.quic_transport - Connecting to 192.168.1.10:9003
2026-07-20 11:56:43 [INFO] moq.transport.quic_transport - MOQQuicProtocol initialized
2026-07-20 11:56:43 [INFO] quic - [8d1e75d4a1c01a9c] Negotiated protocol version 0x00000001 (VERSION_1)
2026-07-20 11:56:43 [INFO] quic - [8d1e75d4a1c01a9c] ALPN negotiated protocol moq-00
2026-07-20 11:56:43 [INFO] moq.transport.quic_transport - QUIC connection established
2026-07-20 11:56:43 [INFO] moq.session.session - MOQSession created: session_id=pub-281472859723552, role=PUBLISHER
2026-07-20 11:56:43 [INFO] moq.session.session - Sent SETUP: version=4278190097, role=PUBLISHER
2026-07-20 11:56:43 [INFO] moq.pub.publisher - Connected to relay
2026-07-20 11:56:43 [INFO] MoQClient - MoQ publisher connected to relay
2026-07-20 11:56:43 [INFO] MoQClient - MoQ client connected role=publisher remote=192.168.1.10:9003
2026-07-20 11:56:43 [INFO] MoQClient - Connecting MoQ client role=subscriber remote=192.168.1.10:9003
2026-07-20 11:56:43 [INFO] moq.sub.subscriber - MOQSubscriber initialized for 192.168.1.10:9003
2026-07-20 11:56:43 [INFO] moq.sub.subscriber - Connecting to relay at 192.168.1.10:9003
2026-07-20 11:56:43 [INFO] moq.transport.quic_transport - QUIC client config: congestion=cubic max_data=67108864 max_stream_data=67108864
2026-07-20 11:56:43 [INFO] moq.transport.quic_transport - Connecting to 192.168.1.10:9003
2026-07-20 11:56:43 [INFO] moq.transport.quic_transport - MOQQuicProtocol initialized
2026-07-20 11:56:43 [INFO] quic - [e69e2b56ffa3f082] Negotiated protocol version 0x00000001 (VERSION_1)
2026-07-20 11:56:43 [INFO] quic - [e69e2b56ffa3f082] ALPN negotiated protocol moq-00
2026-07-20 11:56:43 [INFO] moq.transport.quic_transport - QUIC connection established
2026-07-20 11:56:43 [INFO] moq.session.session - MOQSession created: session_id=sub-281472859731904, role=SUBSCRIBER
2026-07-20 11:56:43 [INFO] moq.session.session - Sent SETUP: version=4278190097, role=SUBSCRIBER
2026-07-20 11:56:43 [INFO] moq.sub.subscriber - Connected to relay
2026-07-20 11:56:43 [INFO] MoQClient - MoQ subscriber connected to relay
2026-07-20 11:56:43 [INFO] MoQClient - MoQ client connected role=subscriber remote=192.168.1.10:9003
2026-07-20 11:56:43 [INFO] AcnSDK - Background network listener started.
2026-07-20 11:56:43 [INFO] AcnSDK - Network join successful for agent_id=did:udid:type2.rid678.achid0.userid1380013811144797@6gc.mnc015.mcc234.3gppnetwork.org
2026-07-20 11:56:43 [INFO] AcnSDK - Queried local agent info agent_id=did:udid:type2.rid678.achid0.userid1380013811144797@6gc.mnc015.mcc234.3gppnetwork.org
2026-07-20 11:56:43 [INFO] HttpClient - HTTP POST http://192.168.1.10:9010/acn-agent/v1/owner-agents
{
  "owner": "13800138111"
}
2026-07-20 11:56:43 [INFO] httpx - HTTP Request: POST http://192.168.1.10:9010/acn-agent/v1/owner-agents "HTTP/1.1 200 OK"
2026-07-20 11:56:43 [INFO] HttpClient - HTTP response /acn-agent/v1/owner-agents
{
  "owner": "13800138111",
  "total": 1,
  "agents": [
    {
      "agent_id": "did:udid:type2.rid678.achid0.userid1380013811144797@6gc.mnc015.mcc234.3gppnetwork.org",
      "agent_name": "RobotDog",
      "description": "RobotDogModel, SN654321"
    }
  ]
}
2026-07-20 11:56:43 [INFO] AcnSDK - Queried agent list owner=13800138111
2026-07-20 11:56:54 [INFO] WebSocketClient - Received websocket payload
{
  "type": "TASK_REQUEST_COLLABORATION",
  "timestamp": "2026-07-20T03:56:55.830430Z",
  "payload": {
    "src_agent_id": "did:udid:type2.rid678.achid0.userid+861380013800068813@6gc.mnc015.mcc234.3gppnetwork.org",
    "dst_agent_id": "did:udid:type2.rid678.achid0.userid1380013811144797@6gc.mnc015.mcc234.3gppnetwork.org",
    "task_id": "task-12345",
    "task_description": "Collaboration task",
    "agent_card": {
      "agent_id": "did:udid:type2.rid678.achid0.userid+861380013800068813@6gc.mnc015.mcc234.3gppnetwork.org",
      "agent_name": "AR glasses",
      "skill": [
        "6G业务开通",
        "视觉共享",
        "远程操控"
      ]
    },
    "timestamp": "2026-07-20T03:56:55.830430Z"
  }
}
2026-07-20 11:56:54 [INFO] AcnSDK - Handling network message type=TASK_REQUEST_COLLABORATION payload=
{
  "src_agent_id": "did:udid:type2.rid678.achid0.userid+861380013800068813@6gc.mnc015.mcc234.3gppnetwork.org",
  "dst_agent_id": "did:udid:type2.rid678.achid0.userid1380013811144797@6gc.mnc015.mcc234.3gppnetwork.org",
  "task_id": "task-12345",
  "task_description": "Collaboration task",
  "agent_card": {
    "agent_id": "did:udid:type2.rid678.achid0.userid+861380013800068813@6gc.mnc015.mcc234.3gppnetwork.org",
    "agent_name": "AR glasses",
    "skill": [
      "6G业务开通",
      "视觉共享",
      "远程操控"
    ]
  },
  "timestamp": "2026-07-20T03:56:55.830430Z"
}
2026-07-20 11:56:54 [INFO] WebSocketClient - Sending websocket payload
{
  "type": "TASK_ACCEPT_COLLABORATION",
  "timestamp": "2026-07-20T03:56:54Z",
  "payload": {
    "src_agent_id": "did:udid:type2.rid678.achid0.userid1380013811144797@6gc.mnc015.mcc234.3gppnetwork.org",
    "dst_agent_id": "did:udid:type2.rid678.achid0.userid+861380013800068813@6gc.mnc015.mcc234.3gppnetwork.org",
    "task_id": "task-12345",
    "result": "OK"
  }
}
2026-07-20 11:56:54 [INFO] AcnSDK - Task collaboration accepted. task_id=task-12345 dst_agent_id=did:udid:type2.rid678.achid0.userid+861380013800068813@6gc.mnc015.mcc234.3gppnetwork.org
2026-07-20 11:56:54 [INFO] WebSocketClient - Received websocket payload
{
  "type": "START_TASK",
  "timestamp": "2026-07-20T03:56:55Z",
  "payload": {
    "src_agent_id": "did:udid:type2.rid678.achid0.userid+861380013800068813@6gc.mnc015.mcc234.3gppnetwork.org",
    "dst_agent_id": "did:udid:type2.rid678.achid0.userid1380013811144797@6gc.mnc015.mcc234.3gppnetwork.org",
    "task_id": "task-12345",
    "task_description": "协同任务"
  }
}
2026-07-20 11:56:54 [INFO] AcnSDK - Handling network message type=START_TASK payload=
{
  "src_agent_id": "did:udid:type2.rid678.achid0.userid+861380013800068813@6gc.mnc015.mcc234.3gppnetwork.org",
  "dst_agent_id": "did:udid:type2.rid678.achid0.userid1380013811144797@6gc.mnc015.mcc234.3gppnetwork.org",
  "task_id": "task-12345",
  "task_description": "协同任务"
}
2026-07-20 11:56:54 [INFO] HttpClient - HTTP POST http://192.168.1.10:9010/acn-agent/v1/task-executions
{
  "agent_id": "did:udid:type2.rid678.achid0.userid1380013811144797@6gc.mnc015.mcc234.3gppnetwork.org",
  "task_id": "task-12345",
  "description": "协同任务",
  "timestamp": "2026-07-20T03:56:54Z"
}
2026-07-20 11:56:55 [INFO] httpx - HTTP Request: POST http://192.168.1.10:9010/acn-agent/v1/task-executions "HTTP/1.1 200 OK"
2026-07-20 11:56:55 [INFO] HttpClient - HTTP response /acn-agent/v1/task-executions
{
  "status": "OK"
}
2026-07-20 11:56:55 [INFO] AcnSDK - Task execution requested. task_id=task-12345
2026-07-20 15:08:24 [INFO] AcnSDK - Cleared identity cache file: /home/unitree/zxy/imt/acn_sdk/data/identity.json
2026-07-20 15:08:24 [INFO] AcnSDK - AcnSDK initialized for agent=RobotDog, network_status=offline
2026-07-20 15:08:24 [INFO] AcnSDK - SDK network endpoints acn_agent=9010 ws=9002 moq=9003 web_ui=9005
2026-07-20 15:08:24 [INFO] HttpClient - HTTP POST http://192.168.1.10:9010/idm/v1/identity-applications
{
  "owner": "13800138111",
  "name": "RobotDog",
  "public_key": "-----BEGIN PUBLIC KEY-----\nMFkwEwYHKoZIzj0CAQYIKoZIzj0DAQcDQgAEjNqmCmtuP9IpEQb88DZmbN0nfAMT\nu0mALPHBfC+5PQSKfmfgFQoiv30y7MZCB4iQHIEf4S7+dHY/x6KK0s6Dfw==\n-----END PUBLIC KEY-----\n",
  "description": "RobotDogModel, SN654321",
  "timestamp": "2026-07-20T07:08:24Z",
  "metadata": {
    "region": "CN",
    "role": "collaborator"
  },
  "signature": "MEYCIQCmomZ25aqKsQcW184Df6wbqN1qgmHCFcNNpHzIbdgaqgIhAKmR+IWv2LVxlUTKqR8D9/o2sWxSP4REKBko2WRWqYsR",
  "signature_encoding": "base64"
}
2026-07-20 15:08:24 [INFO] httpx - HTTP Request: POST http://192.168.1.10:9010/idm/v1/identity-applications "HTTP/1.1 200 OK"
2026-07-20 15:08:24 [INFO] HttpClient - HTTP response /idm/v1/identity-applications
{
  "result": "success",
  "agent_id": "did:udid:type2.rid678.achid0.userid1380013811175660@6gc.mnc015.mcc234.3gppnetwork.org",
  "vc0": {
    "context": [
      "3gpp-ts-33.xxx-v20.0.0"
    ],
    "id": "CMCC/credentials/0386",
    "type": [
      "VerifiableCredential",
      "BindingSIMCredential"
    ],
    "issuer": "did:udid:idm@6gc.mnc015.mcc234.3gppnetwork.org",
    "valid_from": "2026-07-20T07:08:20Z",
    "valid_until": "2027-07-20T07:08:20Z",
    "claims": {
      "agent_name": "RobotDog",
      "agent_id": "did:udid:type2.rid678.achid0.userid1380013811175660@6gc.mnc015.mcc234.3gppnetwork.org",
      "agent_attribute": "6G业务开通",
      "master_id": "type0.rid678.schid0.userid1userid20001@6gc0001@6gc.mnc015.mcc234.3gppnetwork.org",
      "self_id": "type0.rid678.schid0..mnc015.mcc234.3gppnetwork.org"
    },
    "proof": {
      "creator": "did:udid:idm@6gc.mnc015.mcc234.3gppnetwork.org#keys-1",
      "signature_value": "MEQCIEqM8oCF99P9Bql1pwTw99WzU8aAB06fCwa64KWk+vK3AiARLYhFGKM6m9SUrnczelRklYw4XGasVvKTJ3G+HJzGWw=="
    }
  }
}
2026-07-20 15:08:24 [INFO] IdentityManager - Persisted identity state: {'agent_id': 'did:udid:type2.rid678.achid0.userid1380013811175660@6gc.mnc015.mcc234.3gppnetwork.org', 'vc0': {'context': ['3gpp-ts-33.xxx-v20.0.0'], 'id': 'CMCC/credentials/0386', 'type': ['VerifiableCredential', 'BindingSIMCredential'], 'issuer': 'did:udid:idm@6gc.mnc015.mcc234.3gppnetwork.org', 'valid_from': '2026-07-20T07:08:20Z', 'valid_until': '2027-07-20T07:08:20Z', 'claims': {'agent_name': 'RobotDog', 'agent_id': 'did:udid:type2.rid678.achid0.userid1380013811175660@6gc.mnc015.mcc234.3gppnetwork.org', 'agent_attribute': '6G业务开通', 'master_id': 'type0.rid678.schid0.userid1userid20001@6gc0001@6gc.mnc015.mcc234.3gppnetwork.org', 'self_id': 'type0.rid678.schid0..mnc015.mcc234.3gppnetwork.org'}, 'proof': {'creator': 'did:udid:idm@6gc.mnc015.mcc234.3gppnetwork.org#keys-1', 'signature_value': 'MEQCIEqM8oCF99P9Bql1pwTw99WzU8aAB06fCwa64KWk+vK3AiARLYhFGKM6m9SUrnczelRklYw4XGasVvKTJ3G+HJzGWw=='}}, 'capability_names': [], 'capability_vcs': [], 'agent_name': 'RobotDog', 'owner': '13800138111', 'priority': 4, 'metadata': {'region': 'CN', 'role': 'collaborator'}}
2026-07-20 15:08:24 [INFO] AcnSDK - Agent registered. agent_id=did:udid:type2.rid678.achid0.userid1380013811175660@6gc.mnc015.mcc234.3gppnetwork.org
2026-07-20 15:08:24 [INFO] CredentialIssuer - Issued capability VCs: [{'context': ['3gpp-ts-33.xxx-v20.0.0'], 'id': 'robot-factory/credentials/6533', 'type': ['VerifiableCredential', 'BindingSIMCredential'], 'issuer': 'did:robotfactoryissuer@6gc.mnc015.mcc234.3gppnetwork', 'valid_from': '2026-07-19T07:08:24.984746+00:00', 'valid_until': '2027-07-20T07:08:24.984746+00:00', 'claims': {'agent_name': 'RobotDog', 'agent_id': 'did:udid:type2.rid678.achid0.userid1380013811175660@6gc.mnc015.mcc234.3gppnetwork.org', 'agent_attribute': '载重运输', 'authorization_mode': 'Mode2'}, 'proof': {'creator': 'did:robotfactoryissuer@6gc.mnc015.mcc234.3gppnetwork#keys-1', 'signature_value': 'MEUCIQDq0rFVLZoVj3nipZZYv+VMgl4jb8y/rRR8qF9kYDnrPwIgZ2+O6NKwz4g7L3mk0e9nlwykMTrhvULs62USudeBbEI='}}, {'context': ['3gpp-ts-33.xxx-v20.0.0'], 'id': 'robot-factory/credentials/4146', 'type': ['VerifiableCredential', 'BindingSIMCredential'], 'issuer': 'did:robotfactoryissuer@6gc.mnc015.mcc234.3gppnetwork', 'valid_from': '2026-07-19T07:08:24.984746+00:00', 'valid_until': '2027-07-20T07:08:24.984746+00:00', 'claims': {'agent_name': 'RobotDog', 'agent_id': 'did:udid:type2.rid678.achid0.userid1380013811175660@6gc.mnc015.mcc234.3gppnetwork.org', 'agent_attribute': '自主导航', 'authorization_mode': 'Mode2'}, 'proof': {'creator': 'did:robotfactoryissuer@6gc.mnc015.mcc234.3gppnetwork#keys-1', 'signature_value': 'MEUCIQCecYC0Hh4gtX+Ly+TZ56NFwVe5TuaokfPi65//2Cg86QIgc3isZ75UtZgT3cuXrUc5biqAF5gE2lHhj2AaoS3Vg/4='}}, {'context': ['3gpp-ts-33.xxx-v20.0.0'], 'id': 'robot-factory/credentials/4736', 'type': ['VerifiableCredential', 'BindingSIMCredential'], 'issuer': 'did:robotfactoryissuer@6gc.mnc015.mcc234.3gppnetwork', 'valid_from': '2026-07-19T07:08:24.984746+00:00', 'valid_until': '2027-07-20T07:08:24.984746+00:00', 'claims': {'agent_name': 'RobotDog', 'agent_id': 'did:udid:type2.rid678.achid0.userid1380013811175660@6gc.mnc015.mcc234.3gppnetwork.org', 'agent_attribute': '高清摄像', 'authorization_mode': 'Mode2'}, 'proof': {'creator': 'did:robotfactoryissuer@6gc.mnc015.mcc234.3gppnetwork#keys-1', 'signature_value': 'MEQCIEEVTn6Xpei9EOOUSh3edeZWOsyuW17Gaie1cfwxNAvoAiAsI/x5dqtZdGtDWMCDiRkjMJEVn47M6G9tjRQXn+LdJQ=='}}]
2026-07-20 15:08:24 [INFO] IdentityManager - Persisted identity state: {'agent_id': 'did:udid:type2.rid678.achid0.userid1380013811175660@6gc.mnc015.mcc234.3gppnetwork.org', 'vc0': {'context': ['3gpp-ts-33.xxx-v20.0.0'], 'id': 'CMCC/credentials/0386', 'type': ['VerifiableCredential', 'BindingSIMCredential'], 'issuer': 'did:udid:idm@6gc.mnc015.mcc234.3gppnetwork.org', 'valid_from': '2026-07-20T07:08:20Z', 'valid_until': '2027-07-20T07:08:20Z', 'claims': {'agent_name': 'RobotDog', 'agent_id': 'did:udid:type2.rid678.achid0.userid1380013811175660@6gc.mnc015.mcc234.3gppnetwork.org', 'agent_attribute': '6G业务开通', 'master_id': 'type0.rid678.schid0.userid1userid20001@6gc0001@6gc.mnc015.mcc234.3gppnetwork.org', 'self_id': 'type0.rid678.schid0..mnc015.mcc234.3gppnetwork.org'}, 'proof': {'creator': 'did:udid:idm@6gc.mnc015.mcc234.3gppnetwork.org#keys-1', 'signature_value': 'MEQCIEqM8oCF99P9Bql1pwTw99WzU8aAB06fCwa64KWk+vK3AiARLYhFGKM6m9SUrnczelRklYw4XGasVvKTJ3G+HJzGWw=='}}, 'capability_names': ['载重运输', '自主导航', '高清摄像'], 'capability_vcs': [{'context': ['3gpp-ts-33.xxx-v20.0.0'], 'id': 'robot-factory/credentials/6533', 'type': ['VerifiableCredential', 'BindingSIMCredential'], 'issuer': 'did:robotfactoryissuer@6gc.mnc015.mcc234.3gppnetwork', 'valid_from': '2026-07-19T07:08:24.984746+00:00', 'valid_until': '2027-07-20T07:08:24.984746+00:00', 'claims': {'agent_name': 'RobotDog', 'agent_id': 'did:udid:type2.rid678.achid0.userid1380013811175660@6gc.mnc015.mcc234.3gppnetwork.org', 'agent_attribute': '载重运输', 'authorization_mode': 'Mode2'}, 'proof': {'creator': 'did:robotfactoryissuer@6gc.mnc015.mcc234.3gppnetwork#keys-1', 'signature_value': 'MEUCIQDq0rFVLZoVj3nipZZYv+VMgl4jb8y/rRR8qF9kYDnrPwIgZ2+O6NKwz4g7L3mk0e9nlwykMTrhvULs62USudeBbEI='}}, {'context': ['3gpp-ts-33.xxx-v20.0.0'], 'id': 'robot-factory/credentials/4146', 'type': ['VerifiableCredential', 'BindingSIMCredential'], 'issuer': 'did:robotfactoryissuer@6gc.mnc015.mcc234.3gppnetwork', 'valid_from': '2026-07-19T07:08:24.984746+00:00', 'valid_until': '2027-07-20T07:08:24.984746+00:00', 'claims': {'agent_name': 'RobotDog', 'agent_id': 'did:udid:type2.rid678.achid0.userid1380013811175660@6gc.mnc015.mcc234.3gppnetwork.org', 'agent_attribute': '自主导航', 'authorization_mode': 'Mode2'}, 'proof': {'creator': 'did:robotfactoryissuer@6gc.mnc015.mcc234.3gppnetwork#keys-1', 'signature_value': 'MEUCIQCecYC0Hh4gtX+Ly+TZ56NFwVe5TuaokfPi65//2Cg86QIgc3isZ75UtZgT3cuXrUc5biqAF5gE2lHhj2AaoS3Vg/4='}}, {'context': ['3gpp-ts-33.xxx-v20.0.0'], 'id': 'robot-factory/credentials/4736', 'type': ['VerifiableCredential', 'BindingSIMCredential'], 'issuer': 'did:robotfactoryissuer@6gc.mnc015.mcc234.3gppnetwork', 'valid_from': '2026-07-19T07:08:24.984746+00:00', 'valid_until': '2027-07-20T07:08:24.984746+00:00', 'claims': {'agent_name': 'RobotDog', 'agent_id': 'did:udid:type2.rid678.achid0.userid1380013811175660@6gc.mnc015.mcc234.3gppnetwork.org', 'agent_attribute': '高清摄像', 'authorization_mode': 'Mode2'}, 'proof': {'creator': 'did:robotfactoryissuer@6gc.mnc015.mcc234.3gppnetwork#keys-1', 'signature_value': 'MEQCIEEVTn6Xpei9EOOUSh3edeZWOsyuW17Gaie1cfwxNAvoAiAsI/x5dqtZdGtDWMCDiRkjMJEVn47M6G9tjRQXn+LdJQ=='}}], 'agent_name': 'RobotDog', 'owner': '13800138111', 'priority': 4, 'metadata': {'region': 'CN', 'role': 'collaborator'}}
2026-07-20 15:08:25 [INFO] HttpClient - HTTP POST http://192.168.1.10:9010/arf/v1/agent-cards
{
  "agent_id": "did:udid:type2.rid678.achid0.userid1380013811175660@6gc.mnc015.mcc234.3gppnetwork.org",
  "priority": 4,
  "timestamp": "2026-07-20T07:08:24Z",
  "signature": "MEYCIQDOLjCrag78jbAgKRDLKL5KQdvZxZhs8vFpvJwvF7fAxAIhAPnibgA/CoR0VJKfpqn8hYP1wJ5Dd48hpssLxKtu1XV8",
  "signature_encoding": "base64",
  "vc_list": [
    {
      "context": [
        "3gpp-ts-33.xxx-v20.0.0"
      ],
      "id": "CMCC/credentials/0386",
      "type": [
        "VerifiableCredential",
        "BindingSIMCredential"
      ],
      "issuer": "did:udid:idm@6gc.mnc015.mcc234.3gppnetwork.org",
      "valid_from": "2026-07-20T07:08:20Z",
      "valid_until": "2027-07-20T07:08:20Z",
      "claims": {
        "agent_name": "RobotDog",
        "agent_id": "did:udid:type2.rid678.achid0.userid1380013811175660@6gc.mnc015.mcc234.3gppnetwork.org",
        "agent_attribute": "6G业务开通",
        "master_id": "type0.rid678.schid0.userid1userid20001@6gc0001@6gc.mnc015.mcc234.3gppnetwork.org",
        "self_id": "type0.rid678.schid0..mnc015.mcc234.3gppnetwork.org"
      },
      "proof": {
        "creator": "did:udid:idm@6gc.mnc015.mcc234.3gppnetwork.org#keys-1",
        "signature_value": "MEQCIEqM8oCF99P9Bql1pwTw99WzU8aAB06fCwa64KWk+vK3AiARLYhFGKM6m9SUrnczelRklYw4XGasVvKTJ3G+HJzGWw=="
      }
    },
    {
      "context": [
        "3gpp-ts-33.xxx-v20.0.0"
      ],
      "id": "robot-factory/credentials/6533",
      "type": [
        "VerifiableCredential",
        "BindingSIMCredential"
      ],
      "issuer": "did:robotfactoryissuer@6gc.mnc015.mcc234.3gppnetwork",
      "valid_from": "2026-07-19T07:08:24.984746+00:00",
      "valid_until": "2027-07-20T07:08:24.984746+00:00",
      "claims": {
        "agent_name": "RobotDog",
        "agent_id": "did:udid:type2.rid678.achid0.userid1380013811175660@6gc.mnc015.mcc234.3gppnetwork.org",
        "agent_attribute": "载重运输",
        "authorization_mode": "Mode2"
      },
      "proof": {
        "creator": "did:robotfactoryissuer@6gc.mnc015.mcc234.3gppnetwork#keys-1",
        "signature_value": "MEUCIQDq0rFVLZoVj3nipZZYv+VMgl4jb8y/rRR8qF9kYDnrPwIgZ2+O6NKwz4g7L3mk0e9nlwykMTrhvULs62USudeBbEI="
      }
    },
    {
      "context": [
        "3gpp-ts-33.xxx-v20.0.0"
      ],
      "id": "robot-factory/credentials/4146",
      "type": [
        "VerifiableCredential",
        "BindingSIMCredential"
      ],
      "issuer": "did:robotfactoryissuer@6gc.mnc015.mcc234.3gppnetwork",
      "valid_from": "2026-07-19T07:08:24.984746+00:00",
      "valid_until": "2027-07-20T07:08:24.984746+00:00",
      "claims": {
        "agent_name": "RobotDog",
        "agent_id": "did:udid:type2.rid678.achid0.userid1380013811175660@6gc.mnc015.mcc234.3gppnetwork.org",
        "agent_attribute": "自主导航",
        "authorization_mode": "Mode2"
      },
      "proof": {
        "creator": "did:robotfactoryissuer@6gc.mnc015.mcc234.3gppnetwork#keys-1",
        "signature_value": "MEUCIQCecYC0Hh4gtX+Ly+TZ56NFwVe5TuaokfPi65//2Cg86QIgc3isZ75UtZgT3cuXrUc5biqAF5gE2lHhj2AaoS3Vg/4="
      }
    },
    {
      "context": [
        "3gpp-ts-33.xxx-v20.0.0"
      ],
      "id": "robot-factory/credentials/4736",
      "type": [
        "VerifiableCredential",
        "BindingSIMCredential"
      ],
      "issuer": "did:robotfactoryissuer@6gc.mnc015.mcc234.3gppnetwork",
      "valid_from": "2026-07-19T07:08:24.984746+00:00",
      "valid_until": "2027-07-20T07:08:24.984746+00:00",
      "claims": {
        "agent_name": "RobotDog",
        "agent_id": "did:udid:type2.rid678.achid0.userid1380013811175660@6gc.mnc015.mcc234.3gppnetwork.org",
        "agent_attribute": "高清摄像",
        "authorization_mode": "Mode2"
      },
      "proof": {
        "creator": "did:robotfactoryissuer@6gc.mnc015.mcc234.3gppnetwork#keys-1",
        "signature_value": "MEQCIEEVTn6Xpei9EOOUSh3edeZWOsyuW17Gaie1cfwxNAvoAiAsI/x5dqtZdGtDWMCDiRkjMJEVn47M6G9tjRQXn+LdJQ=="
      }
    }
  ]
}
2026-07-20 15:08:25 [INFO] httpx - HTTP Request: POST http://192.168.1.10:9010/arf/v1/agent-cards "HTTP/1.1 200 OK"
2026-07-20 15:08:25 [INFO] HttpClient - HTTP response /arf/v1/agent-cards
{
  "status": "OK"
}
2026-07-20 15:08:25 [INFO] AcnSDK - Robot attribute registered. agent_id=did:udid:type2.rid678.achid0.userid1380013811175660@6gc.mnc015.mcc234.3gppnetwork.org
2026-07-20 15:08:25 [INFO] WebSocketClient - Connecting websocket to ws://192.168.1.10:9002/ws
2026-07-20 15:08:25 [INFO] WebSocketClient - Websocket connected.
2026-07-20 15:08:25 [INFO] WebSocketClient - Sending websocket payload
{
  "type": "SETUP",
  "timestamp": "2026-07-20T07:08:25Z",
  "payload": {
    "src_agent_id": "did:udid:type2.rid678.achid0.userid1380013811175660@6gc.mnc015.mcc234.3gppnetwork.org"
  }
}
2026-07-20 15:08:25 [INFO] WebSocketClient - Received websocket payload
{
  "type": "SETUP",
  "timestamp": "2026-07-20T07:08:21.301415Z",
  "payload": {
    "status": "OK"
  }
}
2026-07-20 15:08:25 [INFO] MoQClient - Connecting MoQ client role=publisher remote=192.168.1.10:9003
2026-07-20 15:08:25 [INFO] moq.pub.publisher - MOQPublisher initialized for 192.168.1.10:9003
2026-07-20 15:08:25 [INFO] moq.pub.publisher - Connecting to relay at 192.168.1.10:9003
2026-07-20 15:08:25 [INFO] moq.transport.quic_transport - QUIC client config: congestion=cubic max_data=67108864 max_stream_data=67108864
2026-07-20 15:08:25 [INFO] moq.transport.quic_transport - Connecting to 192.168.1.10:9003
2026-07-20 15:08:25 [INFO] moq.transport.quic_transport - MOQQuicProtocol initialized
2026-07-20 15:08:25 [INFO] quic - [f879db888e0474bf] Negotiated protocol version 0x00000001 (VERSION_1)
2026-07-20 15:08:25 [INFO] quic - [f879db888e0474bf] ALPN negotiated protocol moq-00
2026-07-20 15:08:25 [INFO] moq.transport.quic_transport - QUIC connection established
2026-07-20 15:08:25 [INFO] moq.session.session - MOQSession created: session_id=pub-281473747850896, role=PUBLISHER
2026-07-20 15:08:25 [INFO] moq.session.session - Sent SETUP: version=4278190097, role=PUBLISHER
2026-07-20 15:08:25 [INFO] moq.pub.publisher - Connected to relay
2026-07-20 15:08:25 [INFO] MoQClient - MoQ publisher connected to relay
2026-07-20 15:08:25 [INFO] MoQClient - MoQ client connected role=publisher remote=192.168.1.10:9003
2026-07-20 15:08:25 [INFO] MoQClient - Connecting MoQ client role=subscriber remote=192.168.1.10:9003
2026-07-20 15:08:25 [INFO] moq.sub.subscriber - MOQSubscriber initialized for 192.168.1.10:9003
2026-07-20 15:08:25 [INFO] moq.sub.subscriber - Connecting to relay at 192.168.1.10:9003
2026-07-20 15:08:25 [INFO] moq.transport.quic_transport - QUIC client config: congestion=cubic max_data=67108864 max_stream_data=67108864
2026-07-20 15:08:25 [INFO] moq.transport.quic_transport - Connecting to 192.168.1.10:9003
2026-07-20 15:08:25 [INFO] moq.transport.quic_transport - MOQQuicProtocol initialized
2026-07-20 15:08:25 [INFO] quic - [cd7a9fe5bffd7b67] Negotiated protocol version 0x00000001 (VERSION_1)
2026-07-20 15:08:25 [INFO] quic - [cd7a9fe5bffd7b67] ALPN negotiated protocol moq-00
2026-07-20 15:08:25 [INFO] moq.transport.quic_transport - QUIC connection established
2026-07-20 15:08:25 [INFO] moq.session.session - MOQSession created: session_id=sub-281473747859248, role=SUBSCRIBER
2026-07-20 15:08:25 [INFO] moq.session.session - Sent SETUP: version=4278190097, role=SUBSCRIBER
2026-07-20 15:08:25 [INFO] moq.sub.subscriber - Connected to relay
2026-07-20 15:08:25 [INFO] MoQClient - MoQ subscriber connected to relay
2026-07-20 15:08:25 [INFO] MoQClient - MoQ client connected role=subscriber remote=192.168.1.10:9003
2026-07-20 15:08:25 [INFO] AcnSDK - Background network listener started.
2026-07-20 15:08:25 [INFO] AcnSDK - Network join successful for agent_id=did:udid:type2.rid678.achid0.userid1380013811175660@6gc.mnc015.mcc234.3gppnetwork.org
2026-07-20 15:08:25 [INFO] AcnSDK - Queried local agent info agent_id=did:udid:type2.rid678.achid0.userid1380013811175660@6gc.mnc015.mcc234.3gppnetwork.org
2026-07-20 15:08:25 [INFO] HttpClient - HTTP POST http://192.168.1.10:9010/acn-agent/v1/owner-agents
{
  "owner": "13800138111"
}
2026-07-20 15:08:25 [INFO] httpx - HTTP Request: POST http://192.168.1.10:9010/acn-agent/v1/owner-agents "HTTP/1.1 200 OK"
2026-07-20 15:08:25 [INFO] HttpClient - HTTP response /acn-agent/v1/owner-agents
{
  "owner": "13800138111",
  "total": 1,
  "agents": [
    {
      "agent_id": "did:udid:type2.rid678.achid0.userid1380013811175660@6gc.mnc015.mcc234.3gppnetwork.org",
      "agent_name": "RobotDog",
      "description": "RobotDogModel, SN654321"
    }
  ]
}
2026-07-20 15:08:25 [INFO] AcnSDK - Queried agent list owner=13800138111
2026-07-20 15:09:07 [INFO] WebSocketClient - Received websocket payload
{
  "type": "CLEAR",
  "timestamp": "2026-07-20T07:09:03.403840Z",
  "payload": {}
}
2026-07-20 15:09:07 [INFO] AcnSDK - Handling network message type=CLEAR payload=
{}
2026-07-20 15:09:07 [INFO] IdentityManager - Clearing identity state.
2026-07-20 15:09:07 [INFO] IdentityManager - Persisted identity state: {'agent_id': None, 'vc0': None, 'capability_names': [], 'capability_vcs': [], 'agent_name': None, 'owner': None, 'priority': None, 'metadata': {}}
2026-07-20 15:09:07 [INFO] WebSocketClient - Disconnecting websocket from ws://192.168.1.10:9002/ws
2026-07-20 15:09:07 [INFO] MoQClient - Disconnecting MoQ client role=publisher remote=192.168.1.10:9003
2026-07-20 15:09:07 [INFO] moq.session.session - Closing session: pub-281473747850896
2026-07-20 15:09:07 [INFO] quic - [f879db888e0474bf] Connection close sent (code 0x0, reason )
2026-07-20 15:09:07 [INFO] moq.transport.quic_transport - QUIC connection closed
2026-07-20 15:09:07 [INFO] MoQClient - MoQ client disconnected role=publisher remote=192.168.1.10:9003
2026-07-20 15:09:07 [INFO] MoQClient - Disconnecting MoQ client role=subscriber remote=192.168.1.10:9003
2026-07-20 15:09:07 [INFO] moq.session.session - Closing session: sub-281473747859248
2026-07-20 15:09:07 [INFO] quic - [cd7a9fe5bffd7b67] Connection close sent (code 0x0, reason )
2026-07-20 15:09:07 [INFO] moq.transport.quic_transport - QUIC connection closed
2026-07-20 15:09:07 [INFO] MoQClient - MoQ client disconnected role=subscriber remote=192.168.1.10:9003
2026-07-20 15:09:07 [INFO] TaskManager - Stopping all tasks: []
2026-07-20 15:09:07 [INFO] AcnSDK - Network state changed to offline
2026-07-20 15:11:51 [INFO] AcnSDK - Cleared identity cache file: /home/unitree/zxy/imt/acn_sdk/data/identity.json
2026-07-20 15:11:51 [INFO] AcnSDK - AcnSDK initialized for agent=RobotDog, network_status=offline
2026-07-20 15:11:51 [INFO] AcnSDK - SDK network endpoints acn_agent=9010 ws=9002 moq=9003 web_ui=9005
2026-07-20 15:11:51 [INFO] IdentityManager - Persisted identity state: {'agent_id': None, 'vc0': None, 'capability_names': [], 'capability_vcs': [], 'agent_name': None, 'owner': None, 'priority': None, 'metadata': {}}
2026-07-20 15:12:16 [INFO] AcnSDK - Cleared identity cache file: /home/unitree/zxy/imt/acn_sdk/data/identity.json
2026-07-20 15:12:16 [INFO] AcnSDK - AcnSDK initialized for agent=RobotDog, network_status=offline
2026-07-20 15:12:16 [INFO] AcnSDK - SDK network endpoints acn_agent=9010 ws=9002 moq=9003 web_ui=9005
2026-07-20 15:12:16 [INFO] HttpClient - HTTP POST http://192.168.1.10:9010/idm/v1/identity-applications
{
  "owner": "13800138111",
  "name": "RobotDog",
  "public_key": "-----BEGIN PUBLIC KEY-----\nMFkwEwYHKoZIzj0CAQYIKoZIzj0DAQcDQgAEjNqmCmtuP9IpEQb88DZmbN0nfAMT\nu0mALPHBfC+5PQSKfmfgFQoiv30y7MZCB4iQHIEf4S7+dHY/x6KK0s6Dfw==\n-----END PUBLIC KEY-----\n",
  "description": "RobotDogModel, SN654321",
  "timestamp": "2026-07-20T07:12:16Z",
  "metadata": {
    "region": "CN",
    "role": "collaborator"
  },
  "signature": "MEUCIQD4Bt1MWoJ4b5PhA/5OPuCQ6mGgYNRWqmLLahN0V+O/UgIgU8V9uiLIUjZvbB0enGW44wUH5+g0l6RbGB2ZPXjuj6k=",
  "signature_encoding": "base64"
}
2026-07-20 15:12:17 [INFO] httpx - HTTP Request: POST http://192.168.1.10:9010/idm/v1/identity-applications "HTTP/1.1 200 OK"
2026-07-20 15:12:17 [INFO] HttpClient - HTTP response /idm/v1/identity-applications
{
  "result": "success",
  "agent_id": "did:udid:type2.rid678.achid0.userid1380013811174335@6gc.mnc015.mcc234.3gppnetwork.org",
  "vc0": {
    "context": [
      "3gpp-ts-33.xxx-v20.0.0"
    ],
    "id": "CMCC/credentials/7923",
    "type": [
      "VerifiableCredential",
      "BindingSIMCredential"
    ],
    "issuer": "did:udid:idm@6gc.mnc015.mcc234.3gppnetwork.org",
    "valid_from": "2026-07-20T07:12:17Z",
    "valid_until": "2027-07-20T07:12:17Z",
    "claims": {
      "agent_name": "RobotDog",
      "agent_id": "did:udid:type2.rid678.achid0.userid1380013811174335@6gc.mnc015.mcc234.3gppnetwork.org",
      "agent_attribute": "6G业务开通",
      "master_id": "type0.rid678.schid0.userid1userid20001@6gc0001@6gc.mnc015.mcc234.3gppnetwork.org",
      "self_id": "type0.rid678.schid0..mnc015.mcc234.3gppnetwork.org"
    },
    "proof": {
      "creator": "did:udid:idm@6gc.mnc015.mcc234.3gppnetwork.org#keys-1",
      "signature_value": "MEYCIQDkx7d68BxfpSlEdU3T4iauGcJjWCLEpZi2yAtmezV13QIhAOkdMI0qGanlSkOTsZQ7+Ig91LcsLHJYGiIUT4cWHrp/"
    }
  }
}
2026-07-20 15:12:17 [INFO] IdentityManager - Persisted identity state: {'agent_id': 'did:udid:type2.rid678.achid0.userid1380013811174335@6gc.mnc015.mcc234.3gppnetwork.org', 'vc0': {'context': ['3gpp-ts-33.xxx-v20.0.0'], 'id': 'CMCC/credentials/7923', 'type': ['VerifiableCredential', 'BindingSIMCredential'], 'issuer': 'did:udid:idm@6gc.mnc015.mcc234.3gppnetwork.org', 'valid_from': '2026-07-20T07:12:17Z', 'valid_until': '2027-07-20T07:12:17Z', 'claims': {'agent_name': 'RobotDog', 'agent_id': 'did:udid:type2.rid678.achid0.userid1380013811174335@6gc.mnc015.mcc234.3gppnetwork.org', 'agent_attribute': '6G业务开通', 'master_id': 'type0.rid678.schid0.userid1userid20001@6gc0001@6gc.mnc015.mcc234.3gppnetwork.org', 'self_id': 'type0.rid678.schid0..mnc015.mcc234.3gppnetwork.org'}, 'proof': {'creator': 'did:udid:idm@6gc.mnc015.mcc234.3gppnetwork.org#keys-1', 'signature_value': 'MEYCIQDkx7d68BxfpSlEdU3T4iauGcJjWCLEpZi2yAtmezV13QIhAOkdMI0qGanlSkOTsZQ7+Ig91LcsLHJYGiIUT4cWHrp/'}}, 'capability_names': [], 'capability_vcs': [], 'agent_name': 'RobotDog', 'owner': '13800138111', 'priority': 4, 'metadata': {'region': 'CN', 'role': 'collaborator'}}
2026-07-20 15:12:17 [INFO] AcnSDK - Agent registered. agent_id=did:udid:type2.rid678.achid0.userid1380013811174335@6gc.mnc015.mcc234.3gppnetwork.org
2026-07-20 15:12:17 [INFO] CredentialIssuer - Issued capability VCs: [{'context': ['3gpp-ts-33.xxx-v20.0.0'], 'id': 'robot-factory/credentials/7798', 'type': ['VerifiableCredential', 'BindingSIMCredential'], 'issuer': 'did:robotfactoryissuer@6gc.mnc015.mcc234.3gppnetwork', 'valid_from': '2026-07-19T07:12:17.017417+00:00', 'valid_until': '2027-07-20T07:12:17.017417+00:00', 'claims': {'agent_name': 'RobotDog', 'agent_id': 'did:udid:type2.rid678.achid0.userid1380013811174335@6gc.mnc015.mcc234.3gppnetwork.org', 'agent_attribute': '载重运输', 'authorization_mode': 'Mode2'}, 'proof': {'creator': 'did:robotfactoryissuer@6gc.mnc015.mcc234.3gppnetwork#keys-1', 'signature_value': 'MEYCIQDPzDjXOv+GU0YW2o9mJfYtIQ3nLgTxbL/klD+//NtpmwIhAKy+Fy1PQ6dpv0kgm0+60LACgYgSqx0W8rfh5BKMoVF6'}}, {'context': ['3gpp-ts-33.xxx-v20.0.0'], 'id': 'robot-factory/credentials/8872', 'type': ['VerifiableCredential', 'BindingSIMCredential'], 'issuer': 'did:robotfactoryissuer@6gc.mnc015.mcc234.3gppnetwork', 'valid_from': '2026-07-19T07:12:17.017417+00:00', 'valid_until': '2027-07-20T07:12:17.017417+00:00', 'claims': {'agent_name': 'RobotDog', 'agent_id': 'did:udid:type2.rid678.achid0.userid1380013811174335@6gc.mnc015.mcc234.3gppnetwork.org', 'agent_attribute': '自主导航', 'authorization_mode': 'Mode2'}, 'proof': {'creator': 'did:robotfactoryissuer@6gc.mnc015.mcc234.3gppnetwork#keys-1', 'signature_value': 'MEUCIDr46+6E0qUsVbELc8IF/PbOgHOVaqnIDsN/fIMjrUdpAiEAzrFDPmhLeriTuL4RfVEkeNTdCUPwrrbUNFtIluGgVR8='}}, {'context': ['3gpp-ts-33.xxx-v20.0.0'], 'id': 'robot-factory/credentials/2632', 'type': ['VerifiableCredential', 'BindingSIMCredential'], 'issuer': 'did:robotfactoryissuer@6gc.mnc015.mcc234.3gppnetwork', 'valid_from': '2026-07-19T07:12:17.017417+00:00', 'valid_until': '2027-07-20T07:12:17.017417+00:00', 'claims': {'agent_name': 'RobotDog', 'agent_id': 'did:udid:type2.rid678.achid0.userid1380013811174335@6gc.mnc015.mcc234.3gppnetwork.org', 'agent_attribute': '高清摄像', 'authorization_mode': 'Mode2'}, 'proof': {'creator': 'did:robotfactoryissuer@6gc.mnc015.mcc234.3gppnetwork#keys-1', 'signature_value': 'MEQCIFieNrFB5Cc2DeLQ+U77id/qc93WTyKYJ1iQ5BBZ/S9HAiBv0fcDp9ds4YUrdHy1ZeIIUbsdIv2pftlG04BWogBJDA=='}}]
2026-07-20 15:12:17 [INFO] IdentityManager - Persisted identity state: {'agent_id': 'did:udid:type2.rid678.achid0.userid1380013811174335@6gc.mnc015.mcc234.3gppnetwork.org', 'vc0': {'context': ['3gpp-ts-33.xxx-v20.0.0'], 'id': 'CMCC/credentials/7923', 'type': ['VerifiableCredential', 'BindingSIMCredential'], 'issuer': 'did:udid:idm@6gc.mnc015.mcc234.3gppnetwork.org', 'valid_from': '2026-07-20T07:12:17Z', 'valid_until': '2027-07-20T07:12:17Z', 'claims': {'agent_name': 'RobotDog', 'agent_id': 'did:udid:type2.rid678.achid0.userid1380013811174335@6gc.mnc015.mcc234.3gppnetwork.org', 'agent_attribute': '6G业务开通', 'master_id': 'type0.rid678.schid0.userid1userid20001@6gc0001@6gc.mnc015.mcc234.3gppnetwork.org', 'self_id': 'type0.rid678.schid0..mnc015.mcc234.3gppnetwork.org'}, 'proof': {'creator': 'did:udid:idm@6gc.mnc015.mcc234.3gppnetwork.org#keys-1', 'signature_value': 'MEYCIQDkx7d68BxfpSlEdU3T4iauGcJjWCLEpZi2yAtmezV13QIhAOkdMI0qGanlSkOTsZQ7+Ig91LcsLHJYGiIUT4cWHrp/'}}, 'capability_names': ['载重运输', '自主导航', '高清摄像'], 'capability_vcs': [{'context': ['3gpp-ts-33.xxx-v20.0.0'], 'id': 'robot-factory/credentials/7798', 'type': ['VerifiableCredential', 'BindingSIMCredential'], 'issuer': 'did:robotfactoryissuer@6gc.mnc015.mcc234.3gppnetwork', 'valid_from': '2026-07-19T07:12:17.017417+00:00', 'valid_until': '2027-07-20T07:12:17.017417+00:00', 'claims': {'agent_name': 'RobotDog', 'agent_id': 'did:udid:type2.rid678.achid0.userid1380013811174335@6gc.mnc015.mcc234.3gppnetwork.org', 'agent_attribute': '载重运输', 'authorization_mode': 'Mode2'}, 'proof': {'creator': 'did:robotfactoryissuer@6gc.mnc015.mcc234.3gppnetwork#keys-1', 'signature_value': 'MEYCIQDPzDjXOv+GU0YW2o9mJfYtIQ3nLgTxbL/klD+//NtpmwIhAKy+Fy1PQ6dpv0kgm0+60LACgYgSqx0W8rfh5BKMoVF6'}}, {'context': ['3gpp-ts-33.xxx-v20.0.0'], 'id': 'robot-factory/credentials/8872', 'type': ['VerifiableCredential', 'BindingSIMCredential'], 'issuer': 'did:robotfactoryissuer@6gc.mnc015.mcc234.3gppnetwork', 'valid_from': '2026-07-19T07:12:17.017417+00:00', 'valid_until': '2027-07-20T07:12:17.017417+00:00', 'claims': {'agent_name': 'RobotDog', 'agent_id': 'did:udid:type2.rid678.achid0.userid1380013811174335@6gc.mnc015.mcc234.3gppnetwork.org', 'agent_attribute': '自主导航', 'authorization_mode': 'Mode2'}, 'proof': {'creator': 'did:robotfactoryissuer@6gc.mnc015.mcc234.3gppnetwork#keys-1', 'signature_value': 'MEUCIDr46+6E0qUsVbELc8IF/PbOgHOVaqnIDsN/fIMjrUdpAiEAzrFDPmhLeriTuL4RfVEkeNTdCUPwrrbUNFtIluGgVR8='}}, {'context': ['3gpp-ts-33.xxx-v20.0.0'], 'id': 'robot-factory/credentials/2632', 'type': ['VerifiableCredential', 'BindingSIMCredential'], 'issuer': 'did:robotfactoryissuer@6gc.mnc015.mcc234.3gppnetwork', 'valid_from': '2026-07-19T07:12:17.017417+00:00', 'valid_until': '2027-07-20T07:12:17.017417+00:00', 'claims': {'agent_name': 'RobotDog', 'agent_id': 'did:udid:type2.rid678.achid0.userid1380013811174335@6gc.mnc015.mcc234.3gppnetwork.org', 'agent_attribute': '高清摄像', 'authorization_mode': 'Mode2'}, 'proof': {'creator': 'did:robotfactoryissuer@6gc.mnc015.mcc234.3gppnetwork#keys-1', 'signature_value': 'MEQCIFieNrFB5Cc2DeLQ+U77id/qc93WTyKYJ1iQ5BBZ/S9HAiBv0fcDp9ds4YUrdHy1ZeIIUbsdIv2pftlG04BWogBJDA=='}}], 'agent_name': 'RobotDog', 'owner': '13800138111', 'priority': 4, 'metadata': {'region': 'CN', 'role': 'collaborator'}}
2026-07-20 15:12:17 [INFO] HttpClient - HTTP POST http://192.168.1.10:9010/arf/v1/agent-cards
{
  "agent_id": "did:udid:type2.rid678.achid0.userid1380013811174335@6gc.mnc015.mcc234.3gppnetwork.org",
  "priority": 4,
  "timestamp": "2026-07-20T07:12:17Z",
  "signature": "MEUCIQDEp3lhqlS7psmAgKjSOPeTw2Nvo/7wWf7S7M1UvyXyAQIgCJ2uwqKz65cre+fN05ORGmd3NZqutBhYOLjTUBBgtz4=",
  "signature_encoding": "base64",
  "vc_list": [
    {
      "context": [
        "3gpp-ts-33.xxx-v20.0.0"
      ],
      "id": "CMCC/credentials/7923",
      "type": [
        "VerifiableCredential",
        "BindingSIMCredential"
      ],
      "issuer": "did:udid:idm@6gc.mnc015.mcc234.3gppnetwork.org",
      "valid_from": "2026-07-20T07:12:17Z",
      "valid_until": "2027-07-20T07:12:17Z",
      "claims": {
        "agent_name": "RobotDog",
        "agent_id": "did:udid:type2.rid678.achid0.userid1380013811174335@6gc.mnc015.mcc234.3gppnetwork.org",
        "agent_attribute": "6G业务开通",
        "master_id": "type0.rid678.schid0.userid1userid20001@6gc0001@6gc.mnc015.mcc234.3gppnetwork.org",
        "self_id": "type0.rid678.schid0..mnc015.mcc234.3gppnetwork.org"
      },
      "proof": {
        "creator": "did:udid:idm@6gc.mnc015.mcc234.3gppnetwork.org#keys-1",
        "signature_value": "MEYCIQDkx7d68BxfpSlEdU3T4iauGcJjWCLEpZi2yAtmezV13QIhAOkdMI0qGanlSkOTsZQ7+Ig91LcsLHJYGiIUT4cWHrp/"
      }
    },
    {
      "context": [
        "3gpp-ts-33.xxx-v20.0.0"
      ],
      "id": "robot-factory/credentials/7798",
      "type": [
        "VerifiableCredential",
        "BindingSIMCredential"
      ],
      "issuer": "did:robotfactoryissuer@6gc.mnc015.mcc234.3gppnetwork",
      "valid_from": "2026-07-19T07:12:17.017417+00:00",
      "valid_until": "2027-07-20T07:12:17.017417+00:00",
      "claims": {
        "agent_name": "RobotDog",
        "agent_id": "did:udid:type2.rid678.achid0.userid1380013811174335@6gc.mnc015.mcc234.3gppnetwork.org",
        "agent_attribute": "载重运输",
        "authorization_mode": "Mode2"
      },
      "proof": {
        "creator": "did:robotfactoryissuer@6gc.mnc015.mcc234.3gppnetwork#keys-1",
        "signature_value": "MEYCIQDPzDjXOv+GU0YW2o9mJfYtIQ3nLgTxbL/klD+//NtpmwIhAKy+Fy1PQ6dpv0kgm0+60LACgYgSqx0W8rfh5BKMoVF6"
      }
    },
    {
      "context": [
        "3gpp-ts-33.xxx-v20.0.0"
      ],
      "id": "robot-factory/credentials/8872",
      "type": [
        "VerifiableCredential",
        "BindingSIMCredential"
      ],
      "issuer": "did:robotfactoryissuer@6gc.mnc015.mcc234.3gppnetwork",
      "valid_from": "2026-07-19T07:12:17.017417+00:00",
      "valid_until": "2027-07-20T07:12:17.017417+00:00",
      "claims": {
        "agent_name": "RobotDog",
        "agent_id": "did:udid:type2.rid678.achid0.userid1380013811174335@6gc.mnc015.mcc234.3gppnetwork.org",
        "agent_attribute": "自主导航",
        "authorization_mode": "Mode2"
      },
      "proof": {
        "creator": "did:robotfactoryissuer@6gc.mnc015.mcc234.3gppnetwork#keys-1",
        "signature_value": "MEUCIDr46+6E0qUsVbELc8IF/PbOgHOVaqnIDsN/fIMjrUdpAiEAzrFDPmhLeriTuL4RfVEkeNTdCUPwrrbUNFtIluGgVR8="
      }
    },
    {
      "context": [
        "3gpp-ts-33.xxx-v20.0.0"
      ],
      "id": "robot-factory/credentials/2632",
      "type": [
        "VerifiableCredential",
        "BindingSIMCredential"
      ],
      "issuer": "did:robotfactoryissuer@6gc.mnc015.mcc234.3gppnetwork",
      "valid_from": "2026-07-19T07:12:17.017417+00:00",
      "valid_until": "2027-07-20T07:12:17.017417+00:00",
      "claims": {
        "agent_name": "RobotDog",
        "agent_id": "did:udid:type2.rid678.achid0.userid1380013811174335@6gc.mnc015.mcc234.3gppnetwork.org",
        "agent_attribute": "高清摄像",
        "authorization_mode": "Mode2"
      },
      "proof": {
        "creator": "did:robotfactoryissuer@6gc.mnc015.mcc234.3gppnetwork#keys-1",
        "signature_value": "MEQCIFieNrFB5Cc2DeLQ+U77id/qc93WTyKYJ1iQ5BBZ/S9HAiBv0fcDp9ds4YUrdHy1ZeIIUbsdIv2pftlG04BWogBJDA=="
      }
    }
  ]
}
2026-07-20 15:12:17 [INFO] httpx - HTTP Request: POST http://192.168.1.10:9010/arf/v1/agent-cards "HTTP/1.1 200 OK"
2026-07-20 15:12:17 [INFO] HttpClient - HTTP response /arf/v1/agent-cards
{
  "status": "OK"
}
2026-07-20 15:12:17 [INFO] AcnSDK - Robot attribute registered. agent_id=did:udid:type2.rid678.achid0.userid1380013811174335@6gc.mnc015.mcc234.3gppnetwork.org
2026-07-20 15:12:17 [INFO] WebSocketClient - Connecting websocket to ws://192.168.1.10:9002/ws
2026-07-20 15:12:17 [INFO] WebSocketClient - Websocket connected.
2026-07-20 15:12:17 [INFO] WebSocketClient - Sending websocket payload
{
  "type": "SETUP",
  "timestamp": "2026-07-20T07:12:17Z",
  "payload": {
    "src_agent_id": "did:udid:type2.rid678.achid0.userid1380013811174335@6gc.mnc015.mcc234.3gppnetwork.org"
  }
}
2026-07-20 15:12:17 [INFO] WebSocketClient - Received websocket payload
{
  "type": "SETUP",
  "timestamp": "2026-07-20T07:12:18.237596Z",
  "payload": {
    "status": "OK"
  }
}
2026-07-20 15:12:17 [INFO] MoQClient - Connecting MoQ client role=publisher remote=192.168.1.10:9003
2026-07-20 15:12:17 [INFO] moq.pub.publisher - MOQPublisher initialized for 192.168.1.10:9003
2026-07-20 15:12:17 [INFO] moq.pub.publisher - Connecting to relay at 192.168.1.10:9003
2026-07-20 15:12:17 [INFO] moq.transport.quic_transport - QUIC client config: congestion=cubic max_data=67108864 max_stream_data=67108864
2026-07-20 15:12:17 [INFO] moq.transport.quic_transport - Connecting to 192.168.1.10:9003
2026-07-20 15:12:17 [INFO] moq.transport.quic_transport - MOQQuicProtocol initialized
2026-07-20 15:12:17 [INFO] quic - [564a89bf727d0392] Negotiated protocol version 0x00000001 (VERSION_1)
2026-07-20 15:12:17 [INFO] quic - [564a89bf727d0392] ALPN negotiated protocol moq-00
2026-07-20 15:12:17 [INFO] moq.transport.quic_transport - QUIC connection established
2026-07-20 15:12:17 [INFO] moq.session.session - MOQSession created: session_id=pub-281473525307024, role=PUBLISHER
2026-07-20 15:12:17 [INFO] moq.session.session - Sent SETUP: version=4278190097, role=PUBLISHER
2026-07-20 15:12:17 [INFO] moq.pub.publisher - Connected to relay
2026-07-20 15:12:17 [INFO] MoQClient - MoQ publisher connected to relay
2026-07-20 15:12:17 [INFO] MoQClient - MoQ client connected role=publisher remote=192.168.1.10:9003
2026-07-20 15:12:17 [INFO] MoQClient - Connecting MoQ client role=subscriber remote=192.168.1.10:9003
2026-07-20 15:12:17 [INFO] moq.sub.subscriber - MOQSubscriber initialized for 192.168.1.10:9003
2026-07-20 15:12:17 [INFO] moq.sub.subscriber - Connecting to relay at 192.168.1.10:9003
2026-07-20 15:12:17 [INFO] moq.transport.quic_transport - QUIC client config: congestion=cubic max_data=67108864 max_stream_data=67108864
2026-07-20 15:12:17 [INFO] moq.transport.quic_transport - Connecting to 192.168.1.10:9003
2026-07-20 15:12:17 [INFO] moq.transport.quic_transport - MOQQuicProtocol initialized
2026-07-20 15:12:17 [INFO] quic - [daf363cc29b77330] Negotiated protocol version 0x00000001 (VERSION_1)
2026-07-20 15:12:17 [INFO] quic - [daf363cc29b77330] ALPN negotiated protocol moq-00
2026-07-20 15:12:17 [INFO] moq.transport.quic_transport - QUIC connection established
2026-07-20 15:12:17 [INFO] moq.session.session - MOQSession created: session_id=sub-281473525315376, role=SUBSCRIBER
2026-07-20 15:12:17 [INFO] moq.session.session - Sent SETUP: version=4278190097, role=SUBSCRIBER
2026-07-20 15:12:17 [INFO] moq.sub.subscriber - Connected to relay
2026-07-20 15:12:17 [INFO] MoQClient - MoQ subscriber connected to relay
2026-07-20 15:12:17 [INFO] MoQClient - MoQ client connected role=subscriber remote=192.168.1.10:9003
2026-07-20 15:12:17 [INFO] AcnSDK - Background network listener started.
2026-07-20 15:12:17 [INFO] AcnSDK - Network join successful for agent_id=did:udid:type2.rid678.achid0.userid1380013811174335@6gc.mnc015.mcc234.3gppnetwork.org
2026-07-20 15:12:17 [INFO] AcnSDK - Queried local agent info agent_id=did:udid:type2.rid678.achid0.userid1380013811174335@6gc.mnc015.mcc234.3gppnetwork.org
2026-07-20 15:12:17 [INFO] HttpClient - HTTP POST http://192.168.1.10:9010/acn-agent/v1/owner-agents
{
  "owner": "13800138111"
}
2026-07-20 15:12:17 [INFO] httpx - HTTP Request: POST http://192.168.1.10:9010/acn-agent/v1/owner-agents "HTTP/1.1 200 OK"
2026-07-20 15:12:17 [INFO] HttpClient - HTTP response /acn-agent/v1/owner-agents
{
  "owner": "13800138111",
  "total": 1,
  "agents": [
    {
      "agent_id": "did:udid:type2.rid678.achid0.userid1380013811174335@6gc.mnc015.mcc234.3gppnetwork.org",
      "agent_name": "RobotDog",
      "description": "RobotDogModel, SN654321"
    }
  ]
}
2026-07-20 15:12:17 [INFO] AcnSDK - Queried agent list owner=13800138111
2026-07-20 15:12:19 [INFO] WebSocketClient - Received websocket payload
{
  "type": "TASK_REQUEST_COLLABORATION",
  "timestamp": "2026-07-20T07:12:20.638419Z",
  "payload": {
    "src_agent_id": "did:udid:type2.rid678.achid0.userid+861380013800047547@6gc.mnc015.mcc234.3gppnetwork.org",
    "dst_agent_id": "did:udid:type2.rid678.achid0.userid1380013811174335@6gc.mnc015.mcc234.3gppnetwork.org",
    "task_id": "task-12345",
    "task_description": "Collaboration task",
    "agent_card": {
      "agent_id": "did:udid:type2.rid678.achid0.userid+861380013800047547@6gc.mnc015.mcc234.3gppnetwork.org",
      "agent_name": "AR glasses",
      "skill": [
        "6G业务开通",
        "视觉共享",
        "远程操控"
      ]
    },
    "timestamp": "2026-07-20T07:12:20.638419Z"
  }
}
2026-07-20 15:12:19 [INFO] AcnSDK - Handling network message type=TASK_REQUEST_COLLABORATION payload=
{
  "src_agent_id": "did:udid:type2.rid678.achid0.userid+861380013800047547@6gc.mnc015.mcc234.3gppnetwork.org",
  "dst_agent_id": "did:udid:type2.rid678.achid0.userid1380013811174335@6gc.mnc015.mcc234.3gppnetwork.org",
  "task_id": "task-12345",
  "task_description": "Collaboration task",
  "agent_card": {
    "agent_id": "did:udid:type2.rid678.achid0.userid+861380013800047547@6gc.mnc015.mcc234.3gppnetwork.org",
    "agent_name": "AR glasses",
    "skill": [
      "6G业务开通",
      "视觉共享",
      "远程操控"
    ]
  },
  "timestamp": "2026-07-20T07:12:20.638419Z"
}
2026-07-20 15:12:19 [INFO] WebSocketClient - Sending websocket payload
{
  "type": "TASK_ACCEPT_COLLABORATION",
  "timestamp": "2026-07-20T07:12:19Z",
  "payload": {
    "src_agent_id": "did:udid:type2.rid678.achid0.userid1380013811174335@6gc.mnc015.mcc234.3gppnetwork.org",
    "dst_agent_id": "did:udid:type2.rid678.achid0.userid+861380013800047547@6gc.mnc015.mcc234.3gppnetwork.org",
    "task_id": "task-12345",
    "result": "OK"
  }
}
2026-07-20 15:12:19 [INFO] AcnSDK - Task collaboration accepted. task_id=task-12345 dst_agent_id=did:udid:type2.rid678.achid0.userid+861380013800047547@6gc.mnc015.mcc234.3gppnetwork.org
2026-07-20 15:12:19 [INFO] WebSocketClient - Received websocket payload
{
  "type": "START_TASK",
  "timestamp": "2026-07-20T07:12:20Z",
  "payload": {
    "src_agent_id": "did:udid:type2.rid678.achid0.userid+861380013800047547@6gc.mnc015.mcc234.3gppnetwork.org",
    "dst_agent_id": "did:udid:type2.rid678.achid0.userid1380013811174335@6gc.mnc015.mcc234.3gppnetwork.org",
    "task_id": "task-12345",
    "task_description": "协同任务"
  }
}
2026-07-20 15:12:19 [INFO] AcnSDK - Handling network message type=START_TASK payload=
{
  "src_agent_id": "did:udid:type2.rid678.achid0.userid+861380013800047547@6gc.mnc015.mcc234.3gppnetwork.org",
  "dst_agent_id": "did:udid:type2.rid678.achid0.userid1380013811174335@6gc.mnc015.mcc234.3gppnetwork.org",
  "task_id": "task-12345",
  "task_description": "协同任务"
}
2026-07-20 15:12:20 [INFO] HttpClient - HTTP POST http://192.168.1.10:9010/acn-agent/v1/task-executions
{
  "agent_id": "did:udid:type2.rid678.achid0.userid1380013811174335@6gc.mnc015.mcc234.3gppnetwork.org",
  "task_id": "task-12345",
  "description": "协同任务",
  "timestamp": "2026-07-20T07:12:19Z"
}
2026-07-20 15:12:20 [INFO] httpx - HTTP Request: POST http://192.168.1.10:9010/acn-agent/v1/task-executions "HTTP/1.1 200 OK"
2026-07-20 15:12:20 [INFO] HttpClient - HTTP response /acn-agent/v1/task-executions
{
  "status": "OK"
}
2026-07-20 15:12:20 [INFO] AcnSDK - Task execution requested. task_id=task-12345
2026-07-20 15:12:28 [INFO] WebSocketClient - Received websocket payload
{
  "type": "TASK_REQUEST_COLLABORATION",
  "timestamp": "2026-07-20T07:12:28.965575Z",
  "payload": {
    "src_agent_id": "did:udid:type2.rid678.achid0.userid+861380013800047547@6gc.mnc015.mcc234.3gppnetwork.org",
    "dst_agent_id": "did:udid:type2.rid678.achid0.userid1380013811174335@6gc.mnc015.mcc234.3gppnetwork.org",
    "task_id": "task-12345",
    "task_description": "Collaboration task",
    "agent_card": {
      "agent_id": "did:udid:type2.rid678.achid0.userid+861380013800047547@6gc.mnc015.mcc234.3gppnetwork.org",
      "agent_name": "AR glasses",
      "skill": [
        "6G业务开通",
        "视觉共享",
        "远程操控"
      ]
    },
    "timestamp": "2026-07-20T07:12:28.965575Z"
  }
}
2026-07-20 15:12:28 [INFO] AcnSDK - Handling network message type=TASK_REQUEST_COLLABORATION payload=
{
  "src_agent_id": "did:udid:type2.rid678.achid0.userid+861380013800047547@6gc.mnc015.mcc234.3gppnetwork.org",
  "dst_agent_id": "did:udid:type2.rid678.achid0.userid1380013811174335@6gc.mnc015.mcc234.3gppnetwork.org",
  "task_id": "task-12345",
  "task_description": "Collaboration task",
  "agent_card": {
    "agent_id": "did:udid:type2.rid678.achid0.userid+861380013800047547@6gc.mnc015.mcc234.3gppnetwork.org",
    "agent_name": "AR glasses",
    "skill": [
      "6G业务开通",
      "视觉共享",
      "远程操控"
    ]
  },
  "timestamp": "2026-07-20T07:12:28.965575Z"
}
2026-07-20 15:12:28 [INFO] WebSocketClient - Sending websocket payload
{
  "type": "TASK_ACCEPT_COLLABORATION",
  "timestamp": "2026-07-20T07:12:28Z",
  "payload": {
    "src_agent_id": "did:udid:type2.rid678.achid0.userid1380013811174335@6gc.mnc015.mcc234.3gppnetwork.org",
    "dst_agent_id": "did:udid:type2.rid678.achid0.userid+861380013800047547@6gc.mnc015.mcc234.3gppnetwork.org",
    "task_id": "task-12345",
    "result": "OK"
  }
}
2026-07-20 15:12:28 [INFO] AcnSDK - Task collaboration accepted. task_id=task-12345 dst_agent_id=did:udid:type2.rid678.achid0.userid+861380013800047547@6gc.mnc015.mcc234.3gppnetwork.org
2026-07-20 15:12:28 [INFO] WebSocketClient - Received websocket payload
{
  "type": "START_TASK",
  "timestamp": "2026-07-20T07:12:29Z",
  "payload": {
    "src_agent_id": "did:udid:type2.rid678.achid0.userid+861380013800047547@6gc.mnc015.mcc234.3gppnetwork.org",
    "dst_agent_id": "did:udid:type2.rid678.achid0.userid1380013811174335@6gc.mnc015.mcc234.3gppnetwork.org",
    "task_id": "task-12345",
    "task_description": "协同任务"
  }
}
2026-07-20 15:12:28 [INFO] AcnSDK - Handling network message type=START_TASK payload=
{
  "src_agent_id": "did:udid:type2.rid678.achid0.userid+861380013800047547@6gc.mnc015.mcc234.3gppnetwork.org",
  "dst_agent_id": "did:udid:type2.rid678.achid0.userid1380013811174335@6gc.mnc015.mcc234.3gppnetwork.org",
  "task_id": "task-12345",
  "task_description": "协同任务"
}
2026-07-20 15:12:28 [INFO] HttpClient - HTTP POST http://192.168.1.10:9010/acn-agent/v1/task-executions
{
  "agent_id": "did:udid:type2.rid678.achid0.userid1380013811174335@6gc.mnc015.mcc234.3gppnetwork.org",
  "task_id": "task-12345",
  "description": "协同任务",
  "timestamp": "2026-07-20T07:12:28Z"
}
2026-07-20 15:12:28 [INFO] httpx - HTTP Request: POST http://192.168.1.10:9010/acn-agent/v1/task-executions "HTTP/1.1 200 OK"
2026-07-20 15:12:28 [INFO] HttpClient - HTTP response /acn-agent/v1/task-executions
{
  "status": "OK"
}
2026-07-20 15:12:28 [INFO] AcnSDK - Task execution requested. task_id=task-12345
2026-07-20 15:12:46 [INFO] WebSocketClient - Received websocket payload
{
  "type": "TASK_REQUEST_COLLABORATION",
  "timestamp": "2026-07-20T07:12:47.169254Z",
  "payload": {
    "src_agent_id": "did:udid:type2.rid678.achid0.userid+861380013800047547@6gc.mnc015.mcc234.3gppnetwork.org",
    "dst_agent_id": "did:udid:type2.rid678.achid0.userid1380013811174335@6gc.mnc015.mcc234.3gppnetwork.org",
    "task_id": "task-12345",
    "task_description": "Collaboration task",
    "agent_card": {
      "agent_id": "did:udid:type2.rid678.achid0.userid+861380013800047547@6gc.mnc015.mcc234.3gppnetwork.org",
      "agent_name": "AR glasses",
      "skill": [
        "6G业务开通",
        "视觉共享",
        "远程操控"
      ]
    },
    "timestamp": "2026-07-20T07:12:47.169254Z"
  }
}
2026-07-20 15:12:46 [INFO] AcnSDK - Handling network message type=TASK_REQUEST_COLLABORATION payload=
{
  "src_agent_id": "did:udid:type2.rid678.achid0.userid+861380013800047547@6gc.mnc015.mcc234.3gppnetwork.org",
  "dst_agent_id": "did:udid:type2.rid678.achid0.userid1380013811174335@6gc.mnc015.mcc234.3gppnetwork.org",
  "task_id": "task-12345",
  "task_description": "Collaboration task",
  "agent_card": {
    "agent_id": "did:udid:type2.rid678.achid0.userid+861380013800047547@6gc.mnc015.mcc234.3gppnetwork.org",
    "agent_name": "AR glasses",
    "skill": [
      "6G业务开通",
      "视觉共享",
      "远程操控"
    ]
  },
  "timestamp": "2026-07-20T07:12:47.169254Z"
}
2026-07-20 15:12:46 [INFO] WebSocketClient - Sending websocket payload
{
  "type": "TASK_ACCEPT_COLLABORATION",
  "timestamp": "2026-07-20T07:12:46Z",
  "payload": {
    "src_agent_id": "did:udid:type2.rid678.achid0.userid1380013811174335@6gc.mnc015.mcc234.3gppnetwork.org",
    "dst_agent_id": "did:udid:type2.rid678.achid0.userid+861380013800047547@6gc.mnc015.mcc234.3gppnetwork.org",
    "task_id": "task-12345",
    "result": "OK"
  }
}
2026-07-20 15:12:46 [INFO] AcnSDK - Task collaboration accepted. task_id=task-12345 dst_agent_id=did:udid:type2.rid678.achid0.userid+861380013800047547@6gc.mnc015.mcc234.3gppnetwork.org
2026-07-20 15:12:46 [INFO] WebSocketClient - Received websocket payload
{
  "type": "START_TASK",
  "timestamp": "2026-07-20T07:12:47Z",
  "payload": {
    "src_agent_id": "did:udid:type2.rid678.achid0.userid+861380013800047547@6gc.mnc015.mcc234.3gppnetwork.org",
    "dst_agent_id": "did:udid:type2.rid678.achid0.userid1380013811174335@6gc.mnc015.mcc234.3gppnetwork.org",
    "task_id": "task-12345",
    "task_description": "协同任务"
  }
}
2026-07-20 15:12:46 [INFO] AcnSDK - Handling network message type=START_TASK payload=
{
  "src_agent_id": "did:udid:type2.rid678.achid0.userid+861380013800047547@6gc.mnc015.mcc234.3gppnetwork.org",
  "dst_agent_id": "did:udid:type2.rid678.achid0.userid1380013811174335@6gc.mnc015.mcc234.3gppnetwork.org",
  "task_id": "task-12345",
  "task_description": "协同任务"
}
2026-07-20 15:12:46 [INFO] HttpClient - HTTP POST http://192.168.1.10:9010/acn-agent/v1/task-executions
{
  "agent_id": "did:udid:type2.rid678.achid0.userid1380013811174335@6gc.mnc015.mcc234.3gppnetwork.org",
  "task_id": "task-12345",
  "description": "协同任务",
  "timestamp": "2026-07-20T07:12:46Z"
}
2026-07-20 15:12:46 [INFO] httpx - HTTP Request: POST http://192.168.1.10:9010/acn-agent/v1/task-executions "HTTP/1.1 200 OK"
2026-07-20 15:12:46 [INFO] HttpClient - HTTP response /acn-agent/v1/task-executions
{
  "status": "OK"
}
2026-07-20 15:12:46 [INFO] AcnSDK - Task execution requested. task_id=task-12345
2026-07-20 15:13:56 [INFO] WebSocketClient - Received websocket payload
{
  "type": "TASK_REQUEST_COLLABORATION",
  "timestamp": "2026-07-20T07:13:57.285017Z",
  "payload": {
    "src_agent_id": "did:udid:type2.rid678.achid0.userid+861380013800047547@6gc.mnc015.mcc234.3gppnetwork.org",
    "dst_agent_id": "did:udid:type2.rid678.achid0.userid1380013811174335@6gc.mnc015.mcc234.3gppnetwork.org",
    "task_id": "task-12345",
    "task_description": "Collaboration task",
    "agent_card": {
      "agent_id": "did:udid:type2.rid678.achid0.userid+861380013800047547@6gc.mnc015.mcc234.3gppnetwork.org",
      "agent_name": "AR glasses",
      "skill": [
        "6G业务开通",
        "视觉共享",
        "远程操控"
      ]
    },
    "timestamp": "2026-07-20T07:13:57.285017Z"
  }
}
2026-07-20 15:13:56 [INFO] AcnSDK - Handling network message type=TASK_REQUEST_COLLABORATION payload=
{
  "src_agent_id": "did:udid:type2.rid678.achid0.userid+861380013800047547@6gc.mnc015.mcc234.3gppnetwork.org",
  "dst_agent_id": "did:udid:type2.rid678.achid0.userid1380013811174335@6gc.mnc015.mcc234.3gppnetwork.org",
  "task_id": "task-12345",
  "task_description": "Collaboration task",
  "agent_card": {
    "agent_id": "did:udid:type2.rid678.achid0.userid+861380013800047547@6gc.mnc015.mcc234.3gppnetwork.org",
    "agent_name": "AR glasses",
    "skill": [
      "6G业务开通",
      "视觉共享",
      "远程操控"
    ]
  },
  "timestamp": "2026-07-20T07:13:57.285017Z"
}
2026-07-20 15:13:56 [INFO] WebSocketClient - Sending websocket payload
{
  "type": "TASK_ACCEPT_COLLABORATION",
  "timestamp": "2026-07-20T07:13:56Z",
  "payload": {
    "src_agent_id": "did:udid:type2.rid678.achid0.userid1380013811174335@6gc.mnc015.mcc234.3gppnetwork.org",
    "dst_agent_id": "did:udid:type2.rid678.achid0.userid+861380013800047547@6gc.mnc015.mcc234.3gppnetwork.org",
    "task_id": "task-12345",
    "result": "OK"
  }
}
2026-07-20 15:13:56 [INFO] AcnSDK - Task collaboration accepted. task_id=task-12345 dst_agent_id=did:udid:type2.rid678.achid0.userid+861380013800047547@6gc.mnc015.mcc234.3gppnetwork.org
2026-07-20 15:13:56 [INFO] WebSocketClient - Received websocket payload
{
  "type": "START_TASK",
  "timestamp": "2026-07-20T07:13:57Z",
  "payload": {
    "src_agent_id": "did:udid:type2.rid678.achid0.userid+861380013800047547@6gc.mnc015.mcc234.3gppnetwork.org",
    "dst_agent_id": "did:udid:type2.rid678.achid0.userid1380013811174335@6gc.mnc015.mcc234.3gppnetwork.org",
    "task_id": "task-12345",
    "task_description": "协同任务"
  }
}
2026-07-20 15:13:56 [INFO] AcnSDK - Handling network message type=START_TASK payload=
{
  "src_agent_id": "did:udid:type2.rid678.achid0.userid+861380013800047547@6gc.mnc015.mcc234.3gppnetwork.org",
  "dst_agent_id": "did:udid:type2.rid678.achid0.userid1380013811174335@6gc.mnc015.mcc234.3gppnetwork.org",
  "task_id": "task-12345",
  "task_description": "协同任务"
}
2026-07-20 15:13:56 [INFO] HttpClient - HTTP POST http://192.168.1.10:9010/acn-agent/v1/task-executions
{
  "agent_id": "did:udid:type2.rid678.achid0.userid1380013811174335@6gc.mnc015.mcc234.3gppnetwork.org",
  "task_id": "task-12345",
  "description": "协同任务",
  "timestamp": "2026-07-20T07:13:56Z"
}
2026-07-20 15:13:56 [INFO] httpx - HTTP Request: POST http://192.168.1.10:9010/acn-agent/v1/task-executions "HTTP/1.1 200 OK"
2026-07-20 15:13:56 [INFO] HttpClient - HTTP response /acn-agent/v1/task-executions
{
  "status": "OK"
}
2026-07-20 15:13:56 [INFO] AcnSDK - Task execution requested. task_id=task-12345
2026-07-20 15:14:08 [INFO] WebSocketClient - Received websocket payload
{
  "type": "TASK_REQUEST_COLLABORATION",
  "timestamp": "2026-07-20T07:14:08.774352Z",
  "payload": {
    "src_agent_id": "did:udid:type2.rid678.achid0.userid+861380013800047547@6gc.mnc015.mcc234.3gppnetwork.org",
    "dst_agent_id": "did:udid:type2.rid678.achid0.userid1380013811174335@6gc.mnc015.mcc234.3gppnetwork.org",
    "task_id": "task-12345",
    "task_description": "Collaboration task",
    "agent_card": {
      "agent_id": "did:udid:type2.rid678.achid0.userid+861380013800047547@6gc.mnc015.mcc234.3gppnetwork.org",
      "agent_name": "AR glasses",
      "skill": [
        "6G业务开通",
        "视觉共享",
        "远程操控"
      ]
    },
    "timestamp": "2026-07-20T07:14:08.774352Z"
  }
}
2026-07-20 15:14:08 [INFO] AcnSDK - Handling network message type=TASK_REQUEST_COLLABORATION payload=
{
  "src_agent_id": "did:udid:type2.rid678.achid0.userid+861380013800047547@6gc.mnc015.mcc234.3gppnetwork.org",
  "dst_agent_id": "did:udid:type2.rid678.achid0.userid1380013811174335@6gc.mnc015.mcc234.3gppnetwork.org",
  "task_id": "task-12345",
  "task_description": "Collaboration task",
  "agent_card": {
    "agent_id": "did:udid:type2.rid678.achid0.userid+861380013800047547@6gc.mnc015.mcc234.3gppnetwork.org",
    "agent_name": "AR glasses",
    "skill": [
      "6G业务开通",
      "视觉共享",
      "远程操控"
    ]
  },
  "timestamp": "2026-07-20T07:14:08.774352Z"
}
2026-07-20 15:14:08 [INFO] WebSocketClient - Sending websocket payload
{
  "type": "TASK_ACCEPT_COLLABORATION",
  "timestamp": "2026-07-20T07:14:08Z",
  "payload": {
    "src_agent_id": "did:udid:type2.rid678.achid0.userid1380013811174335@6gc.mnc015.mcc234.3gppnetwork.org",
    "dst_agent_id": "did:udid:type2.rid678.achid0.userid+861380013800047547@6gc.mnc015.mcc234.3gppnetwork.org",
    "task_id": "task-12345",
    "result": "OK"
  }
}
2026-07-20 15:14:08 [INFO] AcnSDK - Task collaboration accepted. task_id=task-12345 dst_agent_id=did:udid:type2.rid678.achid0.userid+861380013800047547@6gc.mnc015.mcc234.3gppnetwork.org
2026-07-20 15:14:08 [INFO] WebSocketClient - Received websocket payload
{
  "type": "START_TASK",
  "timestamp": "2026-07-20T07:14:08Z",
  "payload": {
    "src_agent_id": "did:udid:type2.rid678.achid0.userid+861380013800047547@6gc.mnc015.mcc234.3gppnetwork.org",
    "dst_agent_id": "did:udid:type2.rid678.achid0.userid1380013811174335@6gc.mnc015.mcc234.3gppnetwork.org",
    "task_id": "task-12345",
    "task_description": "协同任务"
  }
}
2026-07-20 15:14:08 [INFO] AcnSDK - Handling network message type=START_TASK payload=
{
  "src_agent_id": "did:udid:type2.rid678.achid0.userid+861380013800047547@6gc.mnc015.mcc234.3gppnetwork.org",
  "dst_agent_id": "did:udid:type2.rid678.achid0.userid1380013811174335@6gc.mnc015.mcc234.3gppnetwork.org",
  "task_id": "task-12345",
  "task_description": "协同任务"
}
2026-07-20 15:14:08 [INFO] HttpClient - HTTP POST http://192.168.1.10:9010/acn-agent/v1/task-executions
{
  "agent_id": "did:udid:type2.rid678.achid0.userid1380013811174335@6gc.mnc015.mcc234.3gppnetwork.org",
  "task_id": "task-12345",
  "description": "协同任务",
  "timestamp": "2026-07-20T07:14:08Z"
}
2026-07-20 15:14:08 [INFO] httpx - HTTP Request: POST http://192.168.1.10:9010/acn-agent/v1/task-executions "HTTP/1.1 200 OK"
2026-07-20 15:14:08 [INFO] HttpClient - HTTP response /acn-agent/v1/task-executions
{
  "status": "OK"
}
2026-07-20 15:14:08 [INFO] AcnSDK - Task execution requested. task_id=task-12345
2026-07-20 15:14:49 [INFO] AcnSDK - Cleared identity cache file: /home/unitree/zxy/imt/acn_sdk/data/identity.json
2026-07-20 15:14:49 [INFO] AcnSDK - AcnSDK initialized for agent=RobotDog, network_status=offline
2026-07-20 15:14:49 [INFO] AcnSDK - SDK network endpoints acn_agent=9010 ws=9002 moq=9003 web_ui=9005
2026-07-20 15:14:49 [INFO] IdentityManager - Persisted identity state: {'agent_id': 'did:udid:type2.rid678.achid0.userid1380013811174335@6gc.mnc015.mcc234.3gppnetwork.org', 'vc0': {'context': ['3gpp-ts-33.xxx-v20.0.0'], 'id': 'CMCC/credentials/7923', 'type': ['VerifiableCredential', 'BindingSIMCredential'], 'issuer': 'did:udid:idm@6gc.mnc015.mcc234.3gppnetwork.org', 'valid_from': '2026-07-20T07:12:17Z', 'valid_until': '2027-07-20T07:12:17Z', 'claims': {'agent_name': 'RobotDog', 'agent_id': 'did:udid:type2.rid678.achid0.userid1380013811174335@6gc.mnc015.mcc234.3gppnetwork.org', 'agent_attribute': '6G业务开通', 'master_id': 'type0.rid678.schid0.userid1userid20001@6gc0001@6gc.mnc015.mcc234.3gppnetwork.org', 'self_id': 'type0.rid678.schid0..mnc015.mcc234.3gppnetwork.org'}, 'proof': {'creator': 'did:udid:idm@6gc.mnc015.mcc234.3gppnetwork.org#keys-1', 'signature_value': 'MEYCIQDkx7d68BxfpSlEdU3T4iauGcJjWCLEpZi2yAtmezV13QIhAOkdMI0qGanlSkOTsZQ7+Ig91LcsLHJYGiIUT4cWHrp/'}}, 'capability_names': ['载重运输', '自主导航', '高清摄像'], 'capability_vcs': [{'context': ['3gpp-ts-33.xxx-v20.0.0'], 'id': 'robot-factory/credentials/7798', 'type': ['VerifiableCredential', 'BindingSIMCredential'], 'issuer': 'did:robotfactoryissuer@6gc.mnc015.mcc234.3gppnetwork', 'valid_from': '2026-07-19T07:12:17.017417+00:00', 'valid_until': '2027-07-20T07:12:17.017417+00:00', 'claims': {'agent_name': 'RobotDog', 'agent_id': 'did:udid:type2.rid678.achid0.userid1380013811174335@6gc.mnc015.mcc234.3gppnetwork.org', 'agent_attribute': '载重运输', 'authorization_mode': 'Mode2'}, 'proof': {'creator': 'did:robotfactoryissuer@6gc.mnc015.mcc234.3gppnetwork#keys-1', 'signature_value': 'MEYCIQDPzDjXOv+GU0YW2o9mJfYtIQ3nLgTxbL/klD+//NtpmwIhAKy+Fy1PQ6dpv0kgm0+60LACgYgSqx0W8rfh5BKMoVF6'}}, {'context': ['3gpp-ts-33.xxx-v20.0.0'], 'id': 'robot-factory/credentials/8872', 'type': ['VerifiableCredential', 'BindingSIMCredential'], 'issuer': 'did:robotfactoryissuer@6gc.mnc015.mcc234.3gppnetwork', 'valid_from': '2026-07-19T07:12:17.017417+00:00', 'valid_until': '2027-07-20T07:12:17.017417+00:00', 'claims': {'agent_name': 'RobotDog', 'agent_id': 'did:udid:type2.rid678.achid0.userid1380013811174335@6gc.mnc015.mcc234.3gppnetwork.org', 'agent_attribute': '自主导航', 'authorization_mode': 'Mode2'}, 'proof': {'creator': 'did:robotfactoryissuer@6gc.mnc015.mcc234.3gppnetwork#keys-1', 'signature_value': 'MEUCIDr46+6E0qUsVbELc8IF/PbOgHOVaqnIDsN/fIMjrUdpAiEAzrFDPmhLeriTuL4RfVEkeNTdCUPwrrbUNFtIluGgVR8='}}, {'context': ['3gpp-ts-33.xxx-v20.0.0'], 'id': 'robot-factory/credentials/2632', 'type': ['VerifiableCredential', 'BindingSIMCredential'], 'issuer': 'did:robotfactoryissuer@6gc.mnc015.mcc234.3gppnetwork', 'valid_from': '2026-07-19T07:12:17.017417+00:00', 'valid_until': '2027-07-20T07:12:17.017417+00:00', 'claims': {'agent_name': 'RobotDog', 'agent_id': 'did:udid:type2.rid678.achid0.userid1380013811174335@6gc.mnc015.mcc234.3gppnetwork.org', 'agent_attribute': '高清摄像', 'authorization_mode': 'Mode2'}, 'proof': {'creator': 'did:robotfactoryissuer@6gc.mnc015.mcc234.3gppnetwork#keys-1', 'signature_value': 'MEQCIFieNrFB5Cc2DeLQ+U77id/qc93WTyKYJ1iQ5BBZ/S9HAiBv0fcDp9ds4YUrdHy1ZeIIUbsdIv2pftlG04BWogBJDA=='}}], 'agent_name': 'RobotDog', 'owner': '13800138111', 'priority': 4, 'metadata': {'region': 'CN', 'role': 'collaborator'}}
2026-07-20 15:14:49 [INFO] WebSocketClient - Connecting websocket to ws://192.168.1.10:9002/ws
2026-07-20 15:14:49 [INFO] WebSocketClient - Websocket connected.
2026-07-20 15:14:49 [INFO] WebSocketClient - Sending websocket payload
{
  "type": "SETUP",
  "timestamp": "2026-07-20T07:14:49Z",
  "payload": {
    "src_agent_id": "did:udid:type2.rid678.achid0.userid1380013811174335@6gc.mnc015.mcc234.3gppnetwork.org"
  }
}
2026-07-20 15:14:49 [INFO] WebSocketClient - Received websocket payload
{
  "type": "SETUP",
  "timestamp": "2026-07-20T07:14:50.141777Z",
  "payload": {
    "status": "OK"
  }
}
2026-07-20 15:14:49 [INFO] MoQClient - Connecting MoQ client role=publisher remote=192.168.1.10:9003
2026-07-20 15:14:49 [INFO] moq.pub.publisher - MOQPublisher initialized for 192.168.1.10:9003
2026-07-20 15:14:49 [INFO] moq.pub.publisher - Connecting to relay at 192.168.1.10:9003
2026-07-20 15:14:49 [INFO] moq.transport.quic_transport - QUIC client config: congestion=cubic max_data=67108864 max_stream_data=67108864
2026-07-20 15:14:49 [INFO] moq.transport.quic_transport - Connecting to 192.168.1.10:9003
2026-07-20 15:14:49 [INFO] moq.transport.quic_transport - MOQQuicProtocol initialized
2026-07-20 15:14:49 [INFO] quic - [a2fa9bd87d76f583] Negotiated protocol version 0x00000001 (VERSION_1)
2026-07-20 15:14:49 [INFO] quic - [a2fa9bd87d76f583] ALPN negotiated protocol moq-00
2026-07-20 15:14:49 [INFO] moq.transport.quic_transport - QUIC connection established
2026-07-20 15:14:49 [INFO] moq.session.session - MOQSession created: session_id=pub-281473800640720, role=PUBLISHER
2026-07-20 15:14:49 [INFO] moq.session.session - Sent SETUP: version=4278190097, role=PUBLISHER
2026-07-20 15:14:49 [INFO] moq.pub.publisher - Connected to relay
2026-07-20 15:14:49 [INFO] MoQClient - MoQ publisher connected to relay
2026-07-20 15:14:49 [INFO] MoQClient - MoQ client connected role=publisher remote=192.168.1.10:9003
2026-07-20 15:14:49 [INFO] MoQClient - Connecting MoQ client role=subscriber remote=192.168.1.10:9003
2026-07-20 15:14:49 [INFO] moq.sub.subscriber - MOQSubscriber initialized for 192.168.1.10:9003
2026-07-20 15:14:49 [INFO] moq.sub.subscriber - Connecting to relay at 192.168.1.10:9003
2026-07-20 15:14:49 [INFO] moq.transport.quic_transport - QUIC client config: congestion=cubic max_data=67108864 max_stream_data=67108864
2026-07-20 15:14:49 [INFO] moq.transport.quic_transport - Connecting to 192.168.1.10:9003
2026-07-20 15:14:49 [INFO] moq.transport.quic_transport - MOQQuicProtocol initialized
2026-07-20 15:14:49 [INFO] quic - [8724f648596fbe4f] Negotiated protocol version 0x00000001 (VERSION_1)
2026-07-20 15:14:49 [INFO] quic - [8724f648596fbe4f] ALPN negotiated protocol moq-00
2026-07-20 15:14:49 [INFO] moq.transport.quic_transport - QUIC connection established
2026-07-20 15:14:49 [INFO] moq.session.session - MOQSession created: session_id=sub-281473782191712, role=SUBSCRIBER
2026-07-20 15:14:49 [INFO] moq.session.session - Sent SETUP: version=4278190097, role=SUBSCRIBER
2026-07-20 15:14:49 [INFO] moq.sub.subscriber - Connected to relay
2026-07-20 15:14:49 [INFO] MoQClient - MoQ subscriber connected to relay
2026-07-20 15:14:49 [INFO] MoQClient - MoQ client connected role=subscriber remote=192.168.1.10:9003
2026-07-20 15:14:49 [INFO] AcnSDK - Background network listener started.
2026-07-20 15:14:49 [INFO] AcnSDK - Network join successful for agent_id=did:udid:type2.rid678.achid0.userid1380013811174335@6gc.mnc015.mcc234.3gppnetwork.org
2026-07-20 15:14:49 [INFO] WebSocketClient - Sending websocket payload
{
  "type": "DISCONNECTION",
  "timestamp": "2026-07-20T07:14:49Z",
  "payload": {
    "src_agent_id": "did:udid:type2.rid678.achid0.userid1380013811174335@6gc.mnc015.mcc234.3gppnetwork.org"
  }
}
2026-07-20 15:14:49 [INFO] WebSocketClient - Disconnecting websocket from ws://192.168.1.10:9002/ws
2026-07-20 15:14:49 [INFO] MoQClient - Disconnecting MoQ client role=publisher remote=192.168.1.10:9003
2026-07-20 15:14:49 [INFO] moq.session.session - Closing session: pub-281473800640720
2026-07-20 15:14:49 [INFO] quic - [a2fa9bd87d76f583] Connection close sent (code 0x0, reason )
2026-07-20 15:14:49 [INFO] moq.transport.quic_transport - QUIC connection closed
2026-07-20 15:14:49 [INFO] MoQClient - MoQ client disconnected role=publisher remote=192.168.1.10:9003
2026-07-20 15:14:49 [INFO] MoQClient - Disconnecting MoQ client role=subscriber remote=192.168.1.10:9003
2026-07-20 15:14:49 [INFO] moq.session.session - Closing session: sub-281473782191712
2026-07-20 15:14:49 [INFO] quic - [8724f648596fbe4f] Connection close sent (code 0x0, reason )
2026-07-20 15:14:49 [INFO] moq.transport.quic_transport - QUIC connection closed
2026-07-20 15:14:49 [INFO] MoQClient - MoQ client disconnected role=subscriber remote=192.168.1.10:9003
2026-07-20 15:14:49 [INFO] TaskManager - Stopping all tasks: []
2026-07-20 15:14:49 [INFO] AcnSDK - Network state changed to offline
2026-07-20 15:14:49 [INFO] HttpClient - HTTP POST http://192.168.1.10:9010/acn-agent/v1/agent-deletions
{
  "agent_id": "did:udid:type2.rid678.achid0.userid1380013811174335@6gc.mnc015.mcc234.3gppnetwork.org",
  "reason": "demo completed",
  "timestamp": "2026-07-20T07:14:49Z",
  "signature": "MEQCIGSE2NzwbBstpOE5rMxrE0EfFYPevJWXclf2em3T/7D5AiA+CzEaLMScIl8k4WUf3nOguxHmsDCn7TNQITukGa/pEg==",
  "signature_encoding": "base64"
}
2026-07-20 15:14:49 [INFO] httpx - HTTP Request: POST http://192.168.1.10:9010/acn-agent/v1/agent-deletions "HTTP/1.1 200 OK"
2026-07-20 15:14:49 [INFO] HttpClient - HTTP response /acn-agent/v1/agent-deletions
{
  "result": "success",
  "agent_id": "did:udid:type2.rid678.achid0.userid1380013811174335@6gc.mnc015.mcc234.3gppnetwork.org",
  "message": "Agent profile and history deleted successfully",
  "forwarded_to_agent_gw": true,
  "agent_gw_response": {
    "success": true,
    "status_code": 200,
    "body": {
      "status": "OK"
    },
    "raw_text": null,
    "error": null
  }
}
2026-07-20 15:14:49 [INFO] IdentityManager - Clearing identity state.
2026-07-20 15:14:49 [INFO] IdentityManager - Persisted identity state: {'agent_id': None, 'vc0': None, 'capability_names': [], 'capability_vcs': [], 'agent_name': None, 'owner': None, 'priority': None, 'metadata': {}}
2026-07-20 15:14:49 [INFO] AcnSDK - Network state changed to offline
2026-07-20 15:14:49 [INFO] AcnSDK - Robot deregistered. agent_id=did:udid:type2.rid678.achid0.userid1380013811174335@6gc.mnc015.mcc234.3gppnetwork.org
2026-07-20 15:31:51 [INFO] AcnSDK - Cleared identity cache file: /home/unitree/zxy/imt/acn_sdk/data/identity.json
2026-07-20 15:31:51 [INFO] AcnSDK - AcnSDK initialized for agent=RobotDog, network_status=offline
2026-07-20 15:31:51 [INFO] AcnSDK - SDK network endpoints acn_agent=9010 ws=9002 moq=9003 web_ui=9005
2026-07-20 15:31:51 [INFO] HttpClient - HTTP POST http://192.168.1.10:9010/idm/v1/identity-applications
{
  "owner": "13800138111",
  "name": "RobotDog",
  "public_key": "-----BEGIN PUBLIC KEY-----\nMFkwEwYHKoZIzj0CAQYIKoZIzj0DAQcDQgAEjNqmCmtuP9IpEQb88DZmbN0nfAMT\nu0mALPHBfC+5PQSKfmfgFQoiv30y7MZCB4iQHIEf4S7+dHY/x6KK0s6Dfw==\n-----END PUBLIC KEY-----\n",
  "description": "RobotDogModel, SN654321",
  "timestamp": "2026-07-20T07:31:51Z",
  "metadata": {
    "region": "CN",
    "role": "collaborator"
  },
  "signature": "MEQCH0dlJcmBmtAkGi3UJc4DurzdXgH93XQzZHGi6r0qI+MCIQCXNQ7q/P7b8FuBTeRCd0uWC0w1KPAU3WWOE1wYFoCVCQ==",
  "signature_encoding": "base64"
}
2026-07-20 15:31:51 [INFO] httpx - HTTP Request: POST http://192.168.1.10:9010/idm/v1/identity-applications "HTTP/1.1 200 OK"
2026-07-20 15:31:51 [INFO] HttpClient - HTTP response /idm/v1/identity-applications
{
  "result": "success",
  "agent_id": "did:udid:type2.rid678.achid0.userid1380013811164508@6gc.mnc015.mcc234.3gppnetwork.org",
  "vc0": {
    "context": [
      "3gpp-ts-33.xxx-v20.0.0"
    ],
    "id": "CMCC/credentials/7453",
    "type": [
      "VerifiableCredential",
      "BindingSIMCredential"
    ],
    "issuer": "did:udid:idm@6gc.mnc015.mcc234.3gppnetwork.org",
    "valid_from": "2026-07-20T07:31:52Z",
    "valid_until": "2027-07-20T07:31:52Z",
    "claims": {
      "agent_name": "RobotDog",
      "agent_id": "did:udid:type2.rid678.achid0.userid1380013811164508@6gc.mnc015.mcc234.3gppnetwork.org",
      "agent_attribute": "6G业务开通",
      "master_id": "type0.rid678.schid0.userid1userid20001@6gc0001@6gc.mnc015.mcc234.3gppnetwork.org",
      "self_id": "type0.rid678.schid0..mnc015.mcc234.3gppnetwork.org"
    },
    "proof": {
      "creator": "did:udid:idm@6gc.mnc015.mcc234.3gppnetwork.org#keys-1",
      "signature_value": "MEUCIQDCnlZHCzp80SlgRdB3A3uaIB760u0d6cU01aefeITyEQIgUWlYOkocexFaNNtAvCgERMaAIAb5C8DyAZfan++yvQQ="
    }
  }
}
2026-07-20 15:31:51 [INFO] IdentityManager - Persisted identity state: {'agent_id': 'did:udid:type2.rid678.achid0.userid1380013811164508@6gc.mnc015.mcc234.3gppnetwork.org', 'vc0': {'context': ['3gpp-ts-33.xxx-v20.0.0'], 'id': 'CMCC/credentials/7453', 'type': ['VerifiableCredential', 'BindingSIMCredential'], 'issuer': 'did:udid:idm@6gc.mnc015.mcc234.3gppnetwork.org', 'valid_from': '2026-07-20T07:31:52Z', 'valid_until': '2027-07-20T07:31:52Z', 'claims': {'agent_name': 'RobotDog', 'agent_id': 'did:udid:type2.rid678.achid0.userid1380013811164508@6gc.mnc015.mcc234.3gppnetwork.org', 'agent_attribute': '6G业务开通', 'master_id': 'type0.rid678.schid0.userid1userid20001@6gc0001@6gc.mnc015.mcc234.3gppnetwork.org', 'self_id': 'type0.rid678.schid0..mnc015.mcc234.3gppnetwork.org'}, 'proof': {'creator': 'did:udid:idm@6gc.mnc015.mcc234.3gppnetwork.org#keys-1', 'signature_value': 'MEUCIQDCnlZHCzp80SlgRdB3A3uaIB760u0d6cU01aefeITyEQIgUWlYOkocexFaNNtAvCgERMaAIAb5C8DyAZfan++yvQQ='}}, 'capability_names': [], 'capability_vcs': [], 'agent_name': 'RobotDog', 'owner': '13800138111', 'priority': 4, 'metadata': {'region': 'CN', 'role': 'collaborator'}}
2026-07-20 15:31:51 [INFO] AcnSDK - Agent registered. agent_id=did:udid:type2.rid678.achid0.userid1380013811164508@6gc.mnc015.mcc234.3gppnetwork.org
2026-07-20 15:31:51 [INFO] CredentialIssuer - Issued capability VCs: [{'context': ['3gpp-ts-33.xxx-v20.0.0'], 'id': 'robot-factory/credentials/2660', 'type': ['VerifiableCredential', 'BindingSIMCredential'], 'issuer': 'did:robotfactoryissuer@6gc.mnc015.mcc234.3gppnetwork', 'valid_from': '2026-07-19T07:31:51.590502+00:00', 'valid_until': '2027-07-20T07:31:51.590502+00:00', 'claims': {'agent_name': 'RobotDog', 'agent_id': 'did:udid:type2.rid678.achid0.userid1380013811164508@6gc.mnc015.mcc234.3gppnetwork.org', 'agent_attribute': '载重运输', 'authorization_mode': 'Mode2'}, 'proof': {'creator': 'did:robotfactoryissuer@6gc.mnc015.mcc234.3gppnetwork#keys-1', 'signature_value': 'MEYCIQCVM5cA3xcHwva7/PAnDvmuKhS3QaRHw326xlMpnKaKAQIhAIkpu2Q7bBLjb1mZ0G64sF23ze/OeDvH9aVlfPDqLxzq'}}, {'context': ['3gpp-ts-33.xxx-v20.0.0'], 'id': 'robot-factory/credentials/2967', 'type': ['VerifiableCredential', 'BindingSIMCredential'], 'issuer': 'did:robotfactoryissuer@6gc.mnc015.mcc234.3gppnetwork', 'valid_from': '2026-07-19T07:31:51.590502+00:00', 'valid_until': '2027-07-20T07:31:51.590502+00:00', 'claims': {'agent_name': 'RobotDog', 'agent_id': 'did:udid:type2.rid678.achid0.userid1380013811164508@6gc.mnc015.mcc234.3gppnetwork.org', 'agent_attribute': '自主导航', 'authorization_mode': 'Mode2'}, 'proof': {'creator': 'did:robotfactoryissuer@6gc.mnc015.mcc234.3gppnetwork#keys-1', 'signature_value': 'MEUCIBLQMLSHhAPKUxRL2T3LB2NCnA0hr3U/3A/x4c1Eu0FZAiEAokipQK5eiKcCMAeMSpPkXQiIedUeRCk9gPOI70dyZx4='}}, {'context': ['3gpp-ts-33.xxx-v20.0.0'], 'id': 'robot-factory/credentials/7054', 'type': ['VerifiableCredential', 'BindingSIMCredential'], 'issuer': 'did:robotfactoryissuer@6gc.mnc015.mcc234.3gppnetwork', 'valid_from': '2026-07-19T07:31:51.590502+00:00', 'valid_until': '2027-07-20T07:31:51.590502+00:00', 'claims': {'agent_name': 'RobotDog', 'agent_id': 'did:udid:type2.rid678.achid0.userid1380013811164508@6gc.mnc015.mcc234.3gppnetwork.org', 'agent_attribute': '高清摄像', 'authorization_mode': 'Mode2'}, 'proof': {'creator': 'did:robotfactoryissuer@6gc.mnc015.mcc234.3gppnetwork#keys-1', 'signature_value': 'MEYCIQD+ZNGDQ6luW4RwP9VPewLDv3DWNJ+RE15mNY39srtNmQIhAK/MfSp09fkR1VvP6gVOznGyI/D5gVqW3NytcDIyNgcQ'}}]
2026-07-20 15:31:51 [INFO] IdentityManager - Persisted identity state: {'agent_id': 'did:udid:type2.rid678.achid0.userid1380013811164508@6gc.mnc015.mcc234.3gppnetwork.org', 'vc0': {'context': ['3gpp-ts-33.xxx-v20.0.0'], 'id': 'CMCC/credentials/7453', 'type': ['VerifiableCredential', 'BindingSIMCredential'], 'issuer': 'did:udid:idm@6gc.mnc015.mcc234.3gppnetwork.org', 'valid_from': '2026-07-20T07:31:52Z', 'valid_until': '2027-07-20T07:31:52Z', 'claims': {'agent_name': 'RobotDog', 'agent_id': 'did:udid:type2.rid678.achid0.userid1380013811164508@6gc.mnc015.mcc234.3gppnetwork.org', 'agent_attribute': '6G业务开通', 'master_id': 'type0.rid678.schid0.userid1userid20001@6gc0001@6gc.mnc015.mcc234.3gppnetwork.org', 'self_id': 'type0.rid678.schid0..mnc015.mcc234.3gppnetwork.org'}, 'proof': {'creator': 'did:udid:idm@6gc.mnc015.mcc234.3gppnetwork.org#keys-1', 'signature_value': 'MEUCIQDCnlZHCzp80SlgRdB3A3uaIB760u0d6cU01aefeITyEQIgUWlYOkocexFaNNtAvCgERMaAIAb5C8DyAZfan++yvQQ='}}, 'capability_names': ['载重运输', '自主导航', '高清摄像'], 'capability_vcs': [{'context': ['3gpp-ts-33.xxx-v20.0.0'], 'id': 'robot-factory/credentials/2660', 'type': ['VerifiableCredential', 'BindingSIMCredential'], 'issuer': 'did:robotfactoryissuer@6gc.mnc015.mcc234.3gppnetwork', 'valid_from': '2026-07-19T07:31:51.590502+00:00', 'valid_until': '2027-07-20T07:31:51.590502+00:00', 'claims': {'agent_name': 'RobotDog', 'agent_id': 'did:udid:type2.rid678.achid0.userid1380013811164508@6gc.mnc015.mcc234.3gppnetwork.org', 'agent_attribute': '载重运输', 'authorization_mode': 'Mode2'}, 'proof': {'creator': 'did:robotfactoryissuer@6gc.mnc015.mcc234.3gppnetwork#keys-1', 'signature_value': 'MEYCIQCVM5cA3xcHwva7/PAnDvmuKhS3QaRHw326xlMpnKaKAQIhAIkpu2Q7bBLjb1mZ0G64sF23ze/OeDvH9aVlfPDqLxzq'}}, {'context': ['3gpp-ts-33.xxx-v20.0.0'], 'id': 'robot-factory/credentials/2967', 'type': ['VerifiableCredential', 'BindingSIMCredential'], 'issuer': 'did:robotfactoryissuer@6gc.mnc015.mcc234.3gppnetwork', 'valid_from': '2026-07-19T07:31:51.590502+00:00', 'valid_until': '2027-07-20T07:31:51.590502+00:00', 'claims': {'agent_name': 'RobotDog', 'agent_id': 'did:udid:type2.rid678.achid0.userid1380013811164508@6gc.mnc015.mcc234.3gppnetwork.org', 'agent_attribute': '自主导航', 'authorization_mode': 'Mode2'}, 'proof': {'creator': 'did:robotfactoryissuer@6gc.mnc015.mcc234.3gppnetwork#keys-1', 'signature_value': 'MEUCIBLQMLSHhAPKUxRL2T3LB2NCnA0hr3U/3A/x4c1Eu0FZAiEAokipQK5eiKcCMAeMSpPkXQiIedUeRCk9gPOI70dyZx4='}}, {'context': ['3gpp-ts-33.xxx-v20.0.0'], 'id': 'robot-factory/credentials/7054', 'type': ['VerifiableCredential', 'BindingSIMCredential'], 'issuer': 'did:robotfactoryissuer@6gc.mnc015.mcc234.3gppnetwork', 'valid_from': '2026-07-19T07:31:51.590502+00:00', 'valid_until': '2027-07-20T07:31:51.590502+00:00', 'claims': {'agent_name': 'RobotDog', 'agent_id': 'did:udid:type2.rid678.achid0.userid1380013811164508@6gc.mnc015.mcc234.3gppnetwork.org', 'agent_attribute': '高清摄像', 'authorization_mode': 'Mode2'}, 'proof': {'creator': 'did:robotfactoryissuer@6gc.mnc015.mcc234.3gppnetwork#keys-1', 'signature_value': 'MEYCIQD+ZNGDQ6luW4RwP9VPewLDv3DWNJ+RE15mNY39srtNmQIhAK/MfSp09fkR1VvP6gVOznGyI/D5gVqW3NytcDIyNgcQ'}}], 'agent_name': 'RobotDog', 'owner': '13800138111', 'priority': 4, 'metadata': {'region': 'CN', 'role': 'collaborator'}}
2026-07-20 15:31:51 [INFO] HttpClient - HTTP POST http://192.168.1.10:9010/arf/v1/agent-cards
{
  "agent_id": "did:udid:type2.rid678.achid0.userid1380013811164508@6gc.mnc015.mcc234.3gppnetwork.org",
  "priority": 4,
  "timestamp": "2026-07-20T07:31:51Z",
  "signature": "MEYCIQDnGEYwFR9IDsIx7P7xFreiR0ZkozvrhMvFCkPuaoSPuQIhAKEucTvTnQAyo23aHZOPCuKVcwyHFUanFLRTnXTLK6wA",
  "signature_encoding": "base64",
  "vc_list": [
    {
      "context": [
        "3gpp-ts-33.xxx-v20.0.0"
      ],
      "id": "CMCC/credentials/7453",
      "type": [
        "VerifiableCredential",
        "BindingSIMCredential"
      ],
      "issuer": "did:udid:idm@6gc.mnc015.mcc234.3gppnetwork.org",
      "valid_from": "2026-07-20T07:31:52Z",
      "valid_until": "2027-07-20T07:31:52Z",
      "claims": {
        "agent_name": "RobotDog",
        "agent_id": "did:udid:type2.rid678.achid0.userid1380013811164508@6gc.mnc015.mcc234.3gppnetwork.org",
        "agent_attribute": "6G业务开通",
        "master_id": "type0.rid678.schid0.userid1userid20001@6gc0001@6gc.mnc015.mcc234.3gppnetwork.org",
        "self_id": "type0.rid678.schid0..mnc015.mcc234.3gppnetwork.org"
      },
      "proof": {
        "creator": "did:udid:idm@6gc.mnc015.mcc234.3gppnetwork.org#keys-1",
        "signature_value": "MEUCIQDCnlZHCzp80SlgRdB3A3uaIB760u0d6cU01aefeITyEQIgUWlYOkocexFaNNtAvCgERMaAIAb5C8DyAZfan++yvQQ="
      }
    },
    {
      "context": [
        "3gpp-ts-33.xxx-v20.0.0"
      ],
      "id": "robot-factory/credentials/2660",
      "type": [
        "VerifiableCredential",
        "BindingSIMCredential"
      ],
      "issuer": "did:robotfactoryissuer@6gc.mnc015.mcc234.3gppnetwork",
      "valid_from": "2026-07-19T07:31:51.590502+00:00",
      "valid_until": "2027-07-20T07:31:51.590502+00:00",
      "claims": {
        "agent_name": "RobotDog",
        "agent_id": "did:udid:type2.rid678.achid0.userid1380013811164508@6gc.mnc015.mcc234.3gppnetwork.org",
        "agent_attribute": "载重运输",
        "authorization_mode": "Mode2"
      },
      "proof": {
        "creator": "did:robotfactoryissuer@6gc.mnc015.mcc234.3gppnetwork#keys-1",
        "signature_value": "MEYCIQCVM5cA3xcHwva7/PAnDvmuKhS3QaRHw326xlMpnKaKAQIhAIkpu2Q7bBLjb1mZ0G64sF23ze/OeDvH9aVlfPDqLxzq"
      }
    },
    {
      "context": [
        "3gpp-ts-33.xxx-v20.0.0"
      ],
      "id": "robot-factory/credentials/2967",
      "type": [
        "VerifiableCredential",
        "BindingSIMCredential"
      ],
      "issuer": "did:robotfactoryissuer@6gc.mnc015.mcc234.3gppnetwork",
      "valid_from": "2026-07-19T07:31:51.590502+00:00",
      "valid_until": "2027-07-20T07:31:51.590502+00:00",
      "claims": {
        "agent_name": "RobotDog",
        "agent_id": "did:udid:type2.rid678.achid0.userid1380013811164508@6gc.mnc015.mcc234.3gppnetwork.org",
        "agent_attribute": "自主导航",
        "authorization_mode": "Mode2"
      },
      "proof": {
        "creator": "did:robotfactoryissuer@6gc.mnc015.mcc234.3gppnetwork#keys-1",
        "signature_value": "MEUCIBLQMLSHhAPKUxRL2T3LB2NCnA0hr3U/3A/x4c1Eu0FZAiEAokipQK5eiKcCMAeMSpPkXQiIedUeRCk9gPOI70dyZx4="
      }
    },
    {
      "context": [
        "3gpp-ts-33.xxx-v20.0.0"
      ],
      "id": "robot-factory/credentials/7054",
      "type": [
        "VerifiableCredential",
        "BindingSIMCredential"
      ],
      "issuer": "did:robotfactoryissuer@6gc.mnc015.mcc234.3gppnetwork",
      "valid_from": "2026-07-19T07:31:51.590502+00:00",
      "valid_until": "2027-07-20T07:31:51.590502+00:00",
      "claims": {
        "agent_name": "RobotDog",
        "agent_id": "did:udid:type2.rid678.achid0.userid1380013811164508@6gc.mnc015.mcc234.3gppnetwork.org",
        "agent_attribute": "高清摄像",
        "authorization_mode": "Mode2"
      },
      "proof": {
        "creator": "did:robotfactoryissuer@6gc.mnc015.mcc234.3gppnetwork#keys-1",
        "signature_value": "MEYCIQD+ZNGDQ6luW4RwP9VPewLDv3DWNJ+RE15mNY39srtNmQIhAK/MfSp09fkR1VvP6gVOznGyI/D5gVqW3NytcDIyNgcQ"
      }
    }
  ]
}
2026-07-20 15:31:51 [INFO] httpx - HTTP Request: POST http://192.168.1.10:9010/arf/v1/agent-cards "HTTP/1.1 200 OK"
2026-07-20 15:31:51 [INFO] HttpClient - HTTP response /arf/v1/agent-cards
{
  "status": "OK"
}
2026-07-20 15:31:51 [INFO] AcnSDK - Robot attribute registered. agent_id=did:udid:type2.rid678.achid0.userid1380013811164508@6gc.mnc015.mcc234.3gppnetwork.org
2026-07-20 15:31:51 [INFO] WebSocketClient - Connecting websocket to ws://192.168.1.10:9002/ws
2026-07-20 15:31:51 [INFO] WebSocketClient - Websocket connected.
2026-07-20 15:31:52 [INFO] WebSocketClient - Sending websocket payload
{
  "type": "SETUP",
  "timestamp": "2026-07-20T07:31:51Z",
  "payload": {
    "src_agent_id": "did:udid:type2.rid678.achid0.userid1380013811164508@6gc.mnc015.mcc234.3gppnetwork.org"
  }
}
2026-07-20 15:31:52 [INFO] WebSocketClient - Received websocket payload
{
  "type": "SETUP",
  "timestamp": "2026-07-20T07:31:52.956942Z",
  "payload": {
    "status": "OK"
  }
}
2026-07-20 15:31:52 [INFO] MoQClient - Connecting MoQ client role=publisher remote=192.168.1.10:9003
2026-07-20 15:31:52 [INFO] moq.pub.publisher - MOQPublisher initialized for 192.168.1.10:9003
2026-07-20 15:31:52 [INFO] moq.pub.publisher - Connecting to relay at 192.168.1.10:9003
2026-07-20 15:31:52 [INFO] moq.transport.quic_transport - QUIC client config: congestion=cubic max_data=67108864 max_stream_data=67108864
2026-07-20 15:31:52 [INFO] moq.transport.quic_transport - Connecting to 192.168.1.10:9003
2026-07-20 15:31:52 [INFO] moq.transport.quic_transport - MOQQuicProtocol initialized
2026-07-20 15:31:52 [INFO] quic - [89b91ec659398b0d] Negotiated protocol version 0x00000001 (VERSION_1)
2026-07-20 15:31:52 [INFO] quic - [89b91ec659398b0d] ALPN negotiated protocol moq-00
2026-07-20 15:31:52 [INFO] moq.transport.quic_transport - QUIC connection established
2026-07-20 15:31:52 [INFO] moq.session.session - MOQSession created: session_id=pub-281472981784160, role=PUBLISHER
2026-07-20 15:31:52 [INFO] moq.session.session - Sent SETUP: version=4278190097, role=PUBLISHER
2026-07-20 15:31:52 [INFO] moq.pub.publisher - Connected to relay
2026-07-20 15:31:52 [INFO] MoQClient - MoQ publisher connected to relay
2026-07-20 15:31:52 [INFO] MoQClient - MoQ client connected role=publisher remote=192.168.1.10:9003
2026-07-20 15:31:52 [INFO] MoQClient - Connecting MoQ client role=subscriber remote=192.168.1.10:9003
2026-07-20 15:31:52 [INFO] moq.sub.subscriber - MOQSubscriber initialized for 192.168.1.10:9003
2026-07-20 15:31:52 [INFO] moq.sub.subscriber - Connecting to relay at 192.168.1.10:9003
2026-07-20 15:31:52 [INFO] moq.transport.quic_transport - QUIC client config: congestion=cubic max_data=67108864 max_stream_data=67108864
2026-07-20 15:31:52 [INFO] moq.transport.quic_transport - Connecting to 192.168.1.10:9003
2026-07-20 15:31:52 [INFO] moq.transport.quic_transport - MOQQuicProtocol initialized
2026-07-20 15:31:52 [INFO] quic - [437af44fed0b14fe] Negotiated protocol version 0x00000001 (VERSION_1)
2026-07-20 15:31:52 [INFO] quic - [437af44fed0b14fe] ALPN negotiated protocol moq-00
2026-07-20 15:31:52 [INFO] moq.transport.quic_transport - QUIC connection established
2026-07-20 15:31:52 [INFO] moq.session.session - MOQSession created: session_id=sub-281472981792512, role=SUBSCRIBER
2026-07-20 15:31:52 [INFO] moq.session.session - Sent SETUP: version=4278190097, role=SUBSCRIBER
2026-07-20 15:31:52 [INFO] moq.sub.subscriber - Connected to relay
2026-07-20 15:31:52 [INFO] MoQClient - MoQ subscriber connected to relay
2026-07-20 15:31:52 [INFO] MoQClient - MoQ client connected role=subscriber remote=192.168.1.10:9003
2026-07-20 15:31:52 [INFO] AcnSDK - Background network listener started.
2026-07-20 15:31:52 [INFO] AcnSDK - Network join successful for agent_id=did:udid:type2.rid678.achid0.userid1380013811164508@6gc.mnc015.mcc234.3gppnetwork.org
2026-07-20 15:31:52 [INFO] AcnSDK - Queried local agent info agent_id=did:udid:type2.rid678.achid0.userid1380013811164508@6gc.mnc015.mcc234.3gppnetwork.org
2026-07-20 15:31:52 [INFO] HttpClient - HTTP POST http://192.168.1.10:9010/acn-agent/v1/owner-agents
{
  "owner": "13800138111"
}
2026-07-20 15:31:52 [INFO] httpx - HTTP Request: POST http://192.168.1.10:9010/acn-agent/v1/owner-agents "HTTP/1.1 200 OK"
2026-07-20 15:31:52 [INFO] HttpClient - HTTP response /acn-agent/v1/owner-agents
{
  "owner": "13800138111",
  "total": 1,
  "agents": [
    {
      "agent_id": "did:udid:type2.rid678.achid0.userid1380013811164508@6gc.mnc015.mcc234.3gppnetwork.org",
      "agent_name": "RobotDog",
      "description": "RobotDogModel, SN654321"
    }
  ]
}
2026-07-20 15:31:52 [INFO] AcnSDK - Queried agent list owner=13800138111
2026-07-20 15:32:04 [INFO] WebSocketClient - Received websocket payload
{
  "type": "TASK_REQUEST_COLLABORATION",
  "timestamp": "2026-07-20T07:32:05.172727Z",
  "payload": {
    "src_agent_id": "did:udid:type2.rid678.achid0.userid+861380013800031176@6gc.mnc015.mcc234.3gppnetwork.org",
    "dst_agent_id": "did:udid:type2.rid678.achid0.userid1380013811164508@6gc.mnc015.mcc234.3gppnetwork.org",
    "task_id": "task-12345",
    "task_description": "Collaboration task",
    "agent_card": {
      "agent_id": "did:udid:type2.rid678.achid0.userid+861380013800031176@6gc.mnc015.mcc234.3gppnetwork.org",
      "agent_name": "AR glasses",
      "skill": [
        "6G业务开通",
        "视觉共享",
        "远程操控"
      ]
    },
    "timestamp": "2026-07-20T07:32:05.172727Z"
  }
}
2026-07-20 15:32:04 [INFO] AcnSDK - Handling network message type=TASK_REQUEST_COLLABORATION payload=
{
  "src_agent_id": "did:udid:type2.rid678.achid0.userid+861380013800031176@6gc.mnc015.mcc234.3gppnetwork.org",
  "dst_agent_id": "did:udid:type2.rid678.achid0.userid1380013811164508@6gc.mnc015.mcc234.3gppnetwork.org",
  "task_id": "task-12345",
  "task_description": "Collaboration task",
  "agent_card": {
    "agent_id": "did:udid:type2.rid678.achid0.userid+861380013800031176@6gc.mnc015.mcc234.3gppnetwork.org",
    "agent_name": "AR glasses",
    "skill": [
      "6G业务开通",
      "视觉共享",
      "远程操控"
    ]
  },
  "timestamp": "2026-07-20T07:32:05.172727Z"
}
2026-07-20 15:32:04 [INFO] WebSocketClient - Sending websocket payload
{
  "type": "TASK_ACCEPT_COLLABORATION",
  "timestamp": "2026-07-20T07:32:04Z",
  "payload": {
    "src_agent_id": "did:udid:type2.rid678.achid0.userid1380013811164508@6gc.mnc015.mcc234.3gppnetwork.org",
    "dst_agent_id": "did:udid:type2.rid678.achid0.userid+861380013800031176@6gc.mnc015.mcc234.3gppnetwork.org",
    "task_id": "task-12345",
    "result": "OK"
  }
}
2026-07-20 15:32:04 [INFO] AcnSDK - Task collaboration accepted. task_id=task-12345 dst_agent_id=did:udid:type2.rid678.achid0.userid+861380013800031176@6gc.mnc015.mcc234.3gppnetwork.org
2026-07-20 15:32:04 [INFO] WebSocketClient - Received websocket payload
{
  "type": "START_TASK",
  "timestamp": "2026-07-20T07:32:05Z",
  "payload": {
    "src_agent_id": "did:udid:type2.rid678.achid0.userid+861380013800031176@6gc.mnc015.mcc234.3gppnetwork.org",
    "dst_agent_id": "did:udid:type2.rid678.achid0.userid1380013811164508@6gc.mnc015.mcc234.3gppnetwork.org",
    "task_id": "task-12345",
    "task_description": "协同任务"
  }
}
2026-07-20 15:32:04 [INFO] AcnSDK - Handling network message type=START_TASK payload=
{
  "src_agent_id": "did:udid:type2.rid678.achid0.userid+861380013800031176@6gc.mnc015.mcc234.3gppnetwork.org",
  "dst_agent_id": "did:udid:type2.rid678.achid0.userid1380013811164508@6gc.mnc015.mcc234.3gppnetwork.org",
  "task_id": "task-12345",
  "task_description": "协同任务"
}
2026-07-20 15:32:04 [INFO] HttpClient - HTTP POST http://192.168.1.10:9010/acn-agent/v1/task-executions
{
  "agent_id": "did:udid:type2.rid678.achid0.userid1380013811164508@6gc.mnc015.mcc234.3gppnetwork.org",
  "task_id": "task-12345",
  "description": "协同任务",
  "timestamp": "2026-07-20T07:32:04Z"
}
2026-07-20 15:32:04 [INFO] httpx - HTTP Request: POST http://192.168.1.10:9010/acn-agent/v1/task-executions "HTTP/1.1 200 OK"
2026-07-20 15:32:04 [INFO] HttpClient - HTTP response /acn-agent/v1/task-executions
{
  "status": "OK"
}
2026-07-20 15:32:04 [INFO] AcnSDK - Task execution requested. task_id=task-12345
2026-07-20 15:32:08 [INFO] WebSocketClient - Received websocket payload
{
  "type": "TASK_REQUEST_COLLABORATION",
  "timestamp": "2026-07-20T07:32:08.970184Z",
  "payload": {
    "src_agent_id": "did:udid:type2.rid678.achid0.userid+861380013800031176@6gc.mnc015.mcc234.3gppnetwork.org",
    "dst_agent_id": "did:udid:type2.rid678.achid0.userid1380013811164508@6gc.mnc015.mcc234.3gppnetwork.org",
    "task_id": "task-12345",
    "task_description": "Collaboration task",
    "agent_card": {
      "agent_id": "did:udid:type2.rid678.achid0.userid+861380013800031176@6gc.mnc015.mcc234.3gppnetwork.org",
      "agent_name": "AR glasses",
      "skill": [
        "6G业务开通",
        "视觉共享",
        "远程操控"
      ]
    },
    "timestamp": "2026-07-20T07:32:08.970184Z"
  }
}
2026-07-20 15:32:08 [INFO] AcnSDK - Handling network message type=TASK_REQUEST_COLLABORATION payload=
{
  "src_agent_id": "did:udid:type2.rid678.achid0.userid+861380013800031176@6gc.mnc015.mcc234.3gppnetwork.org",
  "dst_agent_id": "did:udid:type2.rid678.achid0.userid1380013811164508@6gc.mnc015.mcc234.3gppnetwork.org",
  "task_id": "task-12345",
  "task_description": "Collaboration task",
  "agent_card": {
    "agent_id": "did:udid:type2.rid678.achid0.userid+861380013800031176@6gc.mnc015.mcc234.3gppnetwork.org",
    "agent_name": "AR glasses",
    "skill": [
      "6G业务开通",
      "视觉共享",
      "远程操控"
    ]
  },
  "timestamp": "2026-07-20T07:32:08.970184Z"
}
2026-07-20 15:32:08 [INFO] WebSocketClient - Sending websocket payload
{
  "type": "TASK_ACCEPT_COLLABORATION",
  "timestamp": "2026-07-20T07:32:08Z",
  "payload": {
    "src_agent_id": "did:udid:type2.rid678.achid0.userid1380013811164508@6gc.mnc015.mcc234.3gppnetwork.org",
    "dst_agent_id": "did:udid:type2.rid678.achid0.userid+861380013800031176@6gc.mnc015.mcc234.3gppnetwork.org",
    "task_id": "task-12345",
    "result": "OK"
  }
}
2026-07-20 15:32:08 [INFO] AcnSDK - Task collaboration accepted. task_id=task-12345 dst_agent_id=did:udid:type2.rid678.achid0.userid+861380013800031176@6gc.mnc015.mcc234.3gppnetwork.org
2026-07-20 15:32:08 [INFO] WebSocketClient - Received websocket payload
{
  "type": "START_TASK",
  "timestamp": "2026-07-20T07:32:09Z",
  "payload": {
    "src_agent_id": "did:udid:type2.rid678.achid0.userid+861380013800031176@6gc.mnc015.mcc234.3gppnetwork.org",
    "dst_agent_id": "did:udid:type2.rid678.achid0.userid1380013811164508@6gc.mnc015.mcc234.3gppnetwork.org",
    "task_id": "task-12345",
    "task_description": "协同任务"
  }
}
2026-07-20 15:32:08 [INFO] AcnSDK - Handling network message type=START_TASK payload=
{
  "src_agent_id": "did:udid:type2.rid678.achid0.userid+861380013800031176@6gc.mnc015.mcc234.3gppnetwork.org",
  "dst_agent_id": "did:udid:type2.rid678.achid0.userid1380013811164508@6gc.mnc015.mcc234.3gppnetwork.org",
  "task_id": "task-12345",
  "task_description": "协同任务"
}
2026-07-20 15:32:08 [INFO] HttpClient - HTTP POST http://192.168.1.10:9010/acn-agent/v1/task-executions
{
  "agent_id": "did:udid:type2.rid678.achid0.userid1380013811164508@6gc.mnc015.mcc234.3gppnetwork.org",
  "task_id": "task-12345",
  "description": "协同任务",
  "timestamp": "2026-07-20T07:32:08Z"
}
2026-07-20 15:32:08 [INFO] httpx - HTTP Request: POST http://192.168.1.10:9010/acn-agent/v1/task-executions "HTTP/1.1 200 OK"
2026-07-20 15:32:08 [INFO] HttpClient - HTTP response /acn-agent/v1/task-executions
{
  "status": "OK"
}
2026-07-20 15:32:08 [INFO] AcnSDK - Task execution requested. task_id=task-12345
2026-07-20 15:32:19 [INFO] WebSocketClient - Received websocket payload
{
  "type": "TASK_REQUEST_COLLABORATION",
  "timestamp": "2026-07-20T07:32:20.427363Z",
  "payload": {
    "src_agent_id": "did:udid:type2.rid678.achid0.userid+861380013800031176@6gc.mnc015.mcc234.3gppnetwork.org",
    "dst_agent_id": "did:udid:type2.rid678.achid0.userid1380013811164508@6gc.mnc015.mcc234.3gppnetwork.org",
    "task_id": "task-12345",
    "task_description": "Collaboration task",
    "agent_card": {
      "agent_id": "did:udid:type2.rid678.achid0.userid+861380013800031176@6gc.mnc015.mcc234.3gppnetwork.org",
      "agent_name": "AR glasses",
      "skill": [
        "6G业务开通",
        "视觉共享",
        "远程操控"
      ]
    },
    "timestamp": "2026-07-20T07:32:20.427363Z"
  }
}
2026-07-20 15:32:19 [INFO] AcnSDK - Handling network message type=TASK_REQUEST_COLLABORATION payload=
{
  "src_agent_id": "did:udid:type2.rid678.achid0.userid+861380013800031176@6gc.mnc015.mcc234.3gppnetwork.org",
  "dst_agent_id": "did:udid:type2.rid678.achid0.userid1380013811164508@6gc.mnc015.mcc234.3gppnetwork.org",
  "task_id": "task-12345",
  "task_description": "Collaboration task",
  "agent_card": {
    "agent_id": "did:udid:type2.rid678.achid0.userid+861380013800031176@6gc.mnc015.mcc234.3gppnetwork.org",
    "agent_name": "AR glasses",
    "skill": [
      "6G业务开通",
      "视觉共享",
      "远程操控"
    ]
  },
  "timestamp": "2026-07-20T07:32:20.427363Z"
}
2026-07-20 15:32:19 [INFO] WebSocketClient - Sending websocket payload
{
  "type": "TASK_ACCEPT_COLLABORATION",
  "timestamp": "2026-07-20T07:32:19Z",
  "payload": {
    "src_agent_id": "did:udid:type2.rid678.achid0.userid1380013811164508@6gc.mnc015.mcc234.3gppnetwork.org",
    "dst_agent_id": "did:udid:type2.rid678.achid0.userid+861380013800031176@6gc.mnc015.mcc234.3gppnetwork.org",
    "task_id": "task-12345",
    "result": "OK"
  }
}
2026-07-20 15:32:19 [INFO] AcnSDK - Task collaboration accepted. task_id=task-12345 dst_agent_id=did:udid:type2.rid678.achid0.userid+861380013800031176@6gc.mnc015.mcc234.3gppnetwork.org
2026-07-20 15:32:19 [INFO] WebSocketClient - Received websocket payload
{
  "type": "START_TASK",
  "timestamp": "2026-07-20T07:32:20Z",
  "payload": {
    "src_agent_id": "did:udid:type2.rid678.achid0.userid+861380013800031176@6gc.mnc015.mcc234.3gppnetwork.org",
    "dst_agent_id": "did:udid:type2.rid678.achid0.userid1380013811164508@6gc.mnc015.mcc234.3gppnetwork.org",
    "task_id": "task-12345",
    "task_description": "协同任务"
  }
}
2026-07-20 15:32:19 [INFO] AcnSDK - Handling network message type=START_TASK payload=
{
  "src_agent_id": "did:udid:type2.rid678.achid0.userid+861380013800031176@6gc.mnc015.mcc234.3gppnetwork.org",
  "dst_agent_id": "did:udid:type2.rid678.achid0.userid1380013811164508@6gc.mnc015.mcc234.3gppnetwork.org",
  "task_id": "task-12345",
  "task_description": "协同任务"
}
2026-07-20 15:32:19 [INFO] HttpClient - HTTP POST http://192.168.1.10:9010/acn-agent/v1/task-executions
{
  "agent_id": "did:udid:type2.rid678.achid0.userid1380013811164508@6gc.mnc015.mcc234.3gppnetwork.org",
  "task_id": "task-12345",
  "description": "协同任务",
  "timestamp": "2026-07-20T07:32:19Z"
}
2026-07-20 15:32:19 [INFO] httpx - HTTP Request: POST http://192.168.1.10:9010/acn-agent/v1/task-executions "HTTP/1.1 200 OK"
2026-07-20 15:32:19 [INFO] HttpClient - HTTP response /acn-agent/v1/task-executions
{
  "status": "OK"
}
2026-07-20 15:32:19 [INFO] AcnSDK - Task execution requested. task_id=task-12345
2026-07-20 15:41:28 [INFO] WebSocketClient - Received websocket payload
{
  "type": "TASK_REQUEST_COLLABORATION",
  "timestamp": "2026-07-20T07:41:29.794250Z",
  "payload": {
    "src_agent_id": "did:udid:type2.rid678.achid0.userid+861380013800031176@6gc.mnc015.mcc234.3gppnetwork.org",
    "dst_agent_id": "did:udid:type2.rid678.achid0.userid1380013811164508@6gc.mnc015.mcc234.3gppnetwork.org",
    "task_id": "task-12345",
    "task_description": "Collaboration task",
    "agent_card": {
      "agent_id": "did:udid:type2.rid678.achid0.userid+861380013800031176@6gc.mnc015.mcc234.3gppnetwork.org",
      "agent_name": "AR glasses",
      "skill": [
        "6G业务开通",
        "视觉共享",
        "远程操控"
      ]
    },
    "timestamp": "2026-07-20T07:41:29.794250Z"
  }
}
2026-07-20 15:41:28 [INFO] AcnSDK - Handling network message type=TASK_REQUEST_COLLABORATION payload=
{
  "src_agent_id": "did:udid:type2.rid678.achid0.userid+861380013800031176@6gc.mnc015.mcc234.3gppnetwork.org",
  "dst_agent_id": "did:udid:type2.rid678.achid0.userid1380013811164508@6gc.mnc015.mcc234.3gppnetwork.org",
  "task_id": "task-12345",
  "task_description": "Collaboration task",
  "agent_card": {
    "agent_id": "did:udid:type2.rid678.achid0.userid+861380013800031176@6gc.mnc015.mcc234.3gppnetwork.org",
    "agent_name": "AR glasses",
    "skill": [
      "6G业务开通",
      "视觉共享",
      "远程操控"
    ]
  },
  "timestamp": "2026-07-20T07:41:29.794250Z"
}
2026-07-20 15:41:29 [INFO] WebSocketClient - Sending websocket payload
{
  "type": "TASK_ACCEPT_COLLABORATION",
  "timestamp": "2026-07-20T07:41:28Z",
  "payload": {
    "src_agent_id": "did:udid:type2.rid678.achid0.userid1380013811164508@6gc.mnc015.mcc234.3gppnetwork.org",
    "dst_agent_id": "did:udid:type2.rid678.achid0.userid+861380013800031176@6gc.mnc015.mcc234.3gppnetwork.org",
    "task_id": "task-12345",
    "result": "OK"
  }
}
2026-07-20 15:41:29 [INFO] AcnSDK - Task collaboration accepted. task_id=task-12345 dst_agent_id=did:udid:type2.rid678.achid0.userid+861380013800031176@6gc.mnc015.mcc234.3gppnetwork.org
2026-07-20 15:41:29 [INFO] WebSocketClient - Received websocket payload
{
  "type": "START_TASK",
  "timestamp": "2026-07-20T07:41:29Z",
  "payload": {
    "src_agent_id": "did:udid:type2.rid678.achid0.userid+861380013800031176@6gc.mnc015.mcc234.3gppnetwork.org",
    "dst_agent_id": "did:udid:type2.rid678.achid0.userid1380013811164508@6gc.mnc015.mcc234.3gppnetwork.org",
    "task_id": "task-12345",
    "task_description": "协同任务"
  }
}
2026-07-20 15:41:29 [INFO] AcnSDK - Handling network message type=START_TASK payload=
{
  "src_agent_id": "did:udid:type2.rid678.achid0.userid+861380013800031176@6gc.mnc015.mcc234.3gppnetwork.org",
  "dst_agent_id": "did:udid:type2.rid678.achid0.userid1380013811164508@6gc.mnc015.mcc234.3gppnetwork.org",
  "task_id": "task-12345",
  "task_description": "协同任务"
}
2026-07-20 15:41:29 [INFO] HttpClient - HTTP POST http://192.168.1.10:9010/acn-agent/v1/task-executions
{
  "agent_id": "did:udid:type2.rid678.achid0.userid1380013811164508@6gc.mnc015.mcc234.3gppnetwork.org",
  "task_id": "task-12345",
  "description": "协同任务",
  "timestamp": "2026-07-20T07:41:29Z"
}
2026-07-20 15:41:29 [INFO] httpx - HTTP Request: POST http://192.168.1.10:9010/acn-agent/v1/task-executions "HTTP/1.1 200 OK"
2026-07-20 15:41:29 [INFO] HttpClient - HTTP response /acn-agent/v1/task-executions
{
  "status": "OK"
}
2026-07-20 15:41:29 [INFO] AcnSDK - Task execution requested. task_id=task-12345
2026-07-20 15:42:34 [INFO] WebSocketClient - Received websocket payload
{
  "type": "TASK_REQUEST_COLLABORATION",
  "timestamp": "2026-07-20T07:42:35.126736Z",
  "payload": {
    "src_agent_id": "did:udid:type2.rid678.achid0.userid+861380013800031176@6gc.mnc015.mcc234.3gppnetwork.org",
    "dst_agent_id": "did:udid:type2.rid678.achid0.userid1380013811164508@6gc.mnc015.mcc234.3gppnetwork.org",
    "task_id": "task-12345",
    "task_description": "Collaboration task",
    "agent_card": {
      "agent_id": "did:udid:type2.rid678.achid0.userid+861380013800031176@6gc.mnc015.mcc234.3gppnetwork.org",
      "agent_name": "AR glasses",
      "skill": [
        "6G业务开通",
        "视觉共享",
        "远程操控"
      ]
    },
    "timestamp": "2026-07-20T07:42:35.126736Z"
  }
}
2026-07-20 15:42:34 [INFO] AcnSDK - Handling network message type=TASK_REQUEST_COLLABORATION payload=
{
  "src_agent_id": "did:udid:type2.rid678.achid0.userid+861380013800031176@6gc.mnc015.mcc234.3gppnetwork.org",
  "dst_agent_id": "did:udid:type2.rid678.achid0.userid1380013811164508@6gc.mnc015.mcc234.3gppnetwork.org",
  "task_id": "task-12345",
  "task_description": "Collaboration task",
  "agent_card": {
    "agent_id": "did:udid:type2.rid678.achid0.userid+861380013800031176@6gc.mnc015.mcc234.3gppnetwork.org",
    "agent_name": "AR glasses",
    "skill": [
      "6G业务开通",
      "视觉共享",
      "远程操控"
    ]
  },
  "timestamp": "2026-07-20T07:42:35.126736Z"
}
2026-07-20 15:42:34 [INFO] WebSocketClient - Sending websocket payload
{
  "type": "TASK_ACCEPT_COLLABORATION",
  "timestamp": "2026-07-20T07:42:34Z",
  "payload": {
    "src_agent_id": "did:udid:type2.rid678.achid0.userid1380013811164508@6gc.mnc015.mcc234.3gppnetwork.org",
    "dst_agent_id": "did:udid:type2.rid678.achid0.userid+861380013800031176@6gc.mnc015.mcc234.3gppnetwork.org",
    "task_id": "task-12345",
    "result": "OK"
  }
}
2026-07-20 15:42:34 [INFO] AcnSDK - Task collaboration accepted. task_id=task-12345 dst_agent_id=did:udid:type2.rid678.achid0.userid+861380013800031176@6gc.mnc015.mcc234.3gppnetwork.org
2026-07-20 15:42:34 [INFO] WebSocketClient - Received websocket payload
{
  "type": "START_TASK",
  "timestamp": "2026-07-20T07:42:35Z",
  "payload": {
    "src_agent_id": "did:udid:type2.rid678.achid0.userid+861380013800031176@6gc.mnc015.mcc234.3gppnetwork.org",
    "dst_agent_id": "did:udid:type2.rid678.achid0.userid1380013811164508@6gc.mnc015.mcc234.3gppnetwork.org",
    "task_id": "task-12345",
    "task_description": "协同任务"
  }
}
2026-07-20 15:42:34 [INFO] AcnSDK - Handling network message type=START_TASK payload=
{
  "src_agent_id": "did:udid:type2.rid678.achid0.userid+861380013800031176@6gc.mnc015.mcc234.3gppnetwork.org",
  "dst_agent_id": "did:udid:type2.rid678.achid0.userid1380013811164508@6gc.mnc015.mcc234.3gppnetwork.org",
  "task_id": "task-12345",
  "task_description": "协同任务"
}
2026-07-20 15:42:34 [INFO] HttpClient - HTTP POST http://192.168.1.10:9010/acn-agent/v1/task-executions
{
  "agent_id": "did:udid:type2.rid678.achid0.userid1380013811164508@6gc.mnc015.mcc234.3gppnetwork.org",
  "task_id": "task-12345",
  "description": "协同任务",
  "timestamp": "2026-07-20T07:42:34Z"
}
2026-07-20 15:42:34 [INFO] httpx - HTTP Request: POST http://192.168.1.10:9010/acn-agent/v1/task-executions "HTTP/1.1 200 OK"
2026-07-20 15:42:34 [INFO] HttpClient - HTTP response /acn-agent/v1/task-executions
{
  "status": "OK"
}
2026-07-20 15:42:34 [INFO] AcnSDK - Task execution requested. task_id=task-12345
2026-07-20 15:43:51 [INFO] WebSocketClient - Received websocket payload
{
  "type": "TASK_REQUEST_COLLABORATION",
  "timestamp": "2026-07-20T07:43:52.086741Z",
  "payload": {
    "src_agent_id": "did:udid:type2.rid678.achid0.userid+861380013800031176@6gc.mnc015.mcc234.3gppnetwork.org",
    "dst_agent_id": "did:udid:type2.rid678.achid0.userid1380013811164508@6gc.mnc015.mcc234.3gppnetwork.org",
    "task_id": "task-12345",
    "task_description": "Collaboration task",
    "agent_card": {
      "agent_id": "did:udid:type2.rid678.achid0.userid+861380013800031176@6gc.mnc015.mcc234.3gppnetwork.org",
      "agent_name": "AR glasses",
      "skill": [
        "6G业务开通",
        "视觉共享",
        "远程操控"
      ]
    },
    "timestamp": "2026-07-20T07:43:52.086741Z"
  }
}
2026-07-20 15:43:51 [INFO] AcnSDK - Handling network message type=TASK_REQUEST_COLLABORATION payload=
{
  "src_agent_id": "did:udid:type2.rid678.achid0.userid+861380013800031176@6gc.mnc015.mcc234.3gppnetwork.org",
  "dst_agent_id": "did:udid:type2.rid678.achid0.userid1380013811164508@6gc.mnc015.mcc234.3gppnetwork.org",
  "task_id": "task-12345",
  "task_description": "Collaboration task",
  "agent_card": {
    "agent_id": "did:udid:type2.rid678.achid0.userid+861380013800031176@6gc.mnc015.mcc234.3gppnetwork.org",
    "agent_name": "AR glasses",
    "skill": [
      "6G业务开通",
      "视觉共享",
      "远程操控"
    ]
  },
  "timestamp": "2026-07-20T07:43:52.086741Z"
}
2026-07-20 15:43:51 [INFO] WebSocketClient - Sending websocket payload
{
  "type": "TASK_ACCEPT_COLLABORATION",
  "timestamp": "2026-07-20T07:43:51Z",
  "payload": {
    "src_agent_id": "did:udid:type2.rid678.achid0.userid1380013811164508@6gc.mnc015.mcc234.3gppnetwork.org",
    "dst_agent_id": "did:udid:type2.rid678.achid0.userid+861380013800031176@6gc.mnc015.mcc234.3gppnetwork.org",
    "task_id": "task-12345",
    "result": "OK"
  }
}
2026-07-20 15:43:51 [INFO] AcnSDK - Task collaboration accepted. task_id=task-12345 dst_agent_id=did:udid:type2.rid678.achid0.userid+861380013800031176@6gc.mnc015.mcc234.3gppnetwork.org
2026-07-20 15:43:51 [INFO] WebSocketClient - Received websocket payload
{
  "type": "START_TASK",
  "timestamp": "2026-07-20T07:43:52Z",
  "payload": {
    "src_agent_id": "did:udid:type2.rid678.achid0.userid+861380013800031176@6gc.mnc015.mcc234.3gppnetwork.org",
    "dst_agent_id": "did:udid:type2.rid678.achid0.userid1380013811164508@6gc.mnc015.mcc234.3gppnetwork.org",
    "task_id": "task-12345",
    "task_description": "协同任务"
  }
}
2026-07-20 15:43:51 [INFO] AcnSDK - Handling network message type=START_TASK payload=
{
  "src_agent_id": "did:udid:type2.rid678.achid0.userid+861380013800031176@6gc.mnc015.mcc234.3gppnetwork.org",
  "dst_agent_id": "did:udid:type2.rid678.achid0.userid1380013811164508@6gc.mnc015.mcc234.3gppnetwork.org",
  "task_id": "task-12345",
  "task_description": "协同任务"
}
2026-07-20 15:43:51 [INFO] HttpClient - HTTP POST http://192.168.1.10:9010/acn-agent/v1/task-executions
{
  "agent_id": "did:udid:type2.rid678.achid0.userid1380013811164508@6gc.mnc015.mcc234.3gppnetwork.org",
  "task_id": "task-12345",
  "description": "协同任务",
  "timestamp": "2026-07-20T07:43:51Z"
}
2026-07-20 15:43:51 [INFO] httpx - HTTP Request: POST http://192.168.1.10:9010/acn-agent/v1/task-executions "HTTP/1.1 200 OK"
2026-07-20 15:43:51 [INFO] HttpClient - HTTP response /acn-agent/v1/task-executions
{
  "status": "OK"
}
2026-07-20 15:43:51 [INFO] AcnSDK - Task execution requested. task_id=task-12345
2026-07-20 15:45:01 [INFO] WebSocketClient - Received websocket payload
{
  "type": "TASK_REQUEST_COLLABORATION",
  "timestamp": "2026-07-20T07:45:02.075092Z",
  "payload": {
    "src_agent_id": "did:udid:type2.rid678.achid0.userid+861380013800031176@6gc.mnc015.mcc234.3gppnetwork.org",
    "dst_agent_id": "did:udid:type2.rid678.achid0.userid1380013811164508@6gc.mnc015.mcc234.3gppnetwork.org",
    "task_id": "task-12345",
    "task_description": "Collaboration task",
    "agent_card": {
      "agent_id": "did:udid:type2.rid678.achid0.userid+861380013800031176@6gc.mnc015.mcc234.3gppnetwork.org",
      "agent_name": "AR glasses",
      "skill": [
        "6G业务开通",
        "视觉共享",
        "远程操控"
      ]
    },
    "timestamp": "2026-07-20T07:45:02.075092Z"
  }
}
2026-07-20 15:45:01 [INFO] AcnSDK - Handling network message type=TASK_REQUEST_COLLABORATION payload=
{
  "src_agent_id": "did:udid:type2.rid678.achid0.userid+861380013800031176@6gc.mnc015.mcc234.3gppnetwork.org",
  "dst_agent_id": "did:udid:type2.rid678.achid0.userid1380013811164508@6gc.mnc015.mcc234.3gppnetwork.org",
  "task_id": "task-12345",
  "task_description": "Collaboration task",
  "agent_card": {
    "agent_id": "did:udid:type2.rid678.achid0.userid+861380013800031176@6gc.mnc015.mcc234.3gppnetwork.org",
    "agent_name": "AR glasses",
    "skill": [
      "6G业务开通",
      "视觉共享",
      "远程操控"
    ]
  },
  "timestamp": "2026-07-20T07:45:02.075092Z"
}
2026-07-20 15:45:01 [INFO] WebSocketClient - Sending websocket payload
{
  "type": "TASK_ACCEPT_COLLABORATION",
  "timestamp": "2026-07-20T07:45:01Z",
  "payload": {
    "src_agent_id": "did:udid:type2.rid678.achid0.userid1380013811164508@6gc.mnc015.mcc234.3gppnetwork.org",
    "dst_agent_id": "did:udid:type2.rid678.achid0.userid+861380013800031176@6gc.mnc015.mcc234.3gppnetwork.org",
    "task_id": "task-12345",
    "result": "OK"
  }
}
2026-07-20 15:45:01 [INFO] AcnSDK - Task collaboration accepted. task_id=task-12345 dst_agent_id=did:udid:type2.rid678.achid0.userid+861380013800031176@6gc.mnc015.mcc234.3gppnetwork.org
2026-07-20 15:45:01 [INFO] WebSocketClient - Received websocket payload
{
  "type": "START_TASK",
  "timestamp": "2026-07-20T07:45:02Z",
  "payload": {
    "src_agent_id": "did:udid:type2.rid678.achid0.userid+861380013800031176@6gc.mnc015.mcc234.3gppnetwork.org",
    "dst_agent_id": "did:udid:type2.rid678.achid0.userid1380013811164508@6gc.mnc015.mcc234.3gppnetwork.org",
    "task_id": "task-12345",
    "task_description": "协同任务"
  }
}
2026-07-20 15:45:01 [INFO] AcnSDK - Handling network message type=START_TASK payload=
{
  "src_agent_id": "did:udid:type2.rid678.achid0.userid+861380013800031176@6gc.mnc015.mcc234.3gppnetwork.org",
  "dst_agent_id": "did:udid:type2.rid678.achid0.userid1380013811164508@6gc.mnc015.mcc234.3gppnetwork.org",
  "task_id": "task-12345",
  "task_description": "协同任务"
}
2026-07-20 15:45:01 [INFO] HttpClient - HTTP POST http://192.168.1.10:9010/acn-agent/v1/task-executions
{
  "agent_id": "did:udid:type2.rid678.achid0.userid1380013811164508@6gc.mnc015.mcc234.3gppnetwork.org",
  "task_id": "task-12345",
  "description": "协同任务",
  "timestamp": "2026-07-20T07:45:01Z"
}
2026-07-20 15:45:01 [INFO] httpx - HTTP Request: POST http://192.168.1.10:9010/acn-agent/v1/task-executions "HTTP/1.1 200 OK"
2026-07-20 15:45:01 [INFO] HttpClient - HTTP response /acn-agent/v1/task-executions
{
  "status": "OK"
}
2026-07-20 15:45:01 [INFO] AcnSDK - Task execution requested. task_id=task-12345
2026-07-20 15:48:26 [INFO] WebSocketClient - Received websocket payload
{
  "type": "TASK_REQUEST_COLLABORATION",
  "timestamp": "2026-07-20T07:48:27.110924Z",
  "payload": {
    "src_agent_id": "did:udid:type2.rid678.achid0.userid+861380013800031176@6gc.mnc015.mcc234.3gppnetwork.org",
    "dst_agent_id": "did:udid:type2.rid678.achid0.userid1380013811164508@6gc.mnc015.mcc234.3gppnetwork.org",
    "task_id": "task-12345",
    "task_description": "Collaboration task",
    "agent_card": {
      "agent_id": "did:udid:type2.rid678.achid0.userid+861380013800031176@6gc.mnc015.mcc234.3gppnetwork.org",
      "agent_name": "AR glasses",
      "skill": [
        "6G业务开通",
        "视觉共享",
        "远程操控"
      ]
    },
    "timestamp": "2026-07-20T07:48:27.110924Z"
  }
}
2026-07-20 15:48:26 [INFO] AcnSDK - Handling network message type=TASK_REQUEST_COLLABORATION payload=
{
  "src_agent_id": "did:udid:type2.rid678.achid0.userid+861380013800031176@6gc.mnc015.mcc234.3gppnetwork.org",
  "dst_agent_id": "did:udid:type2.rid678.achid0.userid1380013811164508@6gc.mnc015.mcc234.3gppnetwork.org",
  "task_id": "task-12345",
  "task_description": "Collaboration task",
  "agent_card": {
    "agent_id": "did:udid:type2.rid678.achid0.userid+861380013800031176@6gc.mnc015.mcc234.3gppnetwork.org",
    "agent_name": "AR glasses",
    "skill": [
      "6G业务开通",
      "视觉共享",
      "远程操控"
    ]
  },
  "timestamp": "2026-07-20T07:48:27.110924Z"
}
2026-07-20 15:48:26 [INFO] WebSocketClient - Sending websocket payload
{
  "type": "TASK_ACCEPT_COLLABORATION",
  "timestamp": "2026-07-20T07:48:26Z",
  "payload": {
    "src_agent_id": "did:udid:type2.rid678.achid0.userid1380013811164508@6gc.mnc015.mcc234.3gppnetwork.org",
    "dst_agent_id": "did:udid:type2.rid678.achid0.userid+861380013800031176@6gc.mnc015.mcc234.3gppnetwork.org",
    "task_id": "task-12345",
    "result": "OK"
  }
}
2026-07-20 15:48:26 [INFO] AcnSDK - Task collaboration accepted. task_id=task-12345 dst_agent_id=did:udid:type2.rid678.achid0.userid+861380013800031176@6gc.mnc015.mcc234.3gppnetwork.org
2026-07-20 15:48:26 [INFO] WebSocketClient - Received websocket payload
{
  "type": "START_TASK",
  "timestamp": "2026-07-20T07:48:27Z",
  "payload": {
    "src_agent_id": "did:udid:type2.rid678.achid0.userid+861380013800031176@6gc.mnc015.mcc234.3gppnetwork.org",
    "dst_agent_id": "did:udid:type2.rid678.achid0.userid1380013811164508@6gc.mnc015.mcc234.3gppnetwork.org",
    "task_id": "task-12345",
    "task_description": "协同任务"
  }
}
2026-07-20 15:48:26 [INFO] AcnSDK - Handling network message type=START_TASK payload=
{
  "src_agent_id": "did:udid:type2.rid678.achid0.userid+861380013800031176@6gc.mnc015.mcc234.3gppnetwork.org",
  "dst_agent_id": "did:udid:type2.rid678.achid0.userid1380013811164508@6gc.mnc015.mcc234.3gppnetwork.org",
  "task_id": "task-12345",
  "task_description": "协同任务"
}
2026-07-20 15:48:26 [INFO] HttpClient - HTTP POST http://192.168.1.10:9010/acn-agent/v1/task-executions
{
  "agent_id": "did:udid:type2.rid678.achid0.userid1380013811164508@6gc.mnc015.mcc234.3gppnetwork.org",
  "task_id": "task-12345",
  "description": "协同任务",
  "timestamp": "2026-07-20T07:48:26Z"
}
2026-07-20 15:48:26 [INFO] httpx - HTTP Request: POST http://192.168.1.10:9010/acn-agent/v1/task-executions "HTTP/1.1 200 OK"
2026-07-20 15:48:26 [INFO] HttpClient - HTTP response /acn-agent/v1/task-executions
{
  "status": "OK"
}
2026-07-20 15:48:26 [INFO] AcnSDK - Task execution requested. task_id=task-12345
2026-07-20 15:49:28 [INFO] WebSocketClient - Received websocket payload
{
  "type": "TASK_REQUEST_COLLABORATION",
  "timestamp": "2026-07-20T07:49:29.522495Z",
  "payload": {
    "src_agent_id": "did:udid:type2.rid678.achid0.userid+861380013800031176@6gc.mnc015.mcc234.3gppnetwork.org",
    "dst_agent_id": "did:udid:type2.rid678.achid0.userid1380013811164508@6gc.mnc015.mcc234.3gppnetwork.org",
    "task_id": "task-12345",
    "task_description": "Collaboration task",
    "agent_card": {
      "agent_id": "did:udid:type2.rid678.achid0.userid+861380013800031176@6gc.mnc015.mcc234.3gppnetwork.org",
      "agent_name": "AR glasses",
      "skill": [
        "6G业务开通",
        "视觉共享",
        "远程操控"
      ]
    },
    "timestamp": "2026-07-20T07:49:29.522495Z"
  }
}
2026-07-20 15:49:28 [INFO] AcnSDK - Handling network message type=TASK_REQUEST_COLLABORATION payload=
{
  "src_agent_id": "did:udid:type2.rid678.achid0.userid+861380013800031176@6gc.mnc015.mcc234.3gppnetwork.org",
  "dst_agent_id": "did:udid:type2.rid678.achid0.userid1380013811164508@6gc.mnc015.mcc234.3gppnetwork.org",
  "task_id": "task-12345",
  "task_description": "Collaboration task",
  "agent_card": {
    "agent_id": "did:udid:type2.rid678.achid0.userid+861380013800031176@6gc.mnc015.mcc234.3gppnetwork.org",
    "agent_name": "AR glasses",
    "skill": [
      "6G业务开通",
      "视觉共享",
      "远程操控"
    ]
  },
  "timestamp": "2026-07-20T07:49:29.522495Z"
}
2026-07-20 15:49:28 [INFO] WebSocketClient - Sending websocket payload
{
  "type": "TASK_ACCEPT_COLLABORATION",
  "timestamp": "2026-07-20T07:49:28Z",
  "payload": {
    "src_agent_id": "did:udid:type2.rid678.achid0.userid1380013811164508@6gc.mnc015.mcc234.3gppnetwork.org",
    "dst_agent_id": "did:udid:type2.rid678.achid0.userid+861380013800031176@6gc.mnc015.mcc234.3gppnetwork.org",
    "task_id": "task-12345",
    "result": "OK"
  }
}
2026-07-20 15:49:28 [INFO] AcnSDK - Task collaboration accepted. task_id=task-12345 dst_agent_id=did:udid:type2.rid678.achid0.userid+861380013800031176@6gc.mnc015.mcc234.3gppnetwork.org
2026-07-20 15:49:28 [INFO] WebSocketClient - Received websocket payload
{
  "type": "START_TASK",
  "timestamp": "2026-07-20T07:49:29Z",
  "payload": {
    "src_agent_id": "did:udid:type2.rid678.achid0.userid+861380013800031176@6gc.mnc015.mcc234.3gppnetwork.org",
    "dst_agent_id": "did:udid:type2.rid678.achid0.userid1380013811164508@6gc.mnc015.mcc234.3gppnetwork.org",
    "task_id": "task-12345",
    "task_description": "协同任务"
  }
}
2026-07-20 15:49:28 [INFO] AcnSDK - Handling network message type=START_TASK payload=
{
  "src_agent_id": "did:udid:type2.rid678.achid0.userid+861380013800031176@6gc.mnc015.mcc234.3gppnetwork.org",
  "dst_agent_id": "did:udid:type2.rid678.achid0.userid1380013811164508@6gc.mnc015.mcc234.3gppnetwork.org",
  "task_id": "task-12345",
  "task_description": "协同任务"
}
2026-07-20 15:49:28 [INFO] HttpClient - HTTP POST http://192.168.1.10:9010/acn-agent/v1/task-executions
{
  "agent_id": "did:udid:type2.rid678.achid0.userid1380013811164508@6gc.mnc015.mcc234.3gppnetwork.org",
  "task_id": "task-12345",
  "description": "协同任务",
  "timestamp": "2026-07-20T07:49:28Z"
}
2026-07-20 15:49:28 [INFO] httpx - HTTP Request: POST http://192.168.1.10:9010/acn-agent/v1/task-executions "HTTP/1.1 200 OK"
2026-07-20 15:49:28 [INFO] HttpClient - HTTP response /acn-agent/v1/task-executions
{
  "status": "OK"
}
2026-07-20 15:49:28 [INFO] AcnSDK - Task execution requested. task_id=task-12345
2026-07-20 15:49:53 [INFO] WebSocketClient - Received websocket payload
{
  "type": "TASK_REQUEST_COLLABORATION",
  "timestamp": "2026-07-20T07:49:53.716433Z",
  "payload": {
    "src_agent_id": "did:udid:type2.rid678.achid0.userid+861380013800031176@6gc.mnc015.mcc234.3gppnetwork.org",
    "dst_agent_id": "did:udid:type2.rid678.achid0.userid1380013811164508@6gc.mnc015.mcc234.3gppnetwork.org",
    "task_id": "task-12345",
    "task_description": "Collaboration task",
    "agent_card": {
      "agent_id": "did:udid:type2.rid678.achid0.userid+861380013800031176@6gc.mnc015.mcc234.3gppnetwork.org",
      "agent_name": "AR glasses",
      "skill": [
        "6G业务开通",
        "视觉共享",
        "远程操控"
      ]
    },
    "timestamp": "2026-07-20T07:49:53.716433Z"
  }
}
2026-07-20 15:49:53 [INFO] AcnSDK - Handling network message type=TASK_REQUEST_COLLABORATION payload=
{
  "src_agent_id": "did:udid:type2.rid678.achid0.userid+861380013800031176@6gc.mnc015.mcc234.3gppnetwork.org",
  "dst_agent_id": "did:udid:type2.rid678.achid0.userid1380013811164508@6gc.mnc015.mcc234.3gppnetwork.org",
  "task_id": "task-12345",
  "task_description": "Collaboration task",
  "agent_card": {
    "agent_id": "did:udid:type2.rid678.achid0.userid+861380013800031176@6gc.mnc015.mcc234.3gppnetwork.org",
    "agent_name": "AR glasses",
    "skill": [
      "6G业务开通",
      "视觉共享",
      "远程操控"
    ]
  },
  "timestamp": "2026-07-20T07:49:53.716433Z"
}
2026-07-20 15:49:53 [INFO] WebSocketClient - Sending websocket payload
{
  "type": "TASK_ACCEPT_COLLABORATION",
  "timestamp": "2026-07-20T07:49:53Z",
  "payload": {
    "src_agent_id": "did:udid:type2.rid678.achid0.userid1380013811164508@6gc.mnc015.mcc234.3gppnetwork.org",
    "dst_agent_id": "did:udid:type2.rid678.achid0.userid+861380013800031176@6gc.mnc015.mcc234.3gppnetwork.org",
    "task_id": "task-12345",
    "result": "OK"
  }
}
2026-07-20 15:49:53 [INFO] AcnSDK - Task collaboration accepted. task_id=task-12345 dst_agent_id=did:udid:type2.rid678.achid0.userid+861380013800031176@6gc.mnc015.mcc234.3gppnetwork.org
2026-07-20 15:49:53 [INFO] WebSocketClient - Received websocket payload
{
  "type": "START_TASK",
  "timestamp": "2026-07-20T07:49:53Z",
  "payload": {
    "src_agent_id": "did:udid:type2.rid678.achid0.userid+861380013800031176@6gc.mnc015.mcc234.3gppnetwork.org",
    "dst_agent_id": "did:udid:type2.rid678.achid0.userid1380013811164508@6gc.mnc015.mcc234.3gppnetwork.org",
    "task_id": "task-12345",
    "task_description": "协同任务"
  }
}
2026-07-20 15:49:53 [INFO] AcnSDK - Handling network message type=START_TASK payload=
{
  "src_agent_id": "did:udid:type2.rid678.achid0.userid+861380013800031176@6gc.mnc015.mcc234.3gppnetwork.org",
  "dst_agent_id": "did:udid:type2.rid678.achid0.userid1380013811164508@6gc.mnc015.mcc234.3gppnetwork.org",
  "task_id": "task-12345",
  "task_description": "协同任务"
}
2026-07-20 15:49:53 [INFO] HttpClient - HTTP POST http://192.168.1.10:9010/acn-agent/v1/task-executions
{
  "agent_id": "did:udid:type2.rid678.achid0.userid1380013811164508@6gc.mnc015.mcc234.3gppnetwork.org",
  "task_id": "task-12345",
  "description": "协同任务",
  "timestamp": "2026-07-20T07:49:53Z"
}
2026-07-20 15:49:53 [INFO] httpx - HTTP Request: POST http://192.168.1.10:9010/acn-agent/v1/task-executions "HTTP/1.1 200 OK"
2026-07-20 15:49:53 [INFO] HttpClient - HTTP response /acn-agent/v1/task-executions
{
  "status": "OK"
}
2026-07-20 15:49:53 [INFO] AcnSDK - Task execution requested. task_id=task-12345
2026-07-20 15:53:23 [INFO] WebSocketClient - Received websocket payload
{
  "type": "TASK_REQUEST_COLLABORATION",
  "timestamp": "2026-07-20T07:53:23.730795Z",
  "payload": {
    "src_agent_id": "did:udid:type2.rid678.achid0.userid+861380013800031176@6gc.mnc015.mcc234.3gppnetwork.org",
    "dst_agent_id": "did:udid:type2.rid678.achid0.userid1380013811164508@6gc.mnc015.mcc234.3gppnetwork.org",
    "task_id": "task-12345",
    "task_description": "Collaboration task",
    "agent_card": {
      "agent_id": "did:udid:type2.rid678.achid0.userid+861380013800031176@6gc.mnc015.mcc234.3gppnetwork.org",
      "agent_name": "AR glasses",
      "skill": [
        "6G业务开通",
        "视觉共享",
        "远程操控"
      ]
    },
    "timestamp": "2026-07-20T07:53:23.730795Z"
  }
}
2026-07-20 15:53:23 [INFO] AcnSDK - Handling network message type=TASK_REQUEST_COLLABORATION payload=
{
  "src_agent_id": "did:udid:type2.rid678.achid0.userid+861380013800031176@6gc.mnc015.mcc234.3gppnetwork.org",
  "dst_agent_id": "did:udid:type2.rid678.achid0.userid1380013811164508@6gc.mnc015.mcc234.3gppnetwork.org",
  "task_id": "task-12345",
  "task_description": "Collaboration task",
  "agent_card": {
    "agent_id": "did:udid:type2.rid678.achid0.userid+861380013800031176@6gc.mnc015.mcc234.3gppnetwork.org",
    "agent_name": "AR glasses",
    "skill": [
      "6G业务开通",
      "视觉共享",
      "远程操控"
    ]
  },
  "timestamp": "2026-07-20T07:53:23.730795Z"
}
2026-07-20 15:53:23 [INFO] WebSocketClient - Sending websocket payload
{
  "type": "TASK_ACCEPT_COLLABORATION",
  "timestamp": "2026-07-20T07:53:23Z",
  "payload": {
    "src_agent_id": "did:udid:type2.rid678.achid0.userid1380013811164508@6gc.mnc015.mcc234.3gppnetwork.org",
    "dst_agent_id": "did:udid:type2.rid678.achid0.userid+861380013800031176@6gc.mnc015.mcc234.3gppnetwork.org",
    "task_id": "task-12345",
    "result": "OK"
  }
}
2026-07-20 15:53:23 [INFO] AcnSDK - Task collaboration accepted. task_id=task-12345 dst_agent_id=did:udid:type2.rid678.achid0.userid+861380013800031176@6gc.mnc015.mcc234.3gppnetwork.org
2026-07-20 15:53:23 [INFO] WebSocketClient - Received websocket payload
{
  "type": "START_TASK",
  "timestamp": "2026-07-20T07:53:23Z",
  "payload": {
    "src_agent_id": "did:udid:type2.rid678.achid0.userid+861380013800031176@6gc.mnc015.mcc234.3gppnetwork.org",
    "dst_agent_id": "did:udid:type2.rid678.achid0.userid1380013811164508@6gc.mnc015.mcc234.3gppnetwork.org",
    "task_id": "task-12345",
    "task_description": "协同任务"
  }
}
2026-07-20 15:53:23 [INFO] AcnSDK - Handling network message type=START_TASK payload=
{
  "src_agent_id": "did:udid:type2.rid678.achid0.userid+861380013800031176@6gc.mnc015.mcc234.3gppnetwork.org",
  "dst_agent_id": "did:udid:type2.rid678.achid0.userid1380013811164508@6gc.mnc015.mcc234.3gppnetwork.org",
  "task_id": "task-12345",
  "task_description": "协同任务"
}
2026-07-20 15:53:23 [INFO] HttpClient - HTTP POST http://192.168.1.10:9010/acn-agent/v1/task-executions
{
  "agent_id": "did:udid:type2.rid678.achid0.userid1380013811164508@6gc.mnc015.mcc234.3gppnetwork.org",
  "task_id": "task-12345",
  "description": "协同任务",
  "timestamp": "2026-07-20T07:53:23Z"
}
2026-07-20 15:53:23 [INFO] httpx - HTTP Request: POST http://192.168.1.10:9010/acn-agent/v1/task-executions "HTTP/1.1 200 OK"
2026-07-20 15:53:23 [INFO] HttpClient - HTTP response /acn-agent/v1/task-executions
{
  "status": "OK"
}
2026-07-20 15:53:23 [INFO] AcnSDK - Task execution requested. task_id=task-12345
2026-07-20 15:53:57 [INFO] WebSocketClient - Received websocket payload
{
  "type": "TASK_REQUEST_COLLABORATION",
  "timestamp": "2026-07-20T07:53:57.907652Z",
  "payload": {
    "src_agent_id": "did:udid:type2.rid678.achid0.userid+861380013800031176@6gc.mnc015.mcc234.3gppnetwork.org",
    "dst_agent_id": "did:udid:type2.rid678.achid0.userid1380013811164508@6gc.mnc015.mcc234.3gppnetwork.org",
    "task_id": "task-12345",
    "task_description": "Collaboration task",
    "agent_card": {
      "agent_id": "did:udid:type2.rid678.achid0.userid+861380013800031176@6gc.mnc015.mcc234.3gppnetwork.org",
      "agent_name": "AR glasses",
      "skill": [
        "6G业务开通",
        "视觉共享",
        "远程操控"
      ]
    },
    "timestamp": "2026-07-20T07:53:57.907652Z"
  }
}
2026-07-20 15:53:57 [INFO] AcnSDK - Handling network message type=TASK_REQUEST_COLLABORATION payload=
{
  "src_agent_id": "did:udid:type2.rid678.achid0.userid+861380013800031176@6gc.mnc015.mcc234.3gppnetwork.org",
  "dst_agent_id": "did:udid:type2.rid678.achid0.userid1380013811164508@6gc.mnc015.mcc234.3gppnetwork.org",
  "task_id": "task-12345",
  "task_description": "Collaboration task",
  "agent_card": {
    "agent_id": "did:udid:type2.rid678.achid0.userid+861380013800031176@6gc.mnc015.mcc234.3gppnetwork.org",
    "agent_name": "AR glasses",
    "skill": [
      "6G业务开通",
      "视觉共享",
      "远程操控"
    ]
  },
  "timestamp": "2026-07-20T07:53:57.907652Z"
}
2026-07-20 15:53:57 [INFO] WebSocketClient - Sending websocket payload
{
  "type": "TASK_ACCEPT_COLLABORATION",
  "timestamp": "2026-07-20T07:53:57Z",
  "payload": {
    "src_agent_id": "did:udid:type2.rid678.achid0.userid1380013811164508@6gc.mnc015.mcc234.3gppnetwork.org",
    "dst_agent_id": "did:udid:type2.rid678.achid0.userid+861380013800031176@6gc.mnc015.mcc234.3gppnetwork.org",
    "task_id": "task-12345",
    "result": "OK"
  }
}
2026-07-20 15:53:57 [INFO] AcnSDK - Task collaboration accepted. task_id=task-12345 dst_agent_id=did:udid:type2.rid678.achid0.userid+861380013800031176@6gc.mnc015.mcc234.3gppnetwork.org
2026-07-20 15:53:57 [INFO] WebSocketClient - Received websocket payload
{
  "type": "START_TASK",
  "timestamp": "2026-07-20T07:53:57Z",
  "payload": {
    "src_agent_id": "did:udid:type2.rid678.achid0.userid+861380013800031176@6gc.mnc015.mcc234.3gppnetwork.org",
    "dst_agent_id": "did:udid:type2.rid678.achid0.userid1380013811164508@6gc.mnc015.mcc234.3gppnetwork.org",
    "task_id": "task-12345",
    "task_description": "协同任务"
  }
}
2026-07-20 15:53:57 [INFO] AcnSDK - Handling network message type=START_TASK payload=
{
  "src_agent_id": "did:udid:type2.rid678.achid0.userid+861380013800031176@6gc.mnc015.mcc234.3gppnetwork.org",
  "dst_agent_id": "did:udid:type2.rid678.achid0.userid1380013811164508@6gc.mnc015.mcc234.3gppnetwork.org",
  "task_id": "task-12345",
  "task_description": "协同任务"
}
2026-07-20 15:53:57 [INFO] HttpClient - HTTP POST http://192.168.1.10:9010/acn-agent/v1/task-executions
{
  "agent_id": "did:udid:type2.rid678.achid0.userid1380013811164508@6gc.mnc015.mcc234.3gppnetwork.org",
  "task_id": "task-12345",
  "description": "协同任务",
  "timestamp": "2026-07-20T07:53:57Z"
}
2026-07-20 15:53:57 [INFO] httpx - HTTP Request: POST http://192.168.1.10:9010/acn-agent/v1/task-executions "HTTP/1.1 200 OK"
2026-07-20 15:53:57 [INFO] HttpClient - HTTP response /acn-agent/v1/task-executions
{
  "status": "OK"
}
2026-07-20 15:53:57 [INFO] AcnSDK - Task execution requested. task_id=task-12345
2026-07-20 17:15:26 [INFO] WebSocketClient - Received websocket payload
{
  "type": "TASK_REQUEST_COLLABORATION",
  "timestamp": "2026-07-20T09:15:27.673946Z",
  "payload": {
    "src_agent_id": "did:udid:type2.rid678.achid0.userid+861380013800031176@6gc.mnc015.mcc234.3gppnetwork.org",
    "dst_agent_id": "did:udid:type2.rid678.achid0.userid1380013811164508@6gc.mnc015.mcc234.3gppnetwork.org",
    "task_id": "task-12345",
    "task_description": "Collaboration task",
    "agent_card": {
      "agent_id": "did:udid:type2.rid678.achid0.userid+861380013800031176@6gc.mnc015.mcc234.3gppnetwork.org",
      "agent_name": "AR glasses",
      "skill": [
        "6G业务开通",
        "视觉共享",
        "远程操控"
      ]
    },
    "timestamp": "2026-07-20T09:15:27.673946Z"
  }
}
2026-07-20 17:15:26 [INFO] AcnSDK - Handling network message type=TASK_REQUEST_COLLABORATION payload=
{
  "src_agent_id": "did:udid:type2.rid678.achid0.userid+861380013800031176@6gc.mnc015.mcc234.3gppnetwork.org",
  "dst_agent_id": "did:udid:type2.rid678.achid0.userid1380013811164508@6gc.mnc015.mcc234.3gppnetwork.org",
  "task_id": "task-12345",
  "task_description": "Collaboration task",
  "agent_card": {
    "agent_id": "did:udid:type2.rid678.achid0.userid+861380013800031176@6gc.mnc015.mcc234.3gppnetwork.org",
    "agent_name": "AR glasses",
    "skill": [
      "6G业务开通",
      "视觉共享",
      "远程操控"
    ]
  },
  "timestamp": "2026-07-20T09:15:27.673946Z"
}
2026-07-20 17:15:26 [INFO] WebSocketClient - Sending websocket payload
{
  "type": "TASK_ACCEPT_COLLABORATION",
  "timestamp": "2026-07-20T09:15:26Z",
  "payload": {
    "src_agent_id": "did:udid:type2.rid678.achid0.userid1380013811164508@6gc.mnc015.mcc234.3gppnetwork.org",
    "dst_agent_id": "did:udid:type2.rid678.achid0.userid+861380013800031176@6gc.mnc015.mcc234.3gppnetwork.org",
    "task_id": "task-12345",
    "result": "OK"
  }
}
2026-07-20 17:15:26 [INFO] AcnSDK - Task collaboration accepted. task_id=task-12345 dst_agent_id=did:udid:type2.rid678.achid0.userid+861380013800031176@6gc.mnc015.mcc234.3gppnetwork.org
2026-07-20 17:15:26 [INFO] WebSocketClient - Received websocket payload
{
  "type": "START_TASK",
  "timestamp": "2026-07-20T09:15:27Z",
  "payload": {
    "src_agent_id": "did:udid:type2.rid678.achid0.userid+861380013800031176@6gc.mnc015.mcc234.3gppnetwork.org",
    "dst_agent_id": "did:udid:type2.rid678.achid0.userid1380013811164508@6gc.mnc015.mcc234.3gppnetwork.org",
    "task_id": "task-12345",
    "task_description": "协同任务"
  }
}
2026-07-20 17:15:27 [INFO] AcnSDK - Handling network message type=START_TASK payload=
{
  "src_agent_id": "did:udid:type2.rid678.achid0.userid+861380013800031176@6gc.mnc015.mcc234.3gppnetwork.org",
  "dst_agent_id": "did:udid:type2.rid678.achid0.userid1380013811164508@6gc.mnc015.mcc234.3gppnetwork.org",
  "task_id": "task-12345",
  "task_description": "协同任务"
}
2026-07-20 17:15:27 [INFO] HttpClient - HTTP POST http://192.168.1.10:9010/acn-agent/v1/task-executions
{
  "agent_id": "did:udid:type2.rid678.achid0.userid1380013811164508@6gc.mnc015.mcc234.3gppnetwork.org",
  "task_id": "task-12345",
  "description": "协同任务",
  "timestamp": "2026-07-20T09:15:27Z"
}
2026-07-20 17:15:27 [INFO] httpx - HTTP Request: POST http://192.168.1.10:9010/acn-agent/v1/task-executions "HTTP/1.1 200 OK"
2026-07-20 17:15:27 [INFO] HttpClient - HTTP response /acn-agent/v1/task-executions
{
  "status": "OK"
}
2026-07-20 17:15:27 [INFO] AcnSDK - Task execution requested. task_id=task-12345
2026-07-20 17:40:42 [INFO] AcnSDK - Cleared identity cache file: /home/unitree/zxy/imt/acn_sdk/data/identity.json
2026-07-20 17:40:42 [INFO] AcnSDK - AcnSDK initialized for agent=RobotDog, network_status=offline
2026-07-20 17:40:42 [INFO] AcnSDK - SDK network endpoints acn_agent=9010 ws=9002 moq=9003 web_ui=9005
2026-07-20 17:40:42 [INFO] IdentityManager - Persisted identity state: {'agent_id': 'did:udid:type2.rid678.achid0.userid1380013811164508@6gc.mnc015.mcc234.3gppnetwork.org', 'vc0': {'context': ['3gpp-ts-33.xxx-v20.0.0'], 'id': 'CMCC/credentials/7453', 'type': ['VerifiableCredential', 'BindingSIMCredential'], 'issuer': 'did:udid:idm@6gc.mnc015.mcc234.3gppnetwork.org', 'valid_from': '2026-07-20T07:31:52Z', 'valid_until': '2027-07-20T07:31:52Z', 'claims': {'agent_name': 'RobotDog', 'agent_id': 'did:udid:type2.rid678.achid0.userid1380013811164508@6gc.mnc015.mcc234.3gppnetwork.org', 'agent_attribute': '6G业务开通', 'master_id': 'type0.rid678.schid0.userid1userid20001@6gc0001@6gc.mnc015.mcc234.3gppnetwork.org', 'self_id': 'type0.rid678.schid0..mnc015.mcc234.3gppnetwork.org'}, 'proof': {'creator': 'did:udid:idm@6gc.mnc015.mcc234.3gppnetwork.org#keys-1', 'signature_value': 'MEUCIQDCnlZHCzp80SlgRdB3A3uaIB760u0d6cU01aefeITyEQIgUWlYOkocexFaNNtAvCgERMaAIAb5C8DyAZfan++yvQQ='}}, 'capability_names': ['载重运输', '自主导航', '高清摄像'], 'capability_vcs': [{'context': ['3gpp-ts-33.xxx-v20.0.0'], 'id': 'robot-factory/credentials/2660', 'type': ['VerifiableCredential', 'BindingSIMCredential'], 'issuer': 'did:robotfactoryissuer@6gc.mnc015.mcc234.3gppnetwork', 'valid_from': '2026-07-19T07:31:51.590502+00:00', 'valid_until': '2027-07-20T07:31:51.590502+00:00', 'claims': {'agent_name': 'RobotDog', 'agent_id': 'did:udid:type2.rid678.achid0.userid1380013811164508@6gc.mnc015.mcc234.3gppnetwork.org', 'agent_attribute': '载重运输', 'authorization_mode': 'Mode2'}, 'proof': {'creator': 'did:robotfactoryissuer@6gc.mnc015.mcc234.3gppnetwork#keys-1', 'signature_value': 'MEYCIQCVM5cA3xcHwva7/PAnDvmuKhS3QaRHw326xlMpnKaKAQIhAIkpu2Q7bBLjb1mZ0G64sF23ze/OeDvH9aVlfPDqLxzq'}}, {'context': ['3gpp-ts-33.xxx-v20.0.0'], 'id': 'robot-factory/credentials/2967', 'type': ['VerifiableCredential', 'BindingSIMCredential'], 'issuer': 'did:robotfactoryissuer@6gc.mnc015.mcc234.3gppnetwork', 'valid_from': '2026-07-19T07:31:51.590502+00:00', 'valid_until': '2027-07-20T07:31:51.590502+00:00', 'claims': {'agent_name': 'RobotDog', 'agent_id': 'did:udid:type2.rid678.achid0.userid1380013811164508@6gc.mnc015.mcc234.3gppnetwork.org', 'agent_attribute': '自主导航', 'authorization_mode': 'Mode2'}, 'proof': {'creator': 'did:robotfactoryissuer@6gc.mnc015.mcc234.3gppnetwork#keys-1', 'signature_value': 'MEUCIBLQMLSHhAPKUxRL2T3LB2NCnA0hr3U/3A/x4c1Eu0FZAiEAokipQK5eiKcCMAeMSpPkXQiIedUeRCk9gPOI70dyZx4='}}, {'context': ['3gpp-ts-33.xxx-v20.0.0'], 'id': 'robot-factory/credentials/7054', 'type': ['VerifiableCredential', 'BindingSIMCredential'], 'issuer': 'did:robotfactoryissuer@6gc.mnc015.mcc234.3gppnetwork', 'valid_from': '2026-07-19T07:31:51.590502+00:00', 'valid_until': '2027-07-20T07:31:51.590502+00:00', 'claims': {'agent_name': 'RobotDog', 'agent_id': 'did:udid:type2.rid678.achid0.userid1380013811164508@6gc.mnc015.mcc234.3gppnetwork.org', 'agent_attribute': '高清摄像', 'authorization_mode': 'Mode2'}, 'proof': {'creator': 'did:robotfactoryissuer@6gc.mnc015.mcc234.3gppnetwork#keys-1', 'signature_value': 'MEYCIQD+ZNGDQ6luW4RwP9VPewLDv3DWNJ+RE15mNY39srtNmQIhAK/MfSp09fkR1VvP6gVOznGyI/D5gVqW3NytcDIyNgcQ'}}], 'agent_name': 'RobotDog', 'owner': '13800138111', 'priority': 4, 'metadata': {'region': 'CN', 'role': 'collaborator'}}
2026-07-20 17:40:42 [INFO] WebSocketClient - Connecting websocket to ws://192.168.1.10:9002/ws
2026-07-20 17:40:42 [INFO] WebSocketClient - Websocket connected.
2026-07-20 17:40:42 [INFO] WebSocketClient - Sending websocket payload
{
  "type": "SETUP",
  "timestamp": "2026-07-20T09:40:42Z",
  "payload": {
    "src_agent_id": "did:udid:type2.rid678.achid0.userid1380013811164508@6gc.mnc015.mcc234.3gppnetwork.org"
  }
}
2026-07-20 17:40:43 [INFO] WebSocketClient - Received websocket payload
{
  "type": "SETUP",
  "timestamp": "2026-07-20T09:40:44.027833Z",
  "payload": {
    "status": "OK"
  }
}
2026-07-20 17:40:43 [INFO] MoQClient - Connecting MoQ client role=publisher remote=192.168.1.10:9003
2026-07-20 17:40:43 [INFO] moq.pub.publisher - MOQPublisher initialized for 192.168.1.10:9003
2026-07-20 17:40:43 [INFO] moq.pub.publisher - Connecting to relay at 192.168.1.10:9003
2026-07-20 17:40:43 [INFO] moq.transport.quic_transport - QUIC client config: congestion=cubic max_data=67108864 max_stream_data=67108864
2026-07-20 17:40:43 [INFO] moq.transport.quic_transport - Connecting to 192.168.1.10:9003
2026-07-20 17:40:43 [INFO] moq.transport.quic_transport - MOQQuicProtocol initialized
2026-07-20 17:40:43 [INFO] quic - [a576846b33dc06b8] Negotiated protocol version 0x00000001 (VERSION_1)
2026-07-20 17:40:43 [INFO] quic - [a576846b33dc06b8] ALPN negotiated protocol moq-00
2026-07-20 17:40:43 [INFO] moq.transport.quic_transport - QUIC connection established
2026-07-20 17:40:43 [INFO] moq.session.session - MOQSession created: session_id=pub-281473442519296, role=PUBLISHER
2026-07-20 17:40:43 [INFO] moq.session.session - Sent SETUP: version=4278190097, role=PUBLISHER
2026-07-20 17:40:43 [INFO] moq.pub.publisher - Connected to relay
2026-07-20 17:40:43 [INFO] MoQClient - MoQ publisher connected to relay
2026-07-20 17:40:43 [INFO] MoQClient - MoQ client connected role=publisher remote=192.168.1.10:9003
2026-07-20 17:40:43 [INFO] MoQClient - Connecting MoQ client role=subscriber remote=192.168.1.10:9003
2026-07-20 17:40:43 [INFO] moq.sub.subscriber - MOQSubscriber initialized for 192.168.1.10:9003
2026-07-20 17:40:43 [INFO] moq.sub.subscriber - Connecting to relay at 192.168.1.10:9003
2026-07-20 17:40:43 [INFO] moq.transport.quic_transport - QUIC client config: congestion=cubic max_data=67108864 max_stream_data=67108864
2026-07-20 17:40:43 [INFO] moq.transport.quic_transport - Connecting to 192.168.1.10:9003
2026-07-20 17:40:43 [INFO] moq.transport.quic_transport - MOQQuicProtocol initialized
2026-07-20 17:40:43 [INFO] quic - [ca47eee0839ff248] Negotiated protocol version 0x00000001 (VERSION_1)
2026-07-20 17:40:43 [INFO] quic - [ca47eee0839ff248] ALPN negotiated protocol moq-00
2026-07-20 17:40:43 [INFO] moq.transport.quic_transport - QUIC connection established
2026-07-20 17:40:43 [INFO] moq.session.session - MOQSession created: session_id=sub-281473442944656, role=SUBSCRIBER
2026-07-20 17:40:43 [INFO] moq.session.session - Sent SETUP: version=4278190097, role=SUBSCRIBER
2026-07-20 17:40:43 [INFO] moq.sub.subscriber - Connected to relay
2026-07-20 17:40:43 [INFO] MoQClient - MoQ subscriber connected to relay
2026-07-20 17:40:43 [INFO] MoQClient - MoQ client connected role=subscriber remote=192.168.1.10:9003
2026-07-20 17:40:43 [INFO] AcnSDK - Background network listener started.
2026-07-20 17:40:43 [INFO] AcnSDK - Network join successful for agent_id=did:udid:type2.rid678.achid0.userid1380013811164508@6gc.mnc015.mcc234.3gppnetwork.org
2026-07-20 17:40:43 [INFO] WebSocketClient - Sending websocket payload
{
  "type": "DISCONNECTION",
  "timestamp": "2026-07-20T09:40:43Z",
  "payload": {
    "src_agent_id": "did:udid:type2.rid678.achid0.userid1380013811164508@6gc.mnc015.mcc234.3gppnetwork.org"
  }
}
2026-07-20 17:40:43 [INFO] WebSocketClient - Disconnecting websocket from ws://192.168.1.10:9002/ws
2026-07-20 17:40:43 [INFO] MoQClient - Disconnecting MoQ client role=publisher remote=192.168.1.10:9003
2026-07-20 17:40:43 [INFO] moq.session.session - Closing session: pub-281473442519296
2026-07-20 17:40:43 [INFO] quic - [a576846b33dc06b8] Connection close sent (code 0x0, reason )
2026-07-20 17:40:43 [INFO] moq.transport.quic_transport - QUIC connection closed
2026-07-20 17:40:43 [INFO] MoQClient - MoQ client disconnected role=publisher remote=192.168.1.10:9003
2026-07-20 17:40:43 [INFO] MoQClient - Disconnecting MoQ client role=subscriber remote=192.168.1.10:9003
2026-07-20 17:40:43 [INFO] moq.session.session - Closing session: sub-281473442944656
2026-07-20 17:40:43 [INFO] quic - [ca47eee0839ff248] Connection close sent (code 0x0, reason )
2026-07-20 17:40:43 [INFO] moq.transport.quic_transport - QUIC connection closed
2026-07-20 17:40:43 [INFO] MoQClient - MoQ client disconnected role=subscriber remote=192.168.1.10:9003
2026-07-20 17:40:43 [INFO] TaskManager - Stopping all tasks: []
2026-07-20 17:40:43 [INFO] AcnSDK - Network state changed to offline
2026-07-20 17:40:43 [INFO] HttpClient - HTTP POST http://192.168.1.10:9010/acn-agent/v1/agent-deletions
{
  "agent_id": "did:udid:type2.rid678.achid0.userid1380013811164508@6gc.mnc015.mcc234.3gppnetwork.org",
  "reason": "demo completed",
  "timestamp": "2026-07-20T09:40:43Z",
  "signature": "MEUCIEutA3dOxAcDpjkmWEaV6+jNzi7xwxX/lFy4UjStTOaFAiEA+soJbWY9MNLdvi8MTcAZgwXxNhQRid5vrM4Xar+68is=",
  "signature_encoding": "base64"
}
2026-07-20 17:40:43 [INFO] httpx - HTTP Request: POST http://192.168.1.10:9010/acn-agent/v1/agent-deletions "HTTP/1.1 200 OK"
2026-07-20 17:40:43 [INFO] HttpClient - HTTP response /acn-agent/v1/agent-deletions
{
  "result": "success",
  "agent_id": "did:udid:type2.rid678.achid0.userid1380013811164508@6gc.mnc015.mcc234.3gppnetwork.org",
  "message": "Agent profile and history deleted successfully",
  "forwarded_to_agent_gw": true,
  "agent_gw_response": {
    "success": true,
    "status_code": 200,
    "body": {
      "status": "OK"
    },
    "raw_text": null,
    "error": null
  }
}
2026-07-20 17:40:43 [INFO] IdentityManager - Clearing identity state.
2026-07-20 17:40:43 [INFO] IdentityManager - Persisted identity state: {'agent_id': None, 'vc0': None, 'capability_names': [], 'capability_vcs': [], 'agent_name': None, 'owner': None, 'priority': None, 'metadata': {}}
2026-07-20 17:40:43 [INFO] AcnSDK - Network state changed to offline
2026-07-20 17:40:43 [INFO] AcnSDK - Robot deregistered. agent_id=did:udid:type2.rid678.achid0.userid1380013811164508@6gc.mnc015.mcc234.3gppnetwork.org
2026-07-20 17:40:49 [INFO] AcnSDK - Cleared identity cache file: /home/unitree/zxy/imt/acn_sdk/data/identity.json
2026-07-20 17:40:49 [INFO] AcnSDK - AcnSDK initialized for agent=RobotDog, network_status=offline
2026-07-20 17:40:49 [INFO] AcnSDK - SDK network endpoints acn_agent=9010 ws=9002 moq=9003 web_ui=9005
2026-07-20 17:40:49 [INFO] HttpClient - HTTP POST http://192.168.1.10:9010/idm/v1/identity-applications
{
  "owner": "13800138111",
  "name": "RobotDog",
  "public_key": "-----BEGIN PUBLIC KEY-----\nMFkwEwYHKoZIzj0CAQYIKoZIzj0DAQcDQgAEjNqmCmtuP9IpEQb88DZmbN0nfAMT\nu0mALPHBfC+5PQSKfmfgFQoiv30y7MZCB4iQHIEf4S7+dHY/x6KK0s6Dfw==\n-----END PUBLIC KEY-----\n",
  "description": "RobotDogModel, SN654321",
  "timestamp": "2026-07-20T09:40:49Z",
  "metadata": {
    "region": "CN",
    "role": "collaborator"
  },
  "signature": "MEUCIQDzrbkHapOGZjP0z8nMwZyQEJ797QKy0I/r2S7fkx7V3QIgSQPWU1IftbzOW3QTP7bB7cOx+o4e7YXbSkCH0Ey6QvU=",
  "signature_encoding": "base64"
}
2026-07-20 17:40:50 [INFO] httpx - HTTP Request: POST http://192.168.1.10:9010/idm/v1/identity-applications "HTTP/1.1 200 OK"
2026-07-20 17:40:50 [INFO] HttpClient - HTTP response /idm/v1/identity-applications
{
  "result": "success",
  "agent_id": "did:udid:type2.rid678.achid0.userid1380013811143214@6gc.mnc015.mcc234.3gppnetwork.org",
  "vc0": {
    "context": [
      "3gpp-ts-33.xxx-v20.0.0"
    ],
    "id": "CMCC/credentials/6262",
    "type": [
      "VerifiableCredential",
      "BindingSIMCredential"
    ],
    "issuer": "did:udid:idm@6gc.mnc015.mcc234.3gppnetwork.org",
    "valid_from": "2026-07-20T09:40:51Z",
    "valid_until": "2027-07-20T09:40:51Z",
    "claims": {
      "agent_name": "RobotDog",
      "agent_id": "did:udid:type2.rid678.achid0.userid1380013811143214@6gc.mnc015.mcc234.3gppnetwork.org",
      "agent_attribute": "6G业务开通",
      "master_id": "type0.rid678.schid0.userid1userid20001@6gc0001@6gc.mnc015.mcc234.3gppnetwork.org",
      "self_id": "type0.rid678.schid0..mnc015.mcc234.3gppnetwork.org"
    },
    "proof": {
      "creator": "did:udid:idm@6gc.mnc015.mcc234.3gppnetwork.org#keys-1",
      "signature_value": "MEUCIQCLvJl9bKnec3HK+bu0uNQJTgMB0D/JzV33Uo7n2B/pGAIgF7oJcI0Rqd0hpTIHinXUEKJCvs+nmqkfJBD4qIiUtKA="
    }
  }
}
2026-07-20 17:40:50 [INFO] IdentityManager - Persisted identity state: {'agent_id': 'did:udid:type2.rid678.achid0.userid1380013811143214@6gc.mnc015.mcc234.3gppnetwork.org', 'vc0': {'context': ['3gpp-ts-33.xxx-v20.0.0'], 'id': 'CMCC/credentials/6262', 'type': ['VerifiableCredential', 'BindingSIMCredential'], 'issuer': 'did:udid:idm@6gc.mnc015.mcc234.3gppnetwork.org', 'valid_from': '2026-07-20T09:40:51Z', 'valid_until': '2027-07-20T09:40:51Z', 'claims': {'agent_name': 'RobotDog', 'agent_id': 'did:udid:type2.rid678.achid0.userid1380013811143214@6gc.mnc015.mcc234.3gppnetwork.org', 'agent_attribute': '6G业务开通', 'master_id': 'type0.rid678.schid0.userid1userid20001@6gc0001@6gc.mnc015.mcc234.3gppnetwork.org', 'self_id': 'type0.rid678.schid0..mnc015.mcc234.3gppnetwork.org'}, 'proof': {'creator': 'did:udid:idm@6gc.mnc015.mcc234.3gppnetwork.org#keys-1', 'signature_value': 'MEUCIQCLvJl9bKnec3HK+bu0uNQJTgMB0D/JzV33Uo7n2B/pGAIgF7oJcI0Rqd0hpTIHinXUEKJCvs+nmqkfJBD4qIiUtKA='}}, 'capability_names': [], 'capability_vcs': [], 'agent_name': 'RobotDog', 'owner': '13800138111', 'priority': 4, 'metadata': {'region': 'CN', 'role': 'collaborator'}}
2026-07-20 17:40:50 [INFO] AcnSDK - Agent registered. agent_id=did:udid:type2.rid678.achid0.userid1380013811143214@6gc.mnc015.mcc234.3gppnetwork.org
2026-07-20 17:40:50 [INFO] CredentialIssuer - Issued capability VCs: [{'context': ['3gpp-ts-33.xxx-v20.0.0'], 'id': 'robot-factory/credentials/0243', 'type': ['VerifiableCredential', 'BindingSIMCredential'], 'issuer': 'did:robotfactoryissuer@6gc.mnc015.mcc234.3gppnetwork', 'valid_from': '2026-07-19T09:40:50.176232+00:00', 'valid_until': '2027-07-20T09:40:50.176232+00:00', 'claims': {'agent_name': 'RobotDog', 'agent_id': 'did:udid:type2.rid678.achid0.userid1380013811143214@6gc.mnc015.mcc234.3gppnetwork.org', 'agent_attribute': '载重运输', 'authorization_mode': 'Mode2'}, 'proof': {'creator': 'did:robotfactoryissuer@6gc.mnc015.mcc234.3gppnetwork#keys-1', 'signature_value': 'MEQCIB2WetowdteHKiu9TIWk2hgqacT3q5ylo5bUNy4LDlxJAiB/bdg+Zpiaq0NpB4gPMBC1J/XhaV94FA3enAasWwYmMw=='}}, {'context': ['3gpp-ts-33.xxx-v20.0.0'], 'id': 'robot-factory/credentials/7563', 'type': ['VerifiableCredential', 'BindingSIMCredential'], 'issuer': 'did:robotfactoryissuer@6gc.mnc015.mcc234.3gppnetwork', 'valid_from': '2026-07-19T09:40:50.176232+00:00', 'valid_until': '2027-07-20T09:40:50.176232+00:00', 'claims': {'agent_name': 'RobotDog', 'agent_id': 'did:udid:type2.rid678.achid0.userid1380013811143214@6gc.mnc015.mcc234.3gppnetwork.org', 'agent_attribute': '自主导航', 'authorization_mode': 'Mode2'}, 'proof': {'creator': 'did:robotfactoryissuer@6gc.mnc015.mcc234.3gppnetwork#keys-1', 'signature_value': 'MEQCIG+yzZDziecmaXmTRjWzAdcSvOLsLbxKtm/6GGmLVgkWAiAgK8GNR/inZ/waV/WDz0NBPhSLr5eZBs3sKeZGto8VFQ=='}}, {'context': ['3gpp-ts-33.xxx-v20.0.0'], 'id': 'robot-factory/credentials/1598', 'type': ['VerifiableCredential', 'BindingSIMCredential'], 'issuer': 'did:robotfactoryissuer@6gc.mnc015.mcc234.3gppnetwork', 'valid_from': '2026-07-19T09:40:50.176232+00:00', 'valid_until': '2027-07-20T09:40:50.176232+00:00', 'claims': {'agent_name': 'RobotDog', 'agent_id': 'did:udid:type2.rid678.achid0.userid1380013811143214@6gc.mnc015.mcc234.3gppnetwork.org', 'agent_attribute': '高清摄像', 'authorization_mode': 'Mode2'}, 'proof': {'creator': 'did:robotfactoryissuer@6gc.mnc015.mcc234.3gppnetwork#keys-1', 'signature_value': 'MEUCIQDoGUp2I0lOJyt7KQ7ZrnAQFyWpYupO4dMABzA3x+RH/AIgCKA7IbAbO4W/lZKb8rmJDcD6DXH02KekvfcblhhTuUU='}}]
2026-07-20 17:40:50 [INFO] IdentityManager - Persisted identity state: {'agent_id': 'did:udid:type2.rid678.achid0.userid1380013811143214@6gc.mnc015.mcc234.3gppnetwork.org', 'vc0': {'context': ['3gpp-ts-33.xxx-v20.0.0'], 'id': 'CMCC/credentials/6262', 'type': ['VerifiableCredential', 'BindingSIMCredential'], 'issuer': 'did:udid:idm@6gc.mnc015.mcc234.3gppnetwork.org', 'valid_from': '2026-07-20T09:40:51Z', 'valid_until': '2027-07-20T09:40:51Z', 'claims': {'agent_name': 'RobotDog', 'agent_id': 'did:udid:type2.rid678.achid0.userid1380013811143214@6gc.mnc015.mcc234.3gppnetwork.org', 'agent_attribute': '6G业务开通', 'master_id': 'type0.rid678.schid0.userid1userid20001@6gc0001@6gc.mnc015.mcc234.3gppnetwork.org', 'self_id': 'type0.rid678.schid0..mnc015.mcc234.3gppnetwork.org'}, 'proof': {'creator': 'did:udid:idm@6gc.mnc015.mcc234.3gppnetwork.org#keys-1', 'signature_value': 'MEUCIQCLvJl9bKnec3HK+bu0uNQJTgMB0D/JzV33Uo7n2B/pGAIgF7oJcI0Rqd0hpTIHinXUEKJCvs+nmqkfJBD4qIiUtKA='}}, 'capability_names': ['载重运输', '自主导航', '高清摄像'], 'capability_vcs': [{'context': ['3gpp-ts-33.xxx-v20.0.0'], 'id': 'robot-factory/credentials/0243', 'type': ['VerifiableCredential', 'BindingSIMCredential'], 'issuer': 'did:robotfactoryissuer@6gc.mnc015.mcc234.3gppnetwork', 'valid_from': '2026-07-19T09:40:50.176232+00:00', 'valid_until': '2027-07-20T09:40:50.176232+00:00', 'claims': {'agent_name': 'RobotDog', 'agent_id': 'did:udid:type2.rid678.achid0.userid1380013811143214@6gc.mnc015.mcc234.3gppnetwork.org', 'agent_attribute': '载重运输', 'authorization_mode': 'Mode2'}, 'proof': {'creator': 'did:robotfactoryissuer@6gc.mnc015.mcc234.3gppnetwork#keys-1', 'signature_value': 'MEQCIB2WetowdteHKiu9TIWk2hgqacT3q5ylo5bUNy4LDlxJAiB/bdg+Zpiaq0NpB4gPMBC1J/XhaV94FA3enAasWwYmMw=='}}, {'context': ['3gpp-ts-33.xxx-v20.0.0'], 'id': 'robot-factory/credentials/7563', 'type': ['VerifiableCredential', 'BindingSIMCredential'], 'issuer': 'did:robotfactoryissuer@6gc.mnc015.mcc234.3gppnetwork', 'valid_from': '2026-07-19T09:40:50.176232+00:00', 'valid_until': '2027-07-20T09:40:50.176232+00:00', 'claims': {'agent_name': 'RobotDog', 'agent_id': 'did:udid:type2.rid678.achid0.userid1380013811143214@6gc.mnc015.mcc234.3gppnetwork.org', 'agent_attribute': '自主导航', 'authorization_mode': 'Mode2'}, 'proof': {'creator': 'did:robotfactoryissuer@6gc.mnc015.mcc234.3gppnetwork#keys-1', 'signature_value': 'MEQCIG+yzZDziecmaXmTRjWzAdcSvOLsLbxKtm/6GGmLVgkWAiAgK8GNR/inZ/waV/WDz0NBPhSLr5eZBs3sKeZGto8VFQ=='}}, {'context': ['3gpp-ts-33.xxx-v20.0.0'], 'id': 'robot-factory/credentials/1598', 'type': ['VerifiableCredential', 'BindingSIMCredential'], 'issuer': 'did:robotfactoryissuer@6gc.mnc015.mcc234.3gppnetwork', 'valid_from': '2026-07-19T09:40:50.176232+00:00', 'valid_until': '2027-07-20T09:40:50.176232+00:00', 'claims': {'agent_name': 'RobotDog', 'agent_id': 'did:udid:type2.rid678.achid0.userid1380013811143214@6gc.mnc015.mcc234.3gppnetwork.org', 'agent_attribute': '高清摄像', 'authorization_mode': 'Mode2'}, 'proof': {'creator': 'did:robotfactoryissuer@6gc.mnc015.mcc234.3gppnetwork#keys-1', 'signature_value': 'MEUCIQDoGUp2I0lOJyt7KQ7ZrnAQFyWpYupO4dMABzA3x+RH/AIgCKA7IbAbO4W/lZKb8rmJDcD6DXH02KekvfcblhhTuUU='}}], 'agent_name': 'RobotDog', 'owner': '13800138111', 'priority': 4, 'metadata': {'region': 'CN', 'role': 'collaborator'}}
2026-07-20 17:40:50 [INFO] HttpClient - HTTP POST http://192.168.1.10:9010/arf/v1/agent-cards
{
  "agent_id": "did:udid:type2.rid678.achid0.userid1380013811143214@6gc.mnc015.mcc234.3gppnetwork.org",
  "priority": 4,
  "timestamp": "2026-07-20T09:40:50Z",
  "signature": "MEYCIQC7cw3iTxhg5RptQp6PLaFNSX0nhoXFQvUFVW/UdvutzAIhAJ/ysVSCGs0biGfGEznGnNpynB/iFlQQLCTya0eVsEMW",
  "signature_encoding": "base64",
  "vc_list": [
    {
      "context": [
        "3gpp-ts-33.xxx-v20.0.0"
      ],
      "id": "CMCC/credentials/6262",
      "type": [
        "VerifiableCredential",
        "BindingSIMCredential"
      ],
      "issuer": "did:udid:idm@6gc.mnc015.mcc234.3gppnetwork.org",
      "valid_from": "2026-07-20T09:40:51Z",
      "valid_until": "2027-07-20T09:40:51Z",
      "claims": {
        "agent_name": "RobotDog",
        "agent_id": "did:udid:type2.rid678.achid0.userid1380013811143214@6gc.mnc015.mcc234.3gppnetwork.org",
        "agent_attribute": "6G业务开通",
        "master_id": "type0.rid678.schid0.userid1userid20001@6gc0001@6gc.mnc015.mcc234.3gppnetwork.org",
        "self_id": "type0.rid678.schid0..mnc015.mcc234.3gppnetwork.org"
      },
      "proof": {
        "creator": "did:udid:idm@6gc.mnc015.mcc234.3gppnetwork.org#keys-1",
        "signature_value": "MEUCIQCLvJl9bKnec3HK+bu0uNQJTgMB0D/JzV33Uo7n2B/pGAIgF7oJcI0Rqd0hpTIHinXUEKJCvs+nmqkfJBD4qIiUtKA="
      }
    },
    {
      "context": [
        "3gpp-ts-33.xxx-v20.0.0"
      ],
      "id": "robot-factory/credentials/0243",
      "type": [
        "VerifiableCredential",
        "BindingSIMCredential"
      ],
      "issuer": "did:robotfactoryissuer@6gc.mnc015.mcc234.3gppnetwork",
      "valid_from": "2026-07-19T09:40:50.176232+00:00",
      "valid_until": "2027-07-20T09:40:50.176232+00:00",
      "claims": {
        "agent_name": "RobotDog",
        "agent_id": "did:udid:type2.rid678.achid0.userid1380013811143214@6gc.mnc015.mcc234.3gppnetwork.org",
        "agent_attribute": "载重运输",
        "authorization_mode": "Mode2"
      },
      "proof": {
        "creator": "did:robotfactoryissuer@6gc.mnc015.mcc234.3gppnetwork#keys-1",
        "signature_value": "MEQCIB2WetowdteHKiu9TIWk2hgqacT3q5ylo5bUNy4LDlxJAiB/bdg+Zpiaq0NpB4gPMBC1J/XhaV94FA3enAasWwYmMw=="
      }
    },
    {
      "context": [
        "3gpp-ts-33.xxx-v20.0.0"
      ],
      "id": "robot-factory/credentials/7563",
      "type": [
        "VerifiableCredential",
        "BindingSIMCredential"
      ],
      "issuer": "did:robotfactoryissuer@6gc.mnc015.mcc234.3gppnetwork",
      "valid_from": "2026-07-19T09:40:50.176232+00:00",
      "valid_until": "2027-07-20T09:40:50.176232+00:00",
      "claims": {
        "agent_name": "RobotDog",
        "agent_id": "did:udid:type2.rid678.achid0.userid1380013811143214@6gc.mnc015.mcc234.3gppnetwork.org",
        "agent_attribute": "自主导航",
        "authorization_mode": "Mode2"
      },
      "proof": {
        "creator": "did:robotfactoryissuer@6gc.mnc015.mcc234.3gppnetwork#keys-1",
        "signature_value": "MEQCIG+yzZDziecmaXmTRjWzAdcSvOLsLbxKtm/6GGmLVgkWAiAgK8GNR/inZ/waV/WDz0NBPhSLr5eZBs3sKeZGto8VFQ=="
      }
    },
    {
      "context": [
        "3gpp-ts-33.xxx-v20.0.0"
      ],
      "id": "robot-factory/credentials/1598",
      "type": [
        "VerifiableCredential",
        "BindingSIMCredential"
      ],
      "issuer": "did:robotfactoryissuer@6gc.mnc015.mcc234.3gppnetwork",
      "valid_from": "2026-07-19T09:40:50.176232+00:00",
      "valid_until": "2027-07-20T09:40:50.176232+00:00",
      "claims": {
        "agent_name": "RobotDog",
        "agent_id": "did:udid:type2.rid678.achid0.userid1380013811143214@6gc.mnc015.mcc234.3gppnetwork.org",
        "agent_attribute": "高清摄像",
        "authorization_mode": "Mode2"
      },
      "proof": {
        "creator": "did:robotfactoryissuer@6gc.mnc015.mcc234.3gppnetwork#keys-1",
        "signature_value": "MEUCIQDoGUp2I0lOJyt7KQ7ZrnAQFyWpYupO4dMABzA3x+RH/AIgCKA7IbAbO4W/lZKb8rmJDcD6DXH02KekvfcblhhTuUU="
      }
    }
  ]
}
2026-07-20 17:40:50 [INFO] httpx - HTTP Request: POST http://192.168.1.10:9010/arf/v1/agent-cards "HTTP/1.1 200 OK"
2026-07-20 17:40:50 [INFO] HttpClient - HTTP response /arf/v1/agent-cards
{
  "status": "OK"
}
2026-07-20 17:40:50 [INFO] AcnSDK - Robot attribute registered. agent_id=did:udid:type2.rid678.achid0.userid1380013811143214@6gc.mnc015.mcc234.3gppnetwork.org
2026-07-20 17:40:50 [INFO] WebSocketClient - Connecting websocket to ws://192.168.1.10:9002/ws
2026-07-20 17:40:50 [INFO] WebSocketClient - Websocket connected.
2026-07-20 17:40:50 [INFO] WebSocketClient - Sending websocket payload
{
  "type": "SETUP",
  "timestamp": "2026-07-20T09:40:50Z",
  "payload": {
    "src_agent_id": "did:udid:type2.rid678.achid0.userid1380013811143214@6gc.mnc015.mcc234.3gppnetwork.org"
  }
}
2026-07-20 17:40:50 [INFO] WebSocketClient - Received websocket payload
{
  "type": "SETUP",
  "timestamp": "2026-07-20T09:40:51.657315Z",
  "payload": {
    "status": "OK"
  }
}
2026-07-20 17:40:50 [INFO] MoQClient - Connecting MoQ client role=publisher remote=192.168.1.10:9003
2026-07-20 17:40:50 [INFO] moq.pub.publisher - MOQPublisher initialized for 192.168.1.10:9003
2026-07-20 17:40:50 [INFO] moq.pub.publisher - Connecting to relay at 192.168.1.10:9003
2026-07-20 17:40:50 [INFO] moq.transport.quic_transport - QUIC client config: congestion=cubic max_data=67108864 max_stream_data=67108864
2026-07-20 17:40:50 [INFO] moq.transport.quic_transport - Connecting to 192.168.1.10:9003
2026-07-20 17:40:50 [INFO] moq.transport.quic_transport - MOQQuicProtocol initialized
2026-07-20 17:40:50 [INFO] quic - [723d4d026c27de3c] Negotiated protocol version 0x00000001 (VERSION_1)
2026-07-20 17:40:50 [INFO] quic - [723d4d026c27de3c] ALPN negotiated protocol moq-00
2026-07-20 17:40:50 [INFO] moq.transport.quic_transport - QUIC connection established
2026-07-20 17:40:50 [INFO] moq.session.session - MOQSession created: session_id=pub-281473282496192, role=PUBLISHER
2026-07-20 17:40:50 [INFO] moq.session.session - Sent SETUP: version=4278190097, role=PUBLISHER
2026-07-20 17:40:50 [INFO] moq.pub.publisher - Connected to relay
2026-07-20 17:40:50 [INFO] MoQClient - MoQ publisher connected to relay
2026-07-20 17:40:50 [INFO] MoQClient - MoQ client connected role=publisher remote=192.168.1.10:9003
2026-07-20 17:40:50 [INFO] MoQClient - Connecting MoQ client role=subscriber remote=192.168.1.10:9003
2026-07-20 17:40:50 [INFO] moq.sub.subscriber - MOQSubscriber initialized for 192.168.1.10:9003
2026-07-20 17:40:50 [INFO] moq.sub.subscriber - Connecting to relay at 192.168.1.10:9003
2026-07-20 17:40:50 [INFO] moq.transport.quic_transport - QUIC client config: congestion=cubic max_data=67108864 max_stream_data=67108864
2026-07-20 17:40:50 [INFO] moq.transport.quic_transport - Connecting to 192.168.1.10:9003
2026-07-20 17:40:50 [INFO] moq.transport.quic_transport - MOQQuicProtocol initialized
2026-07-20 17:40:50 [INFO] quic - [36bcf4e1fc1f9c8a] Negotiated protocol version 0x00000001 (VERSION_1)
2026-07-20 17:40:50 [INFO] quic - [36bcf4e1fc1f9c8a] ALPN negotiated protocol moq-00
2026-07-20 17:40:50 [INFO] moq.transport.quic_transport - QUIC connection established
2026-07-20 17:40:50 [INFO] moq.session.session - MOQSession created: session_id=sub-281473282504496, role=SUBSCRIBER
2026-07-20 17:40:50 [INFO] moq.session.session - Sent SETUP: version=4278190097, role=SUBSCRIBER
2026-07-20 17:40:50 [INFO] moq.sub.subscriber - Connected to relay
2026-07-20 17:40:50 [INFO] MoQClient - MoQ subscriber connected to relay
2026-07-20 17:40:50 [INFO] MoQClient - MoQ client connected role=subscriber remote=192.168.1.10:9003
2026-07-20 17:40:50 [INFO] AcnSDK - Background network listener started.
2026-07-20 17:40:50 [INFO] AcnSDK - Network join successful for agent_id=did:udid:type2.rid678.achid0.userid1380013811143214@6gc.mnc015.mcc234.3gppnetwork.org
2026-07-20 17:40:50 [INFO] AcnSDK - Queried local agent info agent_id=did:udid:type2.rid678.achid0.userid1380013811143214@6gc.mnc015.mcc234.3gppnetwork.org
2026-07-20 17:40:50 [INFO] HttpClient - HTTP POST http://192.168.1.10:9010/acn-agent/v1/owner-agents
{
  "owner": "13800138111"
}
2026-07-20 17:40:50 [INFO] httpx - HTTP Request: POST http://192.168.1.10:9010/acn-agent/v1/owner-agents "HTTP/1.1 200 OK"
2026-07-20 17:40:50 [INFO] HttpClient - HTTP response /acn-agent/v1/owner-agents
{
  "owner": "13800138111",
  "total": 1,
  "agents": [
    {
      "agent_id": "did:udid:type2.rid678.achid0.userid1380013811143214@6gc.mnc015.mcc234.3gppnetwork.org",
      "agent_name": "RobotDog",
      "description": "RobotDogModel, SN654321"
    }
  ]
}
2026-07-20 17:40:50 [INFO] AcnSDK - Queried agent list owner=13800138111
2026-07-20 17:40:58 [INFO] WebSocketClient - Received websocket payload
{
  "type": "CLEAR",
  "timestamp": "2026-07-20T09:40:59.746762Z",
  "payload": {}
}
2026-07-20 17:40:58 [INFO] AcnSDK - Handling network message type=CLEAR payload=
{}
2026-07-20 17:40:58 [INFO] IdentityManager - Clearing identity state.
2026-07-20 17:40:58 [INFO] IdentityManager - Persisted identity state: {'agent_id': None, 'vc0': None, 'capability_names': [], 'capability_vcs': [], 'agent_name': None, 'owner': None, 'priority': None, 'metadata': {}}
2026-07-20 17:40:58 [INFO] WebSocketClient - Disconnecting websocket from ws://192.168.1.10:9002/ws
2026-07-20 17:40:58 [INFO] MoQClient - Disconnecting MoQ client role=publisher remote=192.168.1.10:9003
2026-07-20 17:40:58 [INFO] moq.session.session - Closing session: pub-281473282496192
2026-07-20 17:40:58 [INFO] quic - [723d4d026c27de3c] Connection close sent (code 0x0, reason )
2026-07-20 17:40:58 [INFO] moq.transport.quic_transport - QUIC connection closed
2026-07-20 17:40:58 [INFO] MoQClient - MoQ client disconnected role=publisher remote=192.168.1.10:9003
2026-07-20 17:40:58 [INFO] MoQClient - Disconnecting MoQ client role=subscriber remote=192.168.1.10:9003
2026-07-20 17:40:58 [INFO] moq.session.session - Closing session: sub-281473282504496
2026-07-20 17:40:58 [INFO] quic - [36bcf4e1fc1f9c8a] Connection close sent (code 0x0, reason )
2026-07-20 17:40:58 [INFO] moq.transport.quic_transport - QUIC connection closed
2026-07-20 17:40:58 [INFO] MoQClient - MoQ client disconnected role=subscriber remote=192.168.1.10:9003
2026-07-20 17:40:58 [INFO] TaskManager - Stopping all tasks: []
2026-07-20 17:40:58 [INFO] AcnSDK - Network state changed to offline
2026-07-20 17:41:11 [INFO] AcnSDK - Cleared identity cache file: /home/unitree/zxy/imt/acn_sdk/data/identity.json
2026-07-20 17:41:11 [INFO] AcnSDK - AcnSDK initialized for agent=RobotDog, network_status=offline
2026-07-20 17:41:11 [INFO] AcnSDK - SDK network endpoints acn_agent=9010 ws=9002 moq=9003 web_ui=9005
2026-07-20 17:41:11 [INFO] IdentityManager - Persisted identity state: {'agent_id': None, 'vc0': None, 'capability_names': [], 'capability_vcs': [], 'agent_name': None, 'owner': None, 'priority': None, 'metadata': {}}
2026-07-20 17:43:34 [INFO] AcnSDK - Cleared identity cache file: /home/unitree/zxy/imt/acn_sdk/data/identity.json
2026-07-20 17:43:35 [INFO] AcnSDK - AcnSDK initialized for agent=RobotDog, network_status=offline
2026-07-20 17:43:35 [INFO] AcnSDK - SDK network endpoints acn_agent=9010 ws=9002 moq=9003 web_ui=9005
2026-07-20 17:43:35 [INFO] HttpClient - HTTP POST http://192.168.1.10:9010/idm/v1/identity-applications
{
  "owner": "13800138111",
  "name": "RobotDog",
  "public_key": "-----BEGIN PUBLIC KEY-----\nMFkwEwYHKoZIzj0CAQYIKoZIzj0DAQcDQgAEjNqmCmtuP9IpEQb88DZmbN0nfAMT\nu0mALPHBfC+5PQSKfmfgFQoiv30y7MZCB4iQHIEf4S7+dHY/x6KK0s6Dfw==\n-----END PUBLIC KEY-----\n",
  "description": "RobotDogModel, SN654321",
  "timestamp": "2026-07-20T09:43:35Z",
  "metadata": {
    "region": "CN",
    "role": "collaborator"
  },
  "signature": "MEQCID756Gn3ZVF+DscIQ32JwiCPM4H2TrnjsQKMFjLLmHimAiA+xBj/AKmUvjVGwp5LMYrlp6uibG11OB9JzNwBfnrqgw==",
  "signature_encoding": "base64"
}
2026-07-20 17:43:35 [INFO] httpx - HTTP Request: POST http://192.168.1.10:9010/idm/v1/identity-applications "HTTP/1.1 200 OK"
2026-07-20 17:43:35 [INFO] HttpClient - HTTP response /idm/v1/identity-applications
{
  "result": "success",
  "agent_id": "did:udid:type2.rid678.achid0.userid1380013811189907@6gc.mnc015.mcc234.3gppnetwork.org",
  "vc0": {
    "context": [
      "3gpp-ts-33.xxx-v20.0.0"
    ],
    "id": "CMCC/credentials/1095",
    "type": [
      "VerifiableCredential",
      "BindingSIMCredential"
    ],
    "issuer": "did:udid:idm@6gc.mnc015.mcc234.3gppnetwork.org",
    "valid_from": "2026-07-20T09:43:36Z",
    "valid_until": "2027-07-20T09:43:36Z",
    "claims": {
      "agent_name": "RobotDog",
      "agent_id": "did:udid:type2.rid678.achid0.userid1380013811189907@6gc.mnc015.mcc234.3gppnetwork.org",
      "agent_attribute": "6G业务开通",
      "master_id": "type0.rid678.schid0.userid1userid20001@6gc0001@6gc.mnc015.mcc234.3gppnetwork.org",
      "self_id": "type0.rid678.schid0..mnc015.mcc234.3gppnetwork.org"
    },
    "proof": {
      "creator": "did:udid:idm@6gc.mnc015.mcc234.3gppnetwork.org#keys-1",
      "signature_value": "MEQCIBJhlcEuXAT5UrdY6NcFpvG+iWt4zZm+GHFrIkvqwggQAiAMJfLSm0ePbCTDl3zWRhHxmdBypCzdlJvr4t1Cydz+/w=="
    }
  }
}
2026-07-20 17:43:35 [INFO] IdentityManager - Persisted identity state: {'agent_id': 'did:udid:type2.rid678.achid0.userid1380013811189907@6gc.mnc015.mcc234.3gppnetwork.org', 'vc0': {'context': ['3gpp-ts-33.xxx-v20.0.0'], 'id': 'CMCC/credentials/1095', 'type': ['VerifiableCredential', 'BindingSIMCredential'], 'issuer': 'did:udid:idm@6gc.mnc015.mcc234.3gppnetwork.org', 'valid_from': '2026-07-20T09:43:36Z', 'valid_until': '2027-07-20T09:43:36Z', 'claims': {'agent_name': 'RobotDog', 'agent_id': 'did:udid:type2.rid678.achid0.userid1380013811189907@6gc.mnc015.mcc234.3gppnetwork.org', 'agent_attribute': '6G业务开通', 'master_id': 'type0.rid678.schid0.userid1userid20001@6gc0001@6gc.mnc015.mcc234.3gppnetwork.org', 'self_id': 'type0.rid678.schid0..mnc015.mcc234.3gppnetwork.org'}, 'proof': {'creator': 'did:udid:idm@6gc.mnc015.mcc234.3gppnetwork.org#keys-1', 'signature_value': 'MEQCIBJhlcEuXAT5UrdY6NcFpvG+iWt4zZm+GHFrIkvqwggQAiAMJfLSm0ePbCTDl3zWRhHxmdBypCzdlJvr4t1Cydz+/w=='}}, 'capability_names': [], 'capability_vcs': [], 'agent_name': 'RobotDog', 'owner': '13800138111', 'priority': 4, 'metadata': {'region': 'CN', 'role': 'collaborator'}}
2026-07-20 17:43:35 [INFO] AcnSDK - Agent registered. agent_id=did:udid:type2.rid678.achid0.userid1380013811189907@6gc.mnc015.mcc234.3gppnetwork.org
2026-07-20 17:43:35 [INFO] CredentialIssuer - Issued capability VCs: [{'context': ['3gpp-ts-33.xxx-v20.0.0'], 'id': 'robot-factory/credentials/2992', 'type': ['VerifiableCredential', 'BindingSIMCredential'], 'issuer': 'did:robotfactoryissuer@6gc.mnc015.mcc234.3gppnetwork', 'valid_from': '2026-07-19T09:43:35.345147+00:00', 'valid_until': '2027-07-20T09:43:35.345147+00:00', 'claims': {'agent_name': 'RobotDog', 'agent_id': 'did:udid:type2.rid678.achid0.userid1380013811189907@6gc.mnc015.mcc234.3gppnetwork.org', 'agent_attribute': '载重运输', 'authorization_mode': 'Mode2'}, 'proof': {'creator': 'did:robotfactoryissuer@6gc.mnc015.mcc234.3gppnetwork#keys-1', 'signature_value': 'MEUCIHC4QaajM5W8AsFZFgjeJpfdjg60JADQukkx3Yy7Kjr1AiEAkMsBdbJEmgYpuJfahAkpnTZaTKWlwM+hPyNq0v8r9aQ='}}, {'context': ['3gpp-ts-33.xxx-v20.0.0'], 'id': 'robot-factory/credentials/7590', 'type': ['VerifiableCredential', 'BindingSIMCredential'], 'issuer': 'did:robotfactoryissuer@6gc.mnc015.mcc234.3gppnetwork', 'valid_from': '2026-07-19T09:43:35.345147+00:00', 'valid_until': '2027-07-20T09:43:35.345147+00:00', 'claims': {'agent_name': 'RobotDog', 'agent_id': 'did:udid:type2.rid678.achid0.userid1380013811189907@6gc.mnc015.mcc234.3gppnetwork.org', 'agent_attribute': '自主导航', 'authorization_mode': 'Mode2'}, 'proof': {'creator': 'did:robotfactoryissuer@6gc.mnc015.mcc234.3gppnetwork#keys-1', 'signature_value': 'MEUCIQCPo835E4uHKaGeo8W3YTAyxpHWvi4y4qrkthHR+AcbAAIgf9bCDrZeiU6cKVBacu/3cju/+iRQNhHJTMCipiaVeb8='}}, {'context': ['3gpp-ts-33.xxx-v20.0.0'], 'id': 'robot-factory/credentials/0515', 'type': ['VerifiableCredential', 'BindingSIMCredential'], 'issuer': 'did:robotfactoryissuer@6gc.mnc015.mcc234.3gppnetwork', 'valid_from': '2026-07-19T09:43:35.345147+00:00', 'valid_until': '2027-07-20T09:43:35.345147+00:00', 'claims': {'agent_name': 'RobotDog', 'agent_id': 'did:udid:type2.rid678.achid0.userid1380013811189907@6gc.mnc015.mcc234.3gppnetwork.org', 'agent_attribute': '高清摄像', 'authorization_mode': 'Mode2'}, 'proof': {'creator': 'did:robotfactoryissuer@6gc.mnc015.mcc234.3gppnetwork#keys-1', 'signature_value': 'MEYCIQCdfC4JzE1SmldE5PJXM+iuci+GBo4iqcNhrkidxcBGvgIhAL7UOIWR3k+MOldMKctudrj4s58vJWFjqvHyt6g3HGAV'}}]
2026-07-20 17:43:35 [INFO] IdentityManager - Persisted identity state: {'agent_id': 'did:udid:type2.rid678.achid0.userid1380013811189907@6gc.mnc015.mcc234.3gppnetwork.org', 'vc0': {'context': ['3gpp-ts-33.xxx-v20.0.0'], 'id': 'CMCC/credentials/1095', 'type': ['VerifiableCredential', 'BindingSIMCredential'], 'issuer': 'did:udid:idm@6gc.mnc015.mcc234.3gppnetwork.org', 'valid_from': '2026-07-20T09:43:36Z', 'valid_until': '2027-07-20T09:43:36Z', 'claims': {'agent_name': 'RobotDog', 'agent_id': 'did:udid:type2.rid678.achid0.userid1380013811189907@6gc.mnc015.mcc234.3gppnetwork.org', 'agent_attribute': '6G业务开通', 'master_id': 'type0.rid678.schid0.userid1userid20001@6gc0001@6gc.mnc015.mcc234.3gppnetwork.org', 'self_id': 'type0.rid678.schid0..mnc015.mcc234.3gppnetwork.org'}, 'proof': {'creator': 'did:udid:idm@6gc.mnc015.mcc234.3gppnetwork.org#keys-1', 'signature_value': 'MEQCIBJhlcEuXAT5UrdY6NcFpvG+iWt4zZm+GHFrIkvqwggQAiAMJfLSm0ePbCTDl3zWRhHxmdBypCzdlJvr4t1Cydz+/w=='}}, 'capability_names': ['载重运输', '自主导航', '高清摄像'], 'capability_vcs': [{'context': ['3gpp-ts-33.xxx-v20.0.0'], 'id': 'robot-factory/credentials/2992', 'type': ['VerifiableCredential', 'BindingSIMCredential'], 'issuer': 'did:robotfactoryissuer@6gc.mnc015.mcc234.3gppnetwork', 'valid_from': '2026-07-19T09:43:35.345147+00:00', 'valid_until': '2027-07-20T09:43:35.345147+00:00', 'claims': {'agent_name': 'RobotDog', 'agent_id': 'did:udid:type2.rid678.achid0.userid1380013811189907@6gc.mnc015.mcc234.3gppnetwork.org', 'agent_attribute': '载重运输', 'authorization_mode': 'Mode2'}, 'proof': {'creator': 'did:robotfactoryissuer@6gc.mnc015.mcc234.3gppnetwork#keys-1', 'signature_value': 'MEUCIHC4QaajM5W8AsFZFgjeJpfdjg60JADQukkx3Yy7Kjr1AiEAkMsBdbJEmgYpuJfahAkpnTZaTKWlwM+hPyNq0v8r9aQ='}}, {'context': ['3gpp-ts-33.xxx-v20.0.0'], 'id': 'robot-factory/credentials/7590', 'type': ['VerifiableCredential', 'BindingSIMCredential'], 'issuer': 'did:robotfactoryissuer@6gc.mnc015.mcc234.3gppnetwork', 'valid_from': '2026-07-19T09:43:35.345147+00:00', 'valid_until': '2027-07-20T09:43:35.345147+00:00', 'claims': {'agent_name': 'RobotDog', 'agent_id': 'did:udid:type2.rid678.achid0.userid1380013811189907@6gc.mnc015.mcc234.3gppnetwork.org', 'agent_attribute': '自主导航', 'authorization_mode': 'Mode2'}, 'proof': {'creator': 'did:robotfactoryissuer@6gc.mnc015.mcc234.3gppnetwork#keys-1', 'signature_value': 'MEUCIQCPo835E4uHKaGeo8W3YTAyxpHWvi4y4qrkthHR+AcbAAIgf9bCDrZeiU6cKVBacu/3cju/+iRQNhHJTMCipiaVeb8='}}, {'context': ['3gpp-ts-33.xxx-v20.0.0'], 'id': 'robot-factory/credentials/0515', 'type': ['VerifiableCredential', 'BindingSIMCredential'], 'issuer': 'did:robotfactoryissuer@6gc.mnc015.mcc234.3gppnetwork', 'valid_from': '2026-07-19T09:43:35.345147+00:00', 'valid_until': '2027-07-20T09:43:35.345147+00:00', 'claims': {'agent_name': 'RobotDog', 'agent_id': 'did:udid:type2.rid678.achid0.userid1380013811189907@6gc.mnc015.mcc234.3gppnetwork.org', 'agent_attribute': '高清摄像', 'authorization_mode': 'Mode2'}, 'proof': {'creator': 'did:robotfactoryissuer@6gc.mnc015.mcc234.3gppnetwork#keys-1', 'signature_value': 'MEYCIQCdfC4JzE1SmldE5PJXM+iuci+GBo4iqcNhrkidxcBGvgIhAL7UOIWR3k+MOldMKctudrj4s58vJWFjqvHyt6g3HGAV'}}], 'agent_name': 'RobotDog', 'owner': '13800138111', 'priority': 4, 'metadata': {'region': 'CN', 'role': 'collaborator'}}
2026-07-20 17:43:35 [INFO] HttpClient - HTTP POST http://192.168.1.10:9010/arf/v1/agent-cards
{
  "agent_id": "did:udid:type2.rid678.achid0.userid1380013811189907@6gc.mnc015.mcc234.3gppnetwork.org",
  "priority": 4,
  "timestamp": "2026-07-20T09:43:35Z",
  "signature": "MEUCIAgKcVRdenYC3oN90KiJFCfpDrcBwLhHGhS42899DEyeAiEA3JZ0iSi47RzsuJshaTSkB9eQT0/0CrHuC3XV2q3MRJE=",
  "signature_encoding": "base64",
  "vc_list": [
    {
      "context": [
        "3gpp-ts-33.xxx-v20.0.0"
      ],
      "id": "CMCC/credentials/1095",
      "type": [
        "VerifiableCredential",
        "BindingSIMCredential"
      ],
      "issuer": "did:udid:idm@6gc.mnc015.mcc234.3gppnetwork.org",
      "valid_from": "2026-07-20T09:43:36Z",
      "valid_until": "2027-07-20T09:43:36Z",
      "claims": {
        "agent_name": "RobotDog",
        "agent_id": "did:udid:type2.rid678.achid0.userid1380013811189907@6gc.mnc015.mcc234.3gppnetwork.org",
        "agent_attribute": "6G业务开通",
        "master_id": "type0.rid678.schid0.userid1userid20001@6gc0001@6gc.mnc015.mcc234.3gppnetwork.org",
        "self_id": "type0.rid678.schid0..mnc015.mcc234.3gppnetwork.org"
      },
      "proof": {
        "creator": "did:udid:idm@6gc.mnc015.mcc234.3gppnetwork.org#keys-1",
        "signature_value": "MEQCIBJhlcEuXAT5UrdY6NcFpvG+iWt4zZm+GHFrIkvqwggQAiAMJfLSm0ePbCTDl3zWRhHxmdBypCzdlJvr4t1Cydz+/w=="
      }
    },
    {
      "context": [
        "3gpp-ts-33.xxx-v20.0.0"
      ],
      "id": "robot-factory/credentials/2992",
      "type": [
        "VerifiableCredential",
        "BindingSIMCredential"
      ],
      "issuer": "did:robotfactoryissuer@6gc.mnc015.mcc234.3gppnetwork",
      "valid_from": "2026-07-19T09:43:35.345147+00:00",
      "valid_until": "2027-07-20T09:43:35.345147+00:00",
      "claims": {
        "agent_name": "RobotDog",
        "agent_id": "did:udid:type2.rid678.achid0.userid1380013811189907@6gc.mnc015.mcc234.3gppnetwork.org",
        "agent_attribute": "载重运输",
        "authorization_mode": "Mode2"
      },
      "proof": {
        "creator": "did:robotfactoryissuer@6gc.mnc015.mcc234.3gppnetwork#keys-1",
        "signature_value": "MEUCIHC4QaajM5W8AsFZFgjeJpfdjg60JADQukkx3Yy7Kjr1AiEAkMsBdbJEmgYpuJfahAkpnTZaTKWlwM+hPyNq0v8r9aQ="
      }
    },
    {
      "context": [
        "3gpp-ts-33.xxx-v20.0.0"
      ],
      "id": "robot-factory/credentials/7590",
      "type": [
        "VerifiableCredential",
        "BindingSIMCredential"
      ],
      "issuer": "did:robotfactoryissuer@6gc.mnc015.mcc234.3gppnetwork",
      "valid_from": "2026-07-19T09:43:35.345147+00:00",
      "valid_until": "2027-07-20T09:43:35.345147+00:00",
      "claims": {
        "agent_name": "RobotDog",
        "agent_id": "did:udid:type2.rid678.achid0.userid1380013811189907@6gc.mnc015.mcc234.3gppnetwork.org",
        "agent_attribute": "自主导航",
        "authorization_mode": "Mode2"
      },
      "proof": {
        "creator": "did:robotfactoryissuer@6gc.mnc015.mcc234.3gppnetwork#keys-1",
        "signature_value": "MEUCIQCPo835E4uHKaGeo8W3YTAyxpHWvi4y4qrkthHR+AcbAAIgf9bCDrZeiU6cKVBacu/3cju/+iRQNhHJTMCipiaVeb8="
      }
    },
    {
      "context": [
        "3gpp-ts-33.xxx-v20.0.0"
      ],
      "id": "robot-factory/credentials/0515",
      "type": [
        "VerifiableCredential",
        "BindingSIMCredential"
      ],
      "issuer": "did:robotfactoryissuer@6gc.mnc015.mcc234.3gppnetwork",
      "valid_from": "2026-07-19T09:43:35.345147+00:00",
      "valid_until": "2027-07-20T09:43:35.345147+00:00",
      "claims": {
        "agent_name": "RobotDog",
        "agent_id": "did:udid:type2.rid678.achid0.userid1380013811189907@6gc.mnc015.mcc234.3gppnetwork.org",
        "agent_attribute": "高清摄像",
        "authorization_mode": "Mode2"
      },
      "proof": {
        "creator": "did:robotfactoryissuer@6gc.mnc015.mcc234.3gppnetwork#keys-1",
        "signature_value": "MEYCIQCdfC4JzE1SmldE5PJXM+iuci+GBo4iqcNhrkidxcBGvgIhAL7UOIWR3k+MOldMKctudrj4s58vJWFjqvHyt6g3HGAV"
      }
    }
  ]
}
2026-07-20 17:43:35 [INFO] httpx - HTTP Request: POST http://192.168.1.10:9010/arf/v1/agent-cards "HTTP/1.1 200 OK"
2026-07-20 17:43:35 [INFO] HttpClient - HTTP response /arf/v1/agent-cards
{
  "status": "OK"
}
2026-07-20 17:43:35 [INFO] AcnSDK - Robot attribute registered. agent_id=did:udid:type2.rid678.achid0.userid1380013811189907@6gc.mnc015.mcc234.3gppnetwork.org
2026-07-20 17:43:35 [INFO] WebSocketClient - Connecting websocket to ws://192.168.1.10:9002/ws
2026-07-20 17:43:35 [INFO] WebSocketClient - Websocket connected.
2026-07-20 17:43:35 [INFO] WebSocketClient - Sending websocket payload
{
  "type": "SETUP",
  "timestamp": "2026-07-20T09:43:35Z",
  "payload": {
    "src_agent_id": "did:udid:type2.rid678.achid0.userid1380013811189907@6gc.mnc015.mcc234.3gppnetwork.org"
  }
}
2026-07-20 17:43:35 [INFO] WebSocketClient - Received websocket payload
{
  "type": "SETUP",
  "timestamp": "2026-07-20T09:43:36.862692Z",
  "payload": {
    "status": "OK"
  }
}
2026-07-20 17:43:35 [INFO] MoQClient - Connecting MoQ client role=publisher remote=192.168.1.10:9003
2026-07-20 17:43:35 [INFO] moq.pub.publisher - MOQPublisher initialized for 192.168.1.10:9003
2026-07-20 17:43:35 [INFO] moq.pub.publisher - Connecting to relay at 192.168.1.10:9003
2026-07-20 17:43:35 [INFO] moq.transport.quic_transport - QUIC client config: congestion=cubic max_data=67108864 max_stream_data=67108864
2026-07-20 17:43:35 [INFO] moq.transport.quic_transport - Connecting to 192.168.1.10:9003
2026-07-20 17:43:35 [INFO] moq.transport.quic_transport - MOQQuicProtocol initialized
2026-07-20 17:43:35 [INFO] quic - [740650e18d9b513c] Negotiated protocol version 0x00000001 (VERSION_1)
2026-07-20 17:43:35 [INFO] quic - [740650e18d9b513c] ALPN negotiated protocol moq-00
2026-07-20 17:43:35 [INFO] moq.transport.quic_transport - QUIC connection established
2026-07-20 17:43:35 [INFO] moq.session.session - MOQSession created: session_id=pub-281473731663600, role=PUBLISHER
2026-07-20 17:43:35 [INFO] moq.session.session - Sent SETUP: version=4278190097, role=PUBLISHER
2026-07-20 17:43:35 [INFO] moq.pub.publisher - Connected to relay
2026-07-20 17:43:35 [INFO] MoQClient - MoQ publisher connected to relay
2026-07-20 17:43:35 [INFO] MoQClient - MoQ client connected role=publisher remote=192.168.1.10:9003
2026-07-20 17:43:35 [INFO] MoQClient - Connecting MoQ client role=subscriber remote=192.168.1.10:9003
2026-07-20 17:43:35 [INFO] moq.sub.subscriber - MOQSubscriber initialized for 192.168.1.10:9003
2026-07-20 17:43:35 [INFO] moq.sub.subscriber - Connecting to relay at 192.168.1.10:9003
2026-07-20 17:43:35 [INFO] moq.transport.quic_transport - QUIC client config: congestion=cubic max_data=67108864 max_stream_data=67108864
2026-07-20 17:43:35 [INFO] moq.transport.quic_transport - Connecting to 192.168.1.10:9003
2026-07-20 17:43:35 [INFO] moq.transport.quic_transport - MOQQuicProtocol initialized
2026-07-20 17:43:35 [INFO] quic - [e5c4bd5f2d7aff30] Negotiated protocol version 0x00000001 (VERSION_1)
2026-07-20 17:43:35 [INFO] quic - [e5c4bd5f2d7aff30] ALPN negotiated protocol moq-00
2026-07-20 17:43:35 [INFO] moq.transport.quic_transport - QUIC connection established
2026-07-20 17:43:35 [INFO] moq.session.session - MOQSession created: session_id=sub-281473731671952, role=SUBSCRIBER
2026-07-20 17:43:35 [INFO] moq.session.session - Sent SETUP: version=4278190097, role=SUBSCRIBER
2026-07-20 17:43:35 [INFO] moq.sub.subscriber - Connected to relay
2026-07-20 17:43:35 [INFO] MoQClient - MoQ subscriber connected to relay
2026-07-20 17:43:35 [INFO] MoQClient - MoQ client connected role=subscriber remote=192.168.1.10:9003
2026-07-20 17:43:35 [INFO] AcnSDK - Background network listener started.
2026-07-20 17:43:35 [INFO] AcnSDK - Network join successful for agent_id=did:udid:type2.rid678.achid0.userid1380013811189907@6gc.mnc015.mcc234.3gppnetwork.org
2026-07-20 17:43:35 [INFO] AcnSDK - Queried local agent info agent_id=did:udid:type2.rid678.achid0.userid1380013811189907@6gc.mnc015.mcc234.3gppnetwork.org
2026-07-20 17:43:35 [INFO] HttpClient - HTTP POST http://192.168.1.10:9010/acn-agent/v1/owner-agents
{
  "owner": "13800138111"
}
2026-07-20 17:43:35 [INFO] httpx - HTTP Request: POST http://192.168.1.10:9010/acn-agent/v1/owner-agents "HTTP/1.1 200 OK"
2026-07-20 17:43:35 [INFO] HttpClient - HTTP response /acn-agent/v1/owner-agents
{
  "owner": "13800138111",
  "total": 1,
  "agents": [
    {
      "agent_id": "did:udid:type2.rid678.achid0.userid1380013811189907@6gc.mnc015.mcc234.3gppnetwork.org",
      "agent_name": "RobotDog",
      "description": "RobotDogModel, SN654321"
    }
  ]
}
2026-07-20 17:43:35 [INFO] AcnSDK - Queried agent list owner=13800138111
2026-07-20 17:46:42 [INFO] WebSocketClient - Received websocket payload
{
  "type": "TASK_REQUEST_COLLABORATION",
  "timestamp": "2026-07-20T09:46:43.398503Z",
  "payload": {
    "src_agent_id": "did:udid:type2.rid678.achid0.userid+861380013800015583@6gc.mnc015.mcc234.3gppnetwork.org",
    "dst_agent_id": "did:udid:type2.rid678.achid0.userid1380013811189907@6gc.mnc015.mcc234.3gppnetwork.org",
    "task_id": "task-12345",
    "task_description": "Collaboration task",
    "agent_card": {
      "agent_id": "did:udid:type2.rid678.achid0.userid+861380013800015583@6gc.mnc015.mcc234.3gppnetwork.org",
      "agent_name": "AR glasses",
      "skill": [
        "6G业务开通",
        "视觉共享",
        "远程操控"
      ]
    },
    "timestamp": "2026-07-20T09:46:43.398503Z"
  }
}
2026-07-20 17:46:42 [INFO] AcnSDK - Handling network message type=TASK_REQUEST_COLLABORATION payload=
{
  "src_agent_id": "did:udid:type2.rid678.achid0.userid+861380013800015583@6gc.mnc015.mcc234.3gppnetwork.org",
  "dst_agent_id": "did:udid:type2.rid678.achid0.userid1380013811189907@6gc.mnc015.mcc234.3gppnetwork.org",
  "task_id": "task-12345",
  "task_description": "Collaboration task",
  "agent_card": {
    "agent_id": "did:udid:type2.rid678.achid0.userid+861380013800015583@6gc.mnc015.mcc234.3gppnetwork.org",
    "agent_name": "AR glasses",
    "skill": [
      "6G业务开通",
      "视觉共享",
      "远程操控"
    ]
  },
  "timestamp": "2026-07-20T09:46:43.398503Z"
}
2026-07-20 17:46:42 [INFO] WebSocketClient - Sending websocket payload
{
  "type": "TASK_ACCEPT_COLLABORATION",
  "timestamp": "2026-07-20T09:46:42Z",
  "payload": {
    "src_agent_id": "did:udid:type2.rid678.achid0.userid1380013811189907@6gc.mnc015.mcc234.3gppnetwork.org",
    "dst_agent_id": "did:udid:type2.rid678.achid0.userid+861380013800015583@6gc.mnc015.mcc234.3gppnetwork.org",
    "task_id": "task-12345",
    "result": "OK"
  }
}
2026-07-20 17:46:42 [INFO] AcnSDK - Task collaboration accepted. task_id=task-12345 dst_agent_id=did:udid:type2.rid678.achid0.userid+861380013800015583@6gc.mnc015.mcc234.3gppnetwork.org
2026-07-20 17:46:42 [INFO] WebSocketClient - Received websocket payload
{
  "type": "START_TASK",
  "timestamp": "2026-07-20T09:46:43Z",
  "payload": {
    "src_agent_id": "did:udid:type2.rid678.achid0.userid+861380013800015583@6gc.mnc015.mcc234.3gppnetwork.org",
    "dst_agent_id": "did:udid:type2.rid678.achid0.userid1380013811189907@6gc.mnc015.mcc234.3gppnetwork.org",
    "task_id": "task-12345",
    "task_description": "协同任务"
  }
}
2026-07-20 17:46:42 [INFO] AcnSDK - Handling network message type=START_TASK payload=
{
  "src_agent_id": "did:udid:type2.rid678.achid0.userid+861380013800015583@6gc.mnc015.mcc234.3gppnetwork.org",
  "dst_agent_id": "did:udid:type2.rid678.achid0.userid1380013811189907@6gc.mnc015.mcc234.3gppnetwork.org",
  "task_id": "task-12345",
  "task_description": "协同任务"
}
2026-07-20 17:46:42 [INFO] HttpClient - HTTP POST http://192.168.1.10:9010/acn-agent/v1/task-executions
{
  "agent_id": "did:udid:type2.rid678.achid0.userid1380013811189907@6gc.mnc015.mcc234.3gppnetwork.org",
  "task_id": "task-12345",
  "description": "协同任务",
  "timestamp": "2026-07-20T09:46:42Z"
}
2026-07-20 17:46:42 [INFO] httpx - HTTP Request: POST http://192.168.1.10:9010/acn-agent/v1/task-executions "HTTP/1.1 200 OK"
2026-07-20 17:46:42 [INFO] HttpClient - HTTP response /acn-agent/v1/task-executions
{
  "status": "OK"
}
2026-07-20 17:46:42 [INFO] AcnSDK - Task execution requested. task_id=task-12345
2026-07-20 17:47:50 [INFO] WebSocketClient - Received websocket payload
{
  "type": "TASK_REQUEST_COLLABORATION",
  "timestamp": "2026-07-20T09:47:51.533520Z",
  "payload": {
    "src_agent_id": "did:udid:type2.rid678.achid0.userid+861380013800015583@6gc.mnc015.mcc234.3gppnetwork.org",
    "dst_agent_id": "did:udid:type2.rid678.achid0.userid1380013811189907@6gc.mnc015.mcc234.3gppnetwork.org",
    "task_id": "task-12345",
    "task_description": "Collaboration task",
    "agent_card": {
      "agent_id": "did:udid:type2.rid678.achid0.userid+861380013800015583@6gc.mnc015.mcc234.3gppnetwork.org",
      "agent_name": "AR glasses",
      "skill": [
        "6G业务开通",
        "视觉共享",
        "远程操控"
      ]
    },
    "timestamp": "2026-07-20T09:47:51.533520Z"
  }
}
2026-07-20 17:47:50 [INFO] AcnSDK - Handling network message type=TASK_REQUEST_COLLABORATION payload=
{
  "src_agent_id": "did:udid:type2.rid678.achid0.userid+861380013800015583@6gc.mnc015.mcc234.3gppnetwork.org",
  "dst_agent_id": "did:udid:type2.rid678.achid0.userid1380013811189907@6gc.mnc015.mcc234.3gppnetwork.org",
  "task_id": "task-12345",
  "task_description": "Collaboration task",
  "agent_card": {
    "agent_id": "did:udid:type2.rid678.achid0.userid+861380013800015583@6gc.mnc015.mcc234.3gppnetwork.org",
    "agent_name": "AR glasses",
    "skill": [
      "6G业务开通",
      "视觉共享",
      "远程操控"
    ]
  },
  "timestamp": "2026-07-20T09:47:51.533520Z"
}
2026-07-20 17:47:50 [INFO] WebSocketClient - Sending websocket payload
{
  "type": "TASK_ACCEPT_COLLABORATION",
  "timestamp": "2026-07-20T09:47:50Z",
  "payload": {
    "src_agent_id": "did:udid:type2.rid678.achid0.userid1380013811189907@6gc.mnc015.mcc234.3gppnetwork.org",
    "dst_agent_id": "did:udid:type2.rid678.achid0.userid+861380013800015583@6gc.mnc015.mcc234.3gppnetwork.org",
    "task_id": "task-12345",
    "result": "OK"
  }
}
2026-07-20 17:47:50 [INFO] AcnSDK - Task collaboration accepted. task_id=task-12345 dst_agent_id=did:udid:type2.rid678.achid0.userid+861380013800015583@6gc.mnc015.mcc234.3gppnetwork.org
2026-07-20 17:47:50 [INFO] WebSocketClient - Received websocket payload
{
  "type": "START_TASK",
  "timestamp": "2026-07-20T09:47:51Z",
  "payload": {
    "src_agent_id": "did:udid:type2.rid678.achid0.userid+861380013800015583@6gc.mnc015.mcc234.3gppnetwork.org",
    "dst_agent_id": "did:udid:type2.rid678.achid0.userid1380013811189907@6gc.mnc015.mcc234.3gppnetwork.org",
    "task_id": "task-12345",
    "task_description": "协同任务"
  }
}
2026-07-20 17:47:50 [INFO] AcnSDK - Handling network message type=START_TASK payload=
{
  "src_agent_id": "did:udid:type2.rid678.achid0.userid+861380013800015583@6gc.mnc015.mcc234.3gppnetwork.org",
  "dst_agent_id": "did:udid:type2.rid678.achid0.userid1380013811189907@6gc.mnc015.mcc234.3gppnetwork.org",
  "task_id": "task-12345",
  "task_description": "协同任务"
}
2026-07-20 17:47:50 [INFO] HttpClient - HTTP POST http://192.168.1.10:9010/acn-agent/v1/task-executions
{
  "agent_id": "did:udid:type2.rid678.achid0.userid1380013811189907@6gc.mnc015.mcc234.3gppnetwork.org",
  "task_id": "task-12345",
  "description": "协同任务",
  "timestamp": "2026-07-20T09:47:50Z"
}
2026-07-20 17:47:50 [INFO] httpx - HTTP Request: POST http://192.168.1.10:9010/acn-agent/v1/task-executions "HTTP/1.1 200 OK"
2026-07-20 17:47:50 [INFO] HttpClient - HTTP response /acn-agent/v1/task-executions
{
  "status": "OK"
}
2026-07-20 17:47:50 [INFO] AcnSDK - Task execution requested. task_id=task-12345
2026-07-20 17:48:44 [INFO] WebSocketClient - Received websocket payload
{
  "type": "TASK_TERMINATION",
  "timestamp": "2026-07-20T09:48:45.201837Z",
  "payload": {
    "src_agent_id": "did:udid:type2.rid678.achid0.userid+861380013800015583@6gc.mnc015.mcc234.3gppnetwork.org",
    "task_id": "task-12345",
    "task_description": "任务结束"
  }
}
2026-07-20 17:48:44 [INFO] AcnSDK - Handling network message type=TASK_TERMINATION payload=
{
  "src_agent_id": "did:udid:type2.rid678.achid0.userid+861380013800015583@6gc.mnc015.mcc234.3gppnetwork.org",
  "task_id": "task-12345",
  "task_description": "任务结束"
}
2026-07-20 17:48:44 [INFO] HttpClient - HTTP POST http://192.168.1.10:9010/acn-agent/v1/task-execution-terminations
{
  "agent_id": "did:udid:type2.rid678.achid0.userid1380013811189907@6gc.mnc015.mcc234.3gppnetwork.org",
  "task_id": "task-12345",
  "reason": "",
  "timestamp": "2026-07-20T09:48:44Z",
  "force": false
}
2026-07-20 17:48:44 [INFO] httpx - HTTP Request: POST http://192.168.1.10:9010/acn-agent/v1/task-execution-terminations "HTTP/1.1 200 OK"
2026-07-20 17:48:44 [INFO] HttpClient - HTTP response /acn-agent/v1/task-execution-terminations
{
  "status": "OK"
}
2026-07-20 17:48:44 [INFO] AcnSDK - Task termination requested. task_id=task-12345
2026-07-20 17:50:59 [INFO] WebSocketClient - Received websocket payload
{
  "type": "CLEAR",
  "timestamp": "2026-07-20T09:51:00.008477Z",
  "payload": {}
}
2026-07-20 17:50:59 [INFO] AcnSDK - Handling network message type=CLEAR payload=
{}
2026-07-20 17:50:59 [INFO] IdentityManager - Clearing identity state.
2026-07-20 17:50:59 [INFO] IdentityManager - Persisted identity state: {'agent_id': None, 'vc0': None, 'capability_names': [], 'capability_vcs': [], 'agent_name': None, 'owner': None, 'priority': None, 'metadata': {}}
2026-07-20 17:50:59 [INFO] WebSocketClient - Disconnecting websocket from ws://192.168.1.10:9002/ws
2026-07-20 17:50:59 [INFO] MoQClient - Disconnecting MoQ client role=publisher remote=192.168.1.10:9003
2026-07-20 17:50:59 [INFO] moq.session.session - Closing session: pub-281473731663600
2026-07-20 17:50:59 [INFO] quic - [740650e18d9b513c] Connection close sent (code 0x0, reason )
2026-07-20 17:50:59 [INFO] moq.transport.quic_transport - QUIC connection closed
2026-07-20 17:50:59 [INFO] MoQClient - MoQ client disconnected role=publisher remote=192.168.1.10:9003
2026-07-20 17:50:59 [INFO] MoQClient - Disconnecting MoQ client role=subscriber remote=192.168.1.10:9003
2026-07-20 17:50:59 [INFO] moq.session.session - Closing session: sub-281473731671952
2026-07-20 17:50:59 [INFO] quic - [e5c4bd5f2d7aff30] Connection close sent (code 0x0, reason )
2026-07-20 17:50:59 [INFO] moq.transport.quic_transport - QUIC connection closed
2026-07-20 17:50:59 [INFO] MoQClient - MoQ client disconnected role=subscriber remote=192.168.1.10:9003
2026-07-20 17:50:59 [INFO] TaskManager - Stopping all tasks: []
2026-07-20 17:50:59 [INFO] AcnSDK - Network state changed to offline
2026-07-20 17:54:23 [INFO] AcnSDK - Cleared identity cache file: /home/unitree/zxy/imt/acn_sdk/data/identity.json
2026-07-20 17:54:23 [INFO] AcnSDK - AcnSDK initialized for agent=RobotDog, network_status=offline
2026-07-20 17:54:23 [INFO] AcnSDK - SDK network endpoints acn_agent=9010 ws=9002 moq=9003 web_ui=9005
2026-07-20 17:54:23 [INFO] IdentityManager - Persisted identity state: {'agent_id': None, 'vc0': None, 'capability_names': [], 'capability_vcs': [], 'agent_name': None, 'owner': None, 'priority': None, 'metadata': {}}
2026-07-20 17:55:31 [INFO] AcnSDK - Cleared identity cache file: /home/unitree/zxy/imt/acn_sdk/data/identity.json
2026-07-20 17:55:31 [INFO] AcnSDK - AcnSDK initialized for agent=RobotDog, network_status=offline
2026-07-20 17:55:31 [INFO] AcnSDK - SDK network endpoints acn_agent=9010 ws=9002 moq=9003 web_ui=9005
2026-07-20 17:55:31 [INFO] HttpClient - HTTP POST http://192.168.1.10:9010/idm/v1/identity-applications
{
  "owner": "13800138111",
  "name": "RobotDog",
  "public_key": "-----BEGIN PUBLIC KEY-----\nMFkwEwYHKoZIzj0CAQYIKoZIzj0DAQcDQgAEjNqmCmtuP9IpEQb88DZmbN0nfAMT\nu0mALPHBfC+5PQSKfmfgFQoiv30y7MZCB4iQHIEf4S7+dHY/x6KK0s6Dfw==\n-----END PUBLIC KEY-----\n",
  "description": "RobotDogModel, SN654321",
  "timestamp": "2026-07-20T09:55:31Z",
  "metadata": {
    "region": "CN",
    "role": "collaborator"
  },
  "signature": "MEUCIHEaMYpT8GiYaAWXSKAc4g6kJc3TOgP6OqR7SPio3vf9AiEAtg0fr2VHSRlvA/hGX4qs2/APg9zgaMoOY2x0E8i4aG4=",
  "signature_encoding": "base64"
}
2026-07-20 17:55:32 [INFO] httpx - HTTP Request: POST http://192.168.1.10:9010/idm/v1/identity-applications "HTTP/1.1 200 OK"
2026-07-20 17:55:32 [INFO] HttpClient - HTTP response /idm/v1/identity-applications
{
  "result": "success",
  "agent_id": "did:udid:type2.rid678.achid0.userid1380013811169706@6gc.mnc015.mcc234.3gppnetwork.org",
  "vc0": {
    "context": [
      "3gpp-ts-33.xxx-v20.0.0"
    ],
    "id": "CMCC/credentials/9978",
    "type": [
      "VerifiableCredential",
      "BindingSIMCredential"
    ],
    "issuer": "did:udid:idm@6gc.mnc015.mcc234.3gppnetwork.org",
    "valid_from": "2026-07-20T09:55:33Z",
    "valid_until": "2027-07-20T09:55:33Z",
    "claims": {
      "agent_name": "RobotDog",
      "agent_id": "did:udid:type2.rid678.achid0.userid1380013811169706@6gc.mnc015.mcc234.3gppnetwork.org",
      "agent_attribute": "6G业务开通",
      "master_id": "type0.rid678.schid0.userid1userid20001@6gc0001@6gc.mnc015.mcc234.3gppnetwork.org",
      "self_id": "type0.rid678.schid0..mnc015.mcc234.3gppnetwork.org"
    },
    "proof": {
      "creator": "did:udid:idm@6gc.mnc015.mcc234.3gppnetwork.org#keys-1",
      "signature_value": "MEYCIQCE9tqEeAdy+qhdG7gYrKgkakQN0bO+BU3NOcmbh5KfAwIhAIAZ32n/qMPQSCHnF248PjPna60JRUeALT4P7oAEw19w"
    }
  }
}
2026-07-20 17:55:32 [INFO] IdentityManager - Persisted identity state: {'agent_id': 'did:udid:type2.rid678.achid0.userid1380013811169706@6gc.mnc015.mcc234.3gppnetwork.org', 'vc0': {'context': ['3gpp-ts-33.xxx-v20.0.0'], 'id': 'CMCC/credentials/9978', 'type': ['VerifiableCredential', 'BindingSIMCredential'], 'issuer': 'did:udid:idm@6gc.mnc015.mcc234.3gppnetwork.org', 'valid_from': '2026-07-20T09:55:33Z', 'valid_until': '2027-07-20T09:55:33Z', 'claims': {'agent_name': 'RobotDog', 'agent_id': 'did:udid:type2.rid678.achid0.userid1380013811169706@6gc.mnc015.mcc234.3gppnetwork.org', 'agent_attribute': '6G业务开通', 'master_id': 'type0.rid678.schid0.userid1userid20001@6gc0001@6gc.mnc015.mcc234.3gppnetwork.org', 'self_id': 'type0.rid678.schid0..mnc015.mcc234.3gppnetwork.org'}, 'proof': {'creator': 'did:udid:idm@6gc.mnc015.mcc234.3gppnetwork.org#keys-1', 'signature_value': 'MEYCIQCE9tqEeAdy+qhdG7gYrKgkakQN0bO+BU3NOcmbh5KfAwIhAIAZ32n/qMPQSCHnF248PjPna60JRUeALT4P7oAEw19w'}}, 'capability_names': [], 'capability_vcs': [], 'agent_name': 'RobotDog', 'owner': '13800138111', 'priority': 4, 'metadata': {'region': 'CN', 'role': 'collaborator'}}
2026-07-20 17:55:32 [INFO] AcnSDK - Agent registered. agent_id=did:udid:type2.rid678.achid0.userid1380013811169706@6gc.mnc015.mcc234.3gppnetwork.org
2026-07-20 17:55:32 [INFO] CredentialIssuer - Issued capability VCs: [{'context': ['3gpp-ts-33.xxx-v20.0.0'], 'id': 'robot-factory/credentials/9054', 'type': ['VerifiableCredential', 'BindingSIMCredential'], 'issuer': 'did:robotfactoryissuer@6gc.mnc015.mcc234.3gppnetwork', 'valid_from': '2026-07-19T09:55:32.109145+00:00', 'valid_until': '2027-07-20T09:55:32.109145+00:00', 'claims': {'agent_name': 'RobotDog', 'agent_id': 'did:udid:type2.rid678.achid0.userid1380013811169706@6gc.mnc015.mcc234.3gppnetwork.org', 'agent_attribute': '载重运输', 'authorization_mode': 'Mode2'}, 'proof': {'creator': 'did:robotfactoryissuer@6gc.mnc015.mcc234.3gppnetwork#keys-1', 'signature_value': 'MEQCIEx2aiEu/HAbWU0xQPsfkqIULzvdG7FOm87E2KlMeashAiBT2UFicwm/XkCj7Fy0nEjdxc0gs0V7jKfoTcNkXHRGrg=='}}, {'context': ['3gpp-ts-33.xxx-v20.0.0'], 'id': 'robot-factory/credentials/3055', 'type': ['VerifiableCredential', 'BindingSIMCredential'], 'issuer': 'did:robotfactoryissuer@6gc.mnc015.mcc234.3gppnetwork', 'valid_from': '2026-07-19T09:55:32.109145+00:00', 'valid_until': '2027-07-20T09:55:32.109145+00:00', 'claims': {'agent_name': 'RobotDog', 'agent_id': 'did:udid:type2.rid678.achid0.userid1380013811169706@6gc.mnc015.mcc234.3gppnetwork.org', 'agent_attribute': '自主导航', 'authorization_mode': 'Mode2'}, 'proof': {'creator': 'did:robotfactoryissuer@6gc.mnc015.mcc234.3gppnetwork#keys-1', 'signature_value': 'MEUCIQDC7uKX1dMp+/ge8n/Ym20jfF9e3QXG/tv25F88YzR+8gIgStDepVf/i5E8VPeSEBFtH93yaNmY+p9DMw5rondVF64='}}, {'context': ['3gpp-ts-33.xxx-v20.0.0'], 'id': 'robot-factory/credentials/0859', 'type': ['VerifiableCredential', 'BindingSIMCredential'], 'issuer': 'did:robotfactoryissuer@6gc.mnc015.mcc234.3gppnetwork', 'valid_from': '2026-07-19T09:55:32.109145+00:00', 'valid_until': '2027-07-20T09:55:32.109145+00:00', 'claims': {'agent_name': 'RobotDog', 'agent_id': 'did:udid:type2.rid678.achid0.userid1380013811169706@6gc.mnc015.mcc234.3gppnetwork.org', 'agent_attribute': '高清摄像', 'authorization_mode': 'Mode2'}, 'proof': {'creator': 'did:robotfactoryissuer@6gc.mnc015.mcc234.3gppnetwork#keys-1', 'signature_value': 'MEQCIG6d/IuraWa60EXA/fugAGtNuLbY7UhKUhjecpCG2OQ2AiBTebbv62oVg/McJhNjyxfrwAt/BYW5BXitSknRivFbXw=='}}]
2026-07-20 17:55:32 [INFO] IdentityManager - Persisted identity state: {'agent_id': 'did:udid:type2.rid678.achid0.userid1380013811169706@6gc.mnc015.mcc234.3gppnetwork.org', 'vc0': {'context': ['3gpp-ts-33.xxx-v20.0.0'], 'id': 'CMCC/credentials/9978', 'type': ['VerifiableCredential', 'BindingSIMCredential'], 'issuer': 'did:udid:idm@6gc.mnc015.mcc234.3gppnetwork.org', 'valid_from': '2026-07-20T09:55:33Z', 'valid_until': '2027-07-20T09:55:33Z', 'claims': {'agent_name': 'RobotDog', 'agent_id': 'did:udid:type2.rid678.achid0.userid1380013811169706@6gc.mnc015.mcc234.3gppnetwork.org', 'agent_attribute': '6G业务开通', 'master_id': 'type0.rid678.schid0.userid1userid20001@6gc0001@6gc.mnc015.mcc234.3gppnetwork.org', 'self_id': 'type0.rid678.schid0..mnc015.mcc234.3gppnetwork.org'}, 'proof': {'creator': 'did:udid:idm@6gc.mnc015.mcc234.3gppnetwork.org#keys-1', 'signature_value': 'MEYCIQCE9tqEeAdy+qhdG7gYrKgkakQN0bO+BU3NOcmbh5KfAwIhAIAZ32n/qMPQSCHnF248PjPna60JRUeALT4P7oAEw19w'}}, 'capability_names': ['载重运输', '自主导航', '高清摄像'], 'capability_vcs': [{'context': ['3gpp-ts-33.xxx-v20.0.0'], 'id': 'robot-factory/credentials/9054', 'type': ['VerifiableCredential', 'BindingSIMCredential'], 'issuer': 'did:robotfactoryissuer@6gc.mnc015.mcc234.3gppnetwork', 'valid_from': '2026-07-19T09:55:32.109145+00:00', 'valid_until': '2027-07-20T09:55:32.109145+00:00', 'claims': {'agent_name': 'RobotDog', 'agent_id': 'did:udid:type2.rid678.achid0.userid1380013811169706@6gc.mnc015.mcc234.3gppnetwork.org', 'agent_attribute': '载重运输', 'authorization_mode': 'Mode2'}, 'proof': {'creator': 'did:robotfactoryissuer@6gc.mnc015.mcc234.3gppnetwork#keys-1', 'signature_value': 'MEQCIEx2aiEu/HAbWU0xQPsfkqIULzvdG7FOm87E2KlMeashAiBT2UFicwm/XkCj7Fy0nEjdxc0gs0V7jKfoTcNkXHRGrg=='}}, {'context': ['3gpp-ts-33.xxx-v20.0.0'], 'id': 'robot-factory/credentials/3055', 'type': ['VerifiableCredential', 'BindingSIMCredential'], 'issuer': 'did:robotfactoryissuer@6gc.mnc015.mcc234.3gppnetwork', 'valid_from': '2026-07-19T09:55:32.109145+00:00', 'valid_until': '2027-07-20T09:55:32.109145+00:00', 'claims': {'agent_name': 'RobotDog', 'agent_id': 'did:udid:type2.rid678.achid0.userid1380013811169706@6gc.mnc015.mcc234.3gppnetwork.org', 'agent_attribute': '自主导航', 'authorization_mode': 'Mode2'}, 'proof': {'creator': 'did:robotfactoryissuer@6gc.mnc015.mcc234.3gppnetwork#keys-1', 'signature_value': 'MEUCIQDC7uKX1dMp+/ge8n/Ym20jfF9e3QXG/tv25F88YzR+8gIgStDepVf/i5E8VPeSEBFtH93yaNmY+p9DMw5rondVF64='}}, {'context': ['3gpp-ts-33.xxx-v20.0.0'], 'id': 'robot-factory/credentials/0859', 'type': ['VerifiableCredential', 'BindingSIMCredential'], 'issuer': 'did:robotfactoryissuer@6gc.mnc015.mcc234.3gppnetwork', 'valid_from': '2026-07-19T09:55:32.109145+00:00', 'valid_until': '2027-07-20T09:55:32.109145+00:00', 'claims': {'agent_name': 'RobotDog', 'agent_id': 'did:udid:type2.rid678.achid0.userid1380013811169706@6gc.mnc015.mcc234.3gppnetwork.org', 'agent_attribute': '高清摄像', 'authorization_mode': 'Mode2'}, 'proof': {'creator': 'did:robotfactoryissuer@6gc.mnc015.mcc234.3gppnetwork#keys-1', 'signature_value': 'MEQCIG6d/IuraWa60EXA/fugAGtNuLbY7UhKUhjecpCG2OQ2AiBTebbv62oVg/McJhNjyxfrwAt/BYW5BXitSknRivFbXw=='}}], 'agent_name': 'RobotDog', 'owner': '13800138111', 'priority': 4, 'metadata': {'region': 'CN', 'role': 'collaborator'}}
2026-07-20 17:55:32 [INFO] HttpClient - HTTP POST http://192.168.1.10:9010/arf/v1/agent-cards
{
  "agent_id": "did:udid:type2.rid678.achid0.userid1380013811169706@6gc.mnc015.mcc234.3gppnetwork.org",
  "priority": 4,
  "timestamp": "2026-07-20T09:55:32Z",
  "signature": "MEYCIQCxdyEfM4WWjmdm4jWmR3RYt2onlXsi8kOolMRR/vFyNQIhAMRCGJSpuhjHcIZRjmlZC8nClDAioo/lDfvpDb6Uwbl+",
  "signature_encoding": "base64",
  "vc_list": [
    {
      "context": [
        "3gpp-ts-33.xxx-v20.0.0"
      ],
      "id": "CMCC/credentials/9978",
      "type": [
        "VerifiableCredential",
        "BindingSIMCredential"
      ],
      "issuer": "did:udid:idm@6gc.mnc015.mcc234.3gppnetwork.org",
      "valid_from": "2026-07-20T09:55:33Z",
      "valid_until": "2027-07-20T09:55:33Z",
      "claims": {
        "agent_name": "RobotDog",
        "agent_id": "did:udid:type2.rid678.achid0.userid1380013811169706@6gc.mnc015.mcc234.3gppnetwork.org",
        "agent_attribute": "6G业务开通",
        "master_id": "type0.rid678.schid0.userid1userid20001@6gc0001@6gc.mnc015.mcc234.3gppnetwork.org",
        "self_id": "type0.rid678.schid0..mnc015.mcc234.3gppnetwork.org"
      },
      "proof": {
        "creator": "did:udid:idm@6gc.mnc015.mcc234.3gppnetwork.org#keys-1",
        "signature_value": "MEYCIQCE9tqEeAdy+qhdG7gYrKgkakQN0bO+BU3NOcmbh5KfAwIhAIAZ32n/qMPQSCHnF248PjPna60JRUeALT4P7oAEw19w"
      }
    },
    {
      "context": [
        "3gpp-ts-33.xxx-v20.0.0"
      ],
      "id": "robot-factory/credentials/9054",
      "type": [
        "VerifiableCredential",
        "BindingSIMCredential"
      ],
      "issuer": "did:robotfactoryissuer@6gc.mnc015.mcc234.3gppnetwork",
      "valid_from": "2026-07-19T09:55:32.109145+00:00",
      "valid_until": "2027-07-20T09:55:32.109145+00:00",
      "claims": {
        "agent_name": "RobotDog",
        "agent_id": "did:udid:type2.rid678.achid0.userid1380013811169706@6gc.mnc015.mcc234.3gppnetwork.org",
        "agent_attribute": "载重运输",
        "authorization_mode": "Mode2"
      },
      "proof": {
        "creator": "did:robotfactoryissuer@6gc.mnc015.mcc234.3gppnetwork#keys-1",
        "signature_value": "MEQCIEx2aiEu/HAbWU0xQPsfkqIULzvdG7FOm87E2KlMeashAiBT2UFicwm/XkCj7Fy0nEjdxc0gs0V7jKfoTcNkXHRGrg=="
      }
    },
    {
      "context": [
        "3gpp-ts-33.xxx-v20.0.0"
      ],
      "id": "robot-factory/credentials/3055",
      "type": [
        "VerifiableCredential",
        "BindingSIMCredential"
      ],
      "issuer": "did:robotfactoryissuer@6gc.mnc015.mcc234.3gppnetwork",
      "valid_from": "2026-07-19T09:55:32.109145+00:00",
      "valid_until": "2027-07-20T09:55:32.109145+00:00",
      "claims": {
        "agent_name": "RobotDog",
        "agent_id": "did:udid:type2.rid678.achid0.userid1380013811169706@6gc.mnc015.mcc234.3gppnetwork.org",
        "agent_attribute": "自主导航",
        "authorization_mode": "Mode2"
      },
      "proof": {
        "creator": "did:robotfactoryissuer@6gc.mnc015.mcc234.3gppnetwork#keys-1",
        "signature_value": "MEUCIQDC7uKX1dMp+/ge8n/Ym20jfF9e3QXG/tv25F88YzR+8gIgStDepVf/i5E8VPeSEBFtH93yaNmY+p9DMw5rondVF64="
      }
    },
    {
      "context": [
        "3gpp-ts-33.xxx-v20.0.0"
      ],
      "id": "robot-factory/credentials/0859",
      "type": [
        "VerifiableCredential",
        "BindingSIMCredential"
      ],
      "issuer": "did:robotfactoryissuer@6gc.mnc015.mcc234.3gppnetwork",
      "valid_from": "2026-07-19T09:55:32.109145+00:00",
      "valid_until": "2027-07-20T09:55:32.109145+00:00",
      "claims": {
        "agent_name": "RobotDog",
        "agent_id": "did:udid:type2.rid678.achid0.userid1380013811169706@6gc.mnc015.mcc234.3gppnetwork.org",
        "agent_attribute": "高清摄像",
        "authorization_mode": "Mode2"
      },
      "proof": {
        "creator": "did:robotfactoryissuer@6gc.mnc015.mcc234.3gppnetwork#keys-1",
        "signature_value": "MEQCIG6d/IuraWa60EXA/fugAGtNuLbY7UhKUhjecpCG2OQ2AiBTebbv62oVg/McJhNjyxfrwAt/BYW5BXitSknRivFbXw=="
      }
    }
  ]
}
2026-07-20 17:55:32 [INFO] httpx - HTTP Request: POST http://192.168.1.10:9010/arf/v1/agent-cards "HTTP/1.1 200 OK"
2026-07-20 17:55:32 [INFO] HttpClient - HTTP response /arf/v1/agent-cards
{
  "status": "OK"
}
2026-07-20 17:55:32 [INFO] AcnSDK - Robot attribute registered. agent_id=did:udid:type2.rid678.achid0.userid1380013811169706@6gc.mnc015.mcc234.3gppnetwork.org
2026-07-20 17:55:32 [INFO] WebSocketClient - Connecting websocket to ws://192.168.1.10:9002/ws
2026-07-20 17:55:32 [INFO] WebSocketClient - Websocket connected.
2026-07-20 17:55:32 [INFO] WebSocketClient - Sending websocket payload
{
  "type": "SETUP",
  "timestamp": "2026-07-20T09:55:32Z",
  "payload": {
    "src_agent_id": "did:udid:type2.rid678.achid0.userid1380013811169706@6gc.mnc015.mcc234.3gppnetwork.org"
  }
}
2026-07-20 17:55:32 [INFO] WebSocketClient - Received websocket payload
{
  "type": "SETUP",
  "timestamp": "2026-07-20T09:55:33.459128Z",
  "payload": {
    "status": "OK"
  }
}
2026-07-20 17:55:32 [INFO] MoQClient - Connecting MoQ client role=publisher remote=192.168.1.10:9003
2026-07-20 17:55:32 [INFO] moq.pub.publisher - MOQPublisher initialized for 192.168.1.10:9003
2026-07-20 17:55:32 [INFO] moq.pub.publisher - Connecting to relay at 192.168.1.10:9003
2026-07-20 17:55:32 [INFO] moq.transport.quic_transport - QUIC client config: congestion=cubic max_data=67108864 max_stream_data=67108864
2026-07-20 17:55:32 [INFO] moq.transport.quic_transport - Connecting to 192.168.1.10:9003
2026-07-20 17:55:32 [INFO] moq.transport.quic_transport - MOQQuicProtocol initialized
2026-07-20 17:55:32 [INFO] quic - [4f7c822f680685c2] Negotiated protocol version 0x00000001 (VERSION_1)
2026-07-20 17:55:32 [INFO] quic - [4f7c822f680685c2] ALPN negotiated protocol moq-00
2026-07-20 17:55:32 [INFO] moq.transport.quic_transport - QUIC connection established
2026-07-20 17:55:32 [INFO] moq.session.session - MOQSession created: session_id=pub-281473425561376, role=PUBLISHER
2026-07-20 17:55:32 [INFO] moq.session.session - Sent SETUP: version=4278190097, role=PUBLISHER
2026-07-20 17:55:32 [INFO] moq.pub.publisher - Connected to relay
2026-07-20 17:55:32 [INFO] MoQClient - MoQ publisher connected to relay
2026-07-20 17:55:32 [INFO] MoQClient - MoQ client connected role=publisher remote=192.168.1.10:9003
2026-07-20 17:55:32 [INFO] MoQClient - Connecting MoQ client role=subscriber remote=192.168.1.10:9003
2026-07-20 17:55:32 [INFO] moq.sub.subscriber - MOQSubscriber initialized for 192.168.1.10:9003
2026-07-20 17:55:32 [INFO] moq.sub.subscriber - Connecting to relay at 192.168.1.10:9003
2026-07-20 17:55:32 [INFO] moq.transport.quic_transport - QUIC client config: congestion=cubic max_data=67108864 max_stream_data=67108864
2026-07-20 17:55:32 [INFO] moq.transport.quic_transport - Connecting to 192.168.1.10:9003
2026-07-20 17:55:32 [INFO] moq.transport.quic_transport - MOQQuicProtocol initialized
2026-07-20 17:55:32 [INFO] quic - [5b786e1420b6c475] Negotiated protocol version 0x00000001 (VERSION_1)
2026-07-20 17:55:32 [INFO] quic - [5b786e1420b6c475] ALPN negotiated protocol moq-00
2026-07-20 17:55:32 [INFO] moq.transport.quic_transport - QUIC connection established
2026-07-20 17:55:32 [INFO] moq.session.session - MOQSession created: session_id=sub-281473425569728, role=SUBSCRIBER
2026-07-20 17:55:32 [INFO] moq.session.session - Sent SETUP: version=4278190097, role=SUBSCRIBER
2026-07-20 17:55:32 [INFO] moq.sub.subscriber - Connected to relay
2026-07-20 17:55:32 [INFO] MoQClient - MoQ subscriber connected to relay
2026-07-20 17:55:32 [INFO] MoQClient - MoQ client connected role=subscriber remote=192.168.1.10:9003
2026-07-20 17:55:32 [INFO] AcnSDK - Background network listener started.
2026-07-20 17:55:32 [INFO] AcnSDK - Network join successful for agent_id=did:udid:type2.rid678.achid0.userid1380013811169706@6gc.mnc015.mcc234.3gppnetwork.org
2026-07-20 17:55:32 [INFO] AcnSDK - Queried local agent info agent_id=did:udid:type2.rid678.achid0.userid1380013811169706@6gc.mnc015.mcc234.3gppnetwork.org
2026-07-20 17:55:32 [INFO] HttpClient - HTTP POST http://192.168.1.10:9010/acn-agent/v1/owner-agents
{
  "owner": "13800138111"
}
2026-07-20 17:55:32 [INFO] httpx - HTTP Request: POST http://192.168.1.10:9010/acn-agent/v1/owner-agents "HTTP/1.1 200 OK"
2026-07-20 17:55:32 [INFO] HttpClient - HTTP response /acn-agent/v1/owner-agents
{
  "owner": "13800138111",
  "total": 1,
  "agents": [
    {
      "agent_id": "did:udid:type2.rid678.achid0.userid1380013811169706@6gc.mnc015.mcc234.3gppnetwork.org",
      "agent_name": "RobotDog",
      "description": "RobotDogModel, SN654321"
    }
  ]
}
2026-07-20 17:55:32 [INFO] AcnSDK - Queried agent list owner=13800138111
2026-07-20 17:57:18 [INFO] WebSocketClient - Received websocket payload
{
  "type": "TASK_REQUEST_COLLABORATION",
  "timestamp": "2026-07-20T09:57:19.437173Z",
  "payload": {
    "src_agent_id": "did:udid:type2.rid678.achid0.userid+861380013800096263@6gc.mnc015.mcc234.3gppnetwork.org",
    "dst_agent_id": "did:udid:type2.rid678.achid0.userid1380013811169706@6gc.mnc015.mcc234.3gppnetwork.org",
    "task_id": "task-12345",
    "task_description": "Collaboration task",
    "agent_card": {
      "agent_id": "did:udid:type2.rid678.achid0.userid+861380013800096263@6gc.mnc015.mcc234.3gppnetwork.org",
      "agent_name": "AR glasses",
      "skill": [
        "6G业务开通",
        "视觉共享",
        "远程操控"
      ]
    },
    "timestamp": "2026-07-20T09:57:19.437173Z"
  }
}
2026-07-20 17:57:18 [INFO] AcnSDK - Handling network message type=TASK_REQUEST_COLLABORATION payload=
{
  "src_agent_id": "did:udid:type2.rid678.achid0.userid+861380013800096263@6gc.mnc015.mcc234.3gppnetwork.org",
  "dst_agent_id": "did:udid:type2.rid678.achid0.userid1380013811169706@6gc.mnc015.mcc234.3gppnetwork.org",
  "task_id": "task-12345",
  "task_description": "Collaboration task",
  "agent_card": {
    "agent_id": "did:udid:type2.rid678.achid0.userid+861380013800096263@6gc.mnc015.mcc234.3gppnetwork.org",
    "agent_name": "AR glasses",
    "skill": [
      "6G业务开通",
      "视觉共享",
      "远程操控"
    ]
  },
  "timestamp": "2026-07-20T09:57:19.437173Z"
}
2026-07-20 17:57:18 [INFO] WebSocketClient - Sending websocket payload
{
  "type": "TASK_ACCEPT_COLLABORATION",
  "timestamp": "2026-07-20T09:57:18Z",
  "payload": {
    "src_agent_id": "did:udid:type2.rid678.achid0.userid1380013811169706@6gc.mnc015.mcc234.3gppnetwork.org",
    "dst_agent_id": "did:udid:type2.rid678.achid0.userid+861380013800096263@6gc.mnc015.mcc234.3gppnetwork.org",
    "task_id": "task-12345",
    "result": "OK"
  }
}
2026-07-20 17:57:18 [INFO] AcnSDK - Task collaboration accepted. task_id=task-12345 dst_agent_id=did:udid:type2.rid678.achid0.userid+861380013800096263@6gc.mnc015.mcc234.3gppnetwork.org
2026-07-20 17:57:18 [INFO] WebSocketClient - Received websocket payload
{
  "type": "START_TASK",
  "timestamp": "2026-07-20T09:57:19Z",
  "payload": {
    "src_agent_id": "did:udid:type2.rid678.achid0.userid+861380013800096263@6gc.mnc015.mcc234.3gppnetwork.org",
    "dst_agent_id": "did:udid:type2.rid678.achid0.userid1380013811169706@6gc.mnc015.mcc234.3gppnetwork.org",
    "task_id": "task-12345",
    "task_description": "协同任务"
  }
}
2026-07-20 17:57:18 [INFO] AcnSDK - Handling network message type=START_TASK payload=
{
  "src_agent_id": "did:udid:type2.rid678.achid0.userid+861380013800096263@6gc.mnc015.mcc234.3gppnetwork.org",
  "dst_agent_id": "did:udid:type2.rid678.achid0.userid1380013811169706@6gc.mnc015.mcc234.3gppnetwork.org",
  "task_id": "task-12345",
  "task_description": "协同任务"
}
2026-07-20 17:57:18 [INFO] HttpClient - HTTP POST http://192.168.1.10:9010/acn-agent/v1/task-executions
{
  "agent_id": "did:udid:type2.rid678.achid0.userid1380013811169706@6gc.mnc015.mcc234.3gppnetwork.org",
  "task_id": "task-12345",
  "description": "协同任务",
  "timestamp": "2026-07-20T09:57:18Z"
}
2026-07-20 17:57:18 [INFO] httpx - HTTP Request: POST http://192.168.1.10:9010/acn-agent/v1/task-executions "HTTP/1.1 200 OK"
2026-07-20 17:57:18 [INFO] HttpClient - HTTP response /acn-agent/v1/task-executions
{
  "status": "OK"
}
2026-07-20 17:57:18 [INFO] AcnSDK - Task execution requested. task_id=task-12345
2026-07-20 17:57:56 [INFO] WebSocketClient - Received websocket payload
{
  "type": "TASK_REQUEST_COLLABORATION",
  "timestamp": "2026-07-20T09:57:56.944422Z",
  "payload": {
    "src_agent_id": "did:udid:type2.rid678.achid0.userid+861380013800096263@6gc.mnc015.mcc234.3gppnetwork.org",
    "dst_agent_id": "did:udid:type2.rid678.achid0.userid1380013811169706@6gc.mnc015.mcc234.3gppnetwork.org",
    "task_id": "task-12345",
    "task_description": "Collaboration task",
    "agent_card": {
      "agent_id": "did:udid:type2.rid678.achid0.userid+861380013800096263@6gc.mnc015.mcc234.3gppnetwork.org",
      "agent_name": "AR glasses",
      "skill": [
        "6G业务开通",
        "视觉共享",
        "远程操控"
      ]
    },
    "timestamp": "2026-07-20T09:57:56.944422Z"
  }
}
2026-07-20 17:57:56 [INFO] AcnSDK - Handling network message type=TASK_REQUEST_COLLABORATION payload=
{
  "src_agent_id": "did:udid:type2.rid678.achid0.userid+861380013800096263@6gc.mnc015.mcc234.3gppnetwork.org",
  "dst_agent_id": "did:udid:type2.rid678.achid0.userid1380013811169706@6gc.mnc015.mcc234.3gppnetwork.org",
  "task_id": "task-12345",
  "task_description": "Collaboration task",
  "agent_card": {
    "agent_id": "did:udid:type2.rid678.achid0.userid+861380013800096263@6gc.mnc015.mcc234.3gppnetwork.org",
    "agent_name": "AR glasses",
    "skill": [
      "6G业务开通",
      "视觉共享",
      "远程操控"
    ]
  },
  "timestamp": "2026-07-20T09:57:56.944422Z"
}
2026-07-20 17:57:56 [INFO] WebSocketClient - Sending websocket payload
{
  "type": "TASK_ACCEPT_COLLABORATION",
  "timestamp": "2026-07-20T09:57:56Z",
  "payload": {
    "src_agent_id": "did:udid:type2.rid678.achid0.userid1380013811169706@6gc.mnc015.mcc234.3gppnetwork.org",
    "dst_agent_id": "did:udid:type2.rid678.achid0.userid+861380013800096263@6gc.mnc015.mcc234.3gppnetwork.org",
    "task_id": "task-12345",
    "result": "OK"
  }
}
2026-07-20 17:57:56 [INFO] AcnSDK - Task collaboration accepted. task_id=task-12345 dst_agent_id=did:udid:type2.rid678.achid0.userid+861380013800096263@6gc.mnc015.mcc234.3gppnetwork.org
2026-07-20 17:57:56 [INFO] WebSocketClient - Received websocket payload
{
  "type": "START_TASK",
  "timestamp": "2026-07-20T09:57:56Z",
  "payload": {
    "src_agent_id": "did:udid:type2.rid678.achid0.userid+861380013800096263@6gc.mnc015.mcc234.3gppnetwork.org",
    "dst_agent_id": "did:udid:type2.rid678.achid0.userid1380013811169706@6gc.mnc015.mcc234.3gppnetwork.org",
    "task_id": "task-12345",
    "task_description": "协同任务"
  }
}
2026-07-20 17:57:56 [INFO] AcnSDK - Handling network message type=START_TASK payload=
{
  "src_agent_id": "did:udid:type2.rid678.achid0.userid+861380013800096263@6gc.mnc015.mcc234.3gppnetwork.org",
  "dst_agent_id": "did:udid:type2.rid678.achid0.userid1380013811169706@6gc.mnc015.mcc234.3gppnetwork.org",
  "task_id": "task-12345",
  "task_description": "协同任务"
}
2026-07-20 17:57:56 [INFO] HttpClient - HTTP POST http://192.168.1.10:9010/acn-agent/v1/task-executions
{
  "agent_id": "did:udid:type2.rid678.achid0.userid1380013811169706@6gc.mnc015.mcc234.3gppnetwork.org",
  "task_id": "task-12345",
  "description": "协同任务",
  "timestamp": "2026-07-20T09:57:56Z"
}
2026-07-20 17:57:56 [INFO] httpx - HTTP Request: POST http://192.168.1.10:9010/acn-agent/v1/task-executions "HTTP/1.1 200 OK"
2026-07-20 17:57:56 [INFO] HttpClient - HTTP response /acn-agent/v1/task-executions
{
  "status": "OK"
}
2026-07-20 17:57:56 [INFO] AcnSDK - Task execution requested. task_id=task-12345
2026-07-21 09:17:14 [INFO] AcnSDK - Cleared identity cache file: /home/unitree/zxy/imt/acn_sdk/data/identity.json
2026-07-21 09:17:14 [INFO] AcnSDK - AcnSDK initialized for agent=RobotDog, network_status=offline
2026-07-21 09:17:14 [INFO] AcnSDK - SDK network endpoints acn_agent=9010 ws=9002 moq=9003 web_ui=9005
2026-07-21 09:17:14 [INFO] HttpClient - HTTP POST http://192.168.1.10:9010/idm/v1/identity-applications
{
  "owner": "13800138111",
  "name": "RobotDog",
  "public_key": "-----BEGIN PUBLIC KEY-----\nMFkwEwYHKoZIzj0CAQYIKoZIzj0DAQcDQgAEjNqmCmtuP9IpEQb88DZmbN0nfAMT\nu0mALPHBfC+5PQSKfmfgFQoiv30y7MZCB4iQHIEf4S7+dHY/x6KK0s6Dfw==\n-----END PUBLIC KEY-----\n",
  "description": "RobotDogModel, SN654321",
  "timestamp": "2026-07-21T01:17:14Z",
  "metadata": {
    "region": "CN",
    "role": "collaborator"
  },
  "signature": "MEQCIGILlDb66H+ZK2VOF9honTLb7urR46I7mFREADWdAYzPAiBdKKGF/+Pn+xj+Cc46yUlAxO68chVNnHpipqN4yX82dw==",
  "signature_encoding": "base64"
}
2026-07-21 09:17:15 [INFO] httpx - HTTP Request: POST http://192.168.1.10:9010/idm/v1/identity-applications "HTTP/1.1 200 OK"
2026-07-21 09:17:15 [INFO] HttpClient - HTTP response /idm/v1/identity-applications
{
  "result": "success",
  "agent_id": "did:udid:type2.rid678.achid0.userid1380013811127392@6gc.mnc015.mcc234.3gppnetwork.org",
  "vc0": {
    "context": [
      "3gpp-ts-33.xxx-v20.0.0"
    ],
    "id": "CMCC/credentials/3005",
    "type": [
      "VerifiableCredential",
      "BindingSIMCredential"
    ],
    "issuer": "did:udid:idm@6gc.mnc015.mcc234.3gppnetwork.org",
    "valid_from": "2026-07-21T01:17:10Z",
    "valid_until": "2027-07-21T01:17:10Z",
    "claims": {
      "agent_name": "RobotDog",
      "agent_id": "did:udid:type2.rid678.achid0.userid1380013811127392@6gc.mnc015.mcc234.3gppnetwork.org",
      "agent_attribute": "6G业务开通",
      "master_id": "type0.rid678.schid0.userid1userid20001@6gc0001@6gc.mnc015.mcc234.3gppnetwork.org",
      "self_id": "type0.rid678.schid0..mnc015.mcc234.3gppnetwork.org"
    },
    "proof": {
      "creator": "did:udid:idm@6gc.mnc015.mcc234.3gppnetwork.org#keys-1",
      "signature_value": "MEUCIARY0EXKqRSymXSvgif7s3ApaxO087up9cz9nZsg4KezAiEA//0JOIVgZzX2W0T0H6jD+0AA4HFrupPYwxwoguxtZbM="
    }
  }
}
2026-07-21 09:17:15 [INFO] IdentityManager - Persisted identity state: {'agent_id': 'did:udid:type2.rid678.achid0.userid1380013811127392@6gc.mnc015.mcc234.3gppnetwork.org', 'vc0': {'context': ['3gpp-ts-33.xxx-v20.0.0'], 'id': 'CMCC/credentials/3005', 'type': ['VerifiableCredential', 'BindingSIMCredential'], 'issuer': 'did:udid:idm@6gc.mnc015.mcc234.3gppnetwork.org', 'valid_from': '2026-07-21T01:17:10Z', 'valid_until': '2027-07-21T01:17:10Z', 'claims': {'agent_name': 'RobotDog', 'agent_id': 'did:udid:type2.rid678.achid0.userid1380013811127392@6gc.mnc015.mcc234.3gppnetwork.org', 'agent_attribute': '6G业务开通', 'master_id': 'type0.rid678.schid0.userid1userid20001@6gc0001@6gc.mnc015.mcc234.3gppnetwork.org', 'self_id': 'type0.rid678.schid0..mnc015.mcc234.3gppnetwork.org'}, 'proof': {'creator': 'did:udid:idm@6gc.mnc015.mcc234.3gppnetwork.org#keys-1', 'signature_value': 'MEUCIARY0EXKqRSymXSvgif7s3ApaxO087up9cz9nZsg4KezAiEA//0JOIVgZzX2W0T0H6jD+0AA4HFrupPYwxwoguxtZbM='}}, 'capability_names': [], 'capability_vcs': [], 'agent_name': 'RobotDog', 'owner': '13800138111', 'priority': 4, 'metadata': {'region': 'CN', 'role': 'collaborator'}}
2026-07-21 09:17:15 [INFO] AcnSDK - Agent registered. agent_id=did:udid:type2.rid678.achid0.userid1380013811127392@6gc.mnc015.mcc234.3gppnetwork.org
2026-07-21 09:17:15 [INFO] CredentialIssuer - Issued capability VCs: [{'context': ['3gpp-ts-33.xxx-v20.0.0'], 'id': 'robot-factory/credentials/8543', 'type': ['VerifiableCredential', 'BindingSIMCredential'], 'issuer': 'did:robotfactoryissuer@6gc.mnc015.mcc234.3gppnetwork', 'valid_from': '2026-07-20T01:17:15.243187+00:00', 'valid_until': '2027-07-21T01:17:15.243187+00:00', 'claims': {'agent_name': 'RobotDog', 'agent_id': 'did:udid:type2.rid678.achid0.userid1380013811127392@6gc.mnc015.mcc234.3gppnetwork.org', 'agent_attribute': '载重运输', 'authorization_mode': 'Mode2'}, 'proof': {'creator': 'did:robotfactoryissuer@6gc.mnc015.mcc234.3gppnetwork#keys-1', 'signature_value': 'MEYCIQDBYY3AHi/H7cY8BHIfkVQe6GiLuIbjhQKUFyHoNKjshQIhAJSBC48HAjEC4ndZUA2jpFQ7tMItItHBewl2Kg7xlZpp'}}, {'context': ['3gpp-ts-33.xxx-v20.0.0'], 'id': 'robot-factory/credentials/3344', 'type': ['VerifiableCredential', 'BindingSIMCredential'], 'issuer': 'did:robotfactoryissuer@6gc.mnc015.mcc234.3gppnetwork', 'valid_from': '2026-07-20T01:17:15.243187+00:00', 'valid_until': '2027-07-21T01:17:15.243187+00:00', 'claims': {'agent_name': 'RobotDog', 'agent_id': 'did:udid:type2.rid678.achid0.userid1380013811127392@6gc.mnc015.mcc234.3gppnetwork.org', 'agent_attribute': '自主导航', 'authorization_mode': 'Mode2'}, 'proof': {'creator': 'did:robotfactoryissuer@6gc.mnc015.mcc234.3gppnetwork#keys-1', 'signature_value': 'MEUCIQDUxRm1X0o9BZNaF/EnujV2ptW7EVfKUBXDN8R6KulZkAIgCy0ZutxXTZ2abfRen81cwV9UrgR8wLMWmptzgCk7MWE='}}, {'context': ['3gpp-ts-33.xxx-v20.0.0'], 'id': 'robot-factory/credentials/3600', 'type': ['VerifiableCredential', 'BindingSIMCredential'], 'issuer': 'did:robotfactoryissuer@6gc.mnc015.mcc234.3gppnetwork', 'valid_from': '2026-07-20T01:17:15.243187+00:00', 'valid_until': '2027-07-21T01:17:15.243187+00:00', 'claims': {'agent_name': 'RobotDog', 'agent_id': 'did:udid:type2.rid678.achid0.userid1380013811127392@6gc.mnc015.mcc234.3gppnetwork.org', 'agent_attribute': '高清摄像', 'authorization_mode': 'Mode2'}, 'proof': {'creator': 'did:robotfactoryissuer@6gc.mnc015.mcc234.3gppnetwork#keys-1', 'signature_value': 'MEUCIECCZdNi16pP0gr1ez++bsxkcXavGkhldSgLiquVm/iQAiEAitymQtLuhoex2f/hx+suR0IyW43fQ2+ycJlnW+9xgVs='}}]
2026-07-21 09:17:15 [INFO] IdentityManager - Persisted identity state: {'agent_id': 'did:udid:type2.rid678.achid0.userid1380013811127392@6gc.mnc015.mcc234.3gppnetwork.org', 'vc0': {'context': ['3gpp-ts-33.xxx-v20.0.0'], 'id': 'CMCC/credentials/3005', 'type': ['VerifiableCredential', 'BindingSIMCredential'], 'issuer': 'did:udid:idm@6gc.mnc015.mcc234.3gppnetwork.org', 'valid_from': '2026-07-21T01:17:10Z', 'valid_until': '2027-07-21T01:17:10Z', 'claims': {'agent_name': 'RobotDog', 'agent_id': 'did:udid:type2.rid678.achid0.userid1380013811127392@6gc.mnc015.mcc234.3gppnetwork.org', 'agent_attribute': '6G业务开通', 'master_id': 'type0.rid678.schid0.userid1userid20001@6gc0001@6gc.mnc015.mcc234.3gppnetwork.org', 'self_id': 'type0.rid678.schid0..mnc015.mcc234.3gppnetwork.org'}, 'proof': {'creator': 'did:udid:idm@6gc.mnc015.mcc234.3gppnetwork.org#keys-1', 'signature_value': 'MEUCIARY0EXKqRSymXSvgif7s3ApaxO087up9cz9nZsg4KezAiEA//0JOIVgZzX2W0T0H6jD+0AA4HFrupPYwxwoguxtZbM='}}, 'capability_names': ['载重运输', '自主导航', '高清摄像'], 'capability_vcs': [{'context': ['3gpp-ts-33.xxx-v20.0.0'], 'id': 'robot-factory/credentials/8543', 'type': ['VerifiableCredential', 'BindingSIMCredential'], 'issuer': 'did:robotfactoryissuer@6gc.mnc015.mcc234.3gppnetwork', 'valid_from': '2026-07-20T01:17:15.243187+00:00', 'valid_until': '2027-07-21T01:17:15.243187+00:00', 'claims': {'agent_name': 'RobotDog', 'agent_id': 'did:udid:type2.rid678.achid0.userid1380013811127392@6gc.mnc015.mcc234.3gppnetwork.org', 'agent_attribute': '载重运输', 'authorization_mode': 'Mode2'}, 'proof': {'creator': 'did:robotfactoryissuer@6gc.mnc015.mcc234.3gppnetwork#keys-1', 'signature_value': 'MEYCIQDBYY3AHi/H7cY8BHIfkVQe6GiLuIbjhQKUFyHoNKjshQIhAJSBC48HAjEC4ndZUA2jpFQ7tMItItHBewl2Kg7xlZpp'}}, {'context': ['3gpp-ts-33.xxx-v20.0.0'], 'id': 'robot-factory/credentials/3344', 'type': ['VerifiableCredential', 'BindingSIMCredential'], 'issuer': 'did:robotfactoryissuer@6gc.mnc015.mcc234.3gppnetwork', 'valid_from': '2026-07-20T01:17:15.243187+00:00', 'valid_until': '2027-07-21T01:17:15.243187+00:00', 'claims': {'agent_name': 'RobotDog', 'agent_id': 'did:udid:type2.rid678.achid0.userid1380013811127392@6gc.mnc015.mcc234.3gppnetwork.org', 'agent_attribute': '自主导航', 'authorization_mode': 'Mode2'}, 'proof': {'creator': 'did:robotfactoryissuer@6gc.mnc015.mcc234.3gppnetwork#keys-1', 'signature_value': 'MEUCIQDUxRm1X0o9BZNaF/EnujV2ptW7EVfKUBXDN8R6KulZkAIgCy0ZutxXTZ2abfRen81cwV9UrgR8wLMWmptzgCk7MWE='}}, {'context': ['3gpp-ts-33.xxx-v20.0.0'], 'id': 'robot-factory/credentials/3600', 'type': ['VerifiableCredential', 'BindingSIMCredential'], 'issuer': 'did:robotfactoryissuer@6gc.mnc015.mcc234.3gppnetwork', 'valid_from': '2026-07-20T01:17:15.243187+00:00', 'valid_until': '2027-07-21T01:17:15.243187+00:00', 'claims': {'agent_name': 'RobotDog', 'agent_id': 'did:udid:type2.rid678.achid0.userid1380013811127392@6gc.mnc015.mcc234.3gppnetwork.org', 'agent_attribute': '高清摄像', 'authorization_mode': 'Mode2'}, 'proof': {'creator': 'did:robotfactoryissuer@6gc.mnc015.mcc234.3gppnetwork#keys-1', 'signature_value': 'MEUCIECCZdNi16pP0gr1ez++bsxkcXavGkhldSgLiquVm/iQAiEAitymQtLuhoex2f/hx+suR0IyW43fQ2+ycJlnW+9xgVs='}}], 'agent_name': 'RobotDog', 'owner': '13800138111', 'priority': 4, 'metadata': {'region': 'CN', 'role': 'collaborator'}}
2026-07-21 09:17:15 [INFO] HttpClient - HTTP POST http://192.168.1.10:9010/arf/v1/agent-cards
{
  "agent_id": "did:udid:type2.rid678.achid0.userid1380013811127392@6gc.mnc015.mcc234.3gppnetwork.org",
  "priority": 4,
  "timestamp": "2026-07-21T01:17:15Z",
  "signature": "MEUCIQCxj/nt/ihKUblPr/I0bR88TtMUUVqT78ZOuQFhFjMRlQIgHdiCGhaLQkPmgU8DLHLzMM8w6Mr5MZqlGO6bgKJmolk=",
  "signature_encoding": "base64",
  "vc_list": [
    {
      "context": [
        "3gpp-ts-33.xxx-v20.0.0"
      ],
      "id": "CMCC/credentials/3005",
      "type": [
        "VerifiableCredential",
        "BindingSIMCredential"
      ],
      "issuer": "did:udid:idm@6gc.mnc015.mcc234.3gppnetwork.org",
      "valid_from": "2026-07-21T01:17:10Z",
      "valid_until": "2027-07-21T01:17:10Z",
      "claims": {
        "agent_name": "RobotDog",
        "agent_id": "did:udid:type2.rid678.achid0.userid1380013811127392@6gc.mnc015.mcc234.3gppnetwork.org",
        "agent_attribute": "6G业务开通",
        "master_id": "type0.rid678.schid0.userid1userid20001@6gc0001@6gc.mnc015.mcc234.3gppnetwork.org",
        "self_id": "type0.rid678.schid0..mnc015.mcc234.3gppnetwork.org"
      },
      "proof": {
        "creator": "did:udid:idm@6gc.mnc015.mcc234.3gppnetwork.org#keys-1",
        "signature_value": "MEUCIARY0EXKqRSymXSvgif7s3ApaxO087up9cz9nZsg4KezAiEA//0JOIVgZzX2W0T0H6jD+0AA4HFrupPYwxwoguxtZbM="
      }
    },
    {
      "context": [
        "3gpp-ts-33.xxx-v20.0.0"
      ],
      "id": "robot-factory/credentials/8543",
      "type": [
        "VerifiableCredential",
        "BindingSIMCredential"
      ],
      "issuer": "did:robotfactoryissuer@6gc.mnc015.mcc234.3gppnetwork",
      "valid_from": "2026-07-20T01:17:15.243187+00:00",
      "valid_until": "2027-07-21T01:17:15.243187+00:00",
      "claims": {
        "agent_name": "RobotDog",
        "agent_id": "did:udid:type2.rid678.achid0.userid1380013811127392@6gc.mnc015.mcc234.3gppnetwork.org",
        "agent_attribute": "载重运输",
        "authorization_mode": "Mode2"
      },
      "proof": {
        "creator": "did:robotfactoryissuer@6gc.mnc015.mcc234.3gppnetwork#keys-1",
        "signature_value": "MEYCIQDBYY3AHi/H7cY8BHIfkVQe6GiLuIbjhQKUFyHoNKjshQIhAJSBC48HAjEC4ndZUA2jpFQ7tMItItHBewl2Kg7xlZpp"
      }
    },
    {
      "context": [
        "3gpp-ts-33.xxx-v20.0.0"
      ],
      "id": "robot-factory/credentials/3344",
      "type": [
        "VerifiableCredential",
        "BindingSIMCredential"
      ],
      "issuer": "did:robotfactoryissuer@6gc.mnc015.mcc234.3gppnetwork",
      "valid_from": "2026-07-20T01:17:15.243187+00:00",
      "valid_until": "2027-07-21T01:17:15.243187+00:00",
      "claims": {
        "agent_name": "RobotDog",
        "agent_id": "did:udid:type2.rid678.achid0.userid1380013811127392@6gc.mnc015.mcc234.3gppnetwork.org",
        "agent_attribute": "自主导航",
        "authorization_mode": "Mode2"
      },
      "proof": {
        "creator": "did:robotfactoryissuer@6gc.mnc015.mcc234.3gppnetwork#keys-1",
        "signature_value": "MEUCIQDUxRm1X0o9BZNaF/EnujV2ptW7EVfKUBXDN8R6KulZkAIgCy0ZutxXTZ2abfRen81cwV9UrgR8wLMWmptzgCk7MWE="
      }
    },
    {
      "context": [
        "3gpp-ts-33.xxx-v20.0.0"
      ],
      "id": "robot-factory/credentials/3600",
      "type": [
        "VerifiableCredential",
        "BindingSIMCredential"
      ],
      "issuer": "did:robotfactoryissuer@6gc.mnc015.mcc234.3gppnetwork",
      "valid_from": "2026-07-20T01:17:15.243187+00:00",
      "valid_until": "2027-07-21T01:17:15.243187+00:00",
      "claims": {
        "agent_name": "RobotDog",
        "agent_id": "did:udid:type2.rid678.achid0.userid1380013811127392@6gc.mnc015.mcc234.3gppnetwork.org",
        "agent_attribute": "高清摄像",
        "authorization_mode": "Mode2"
      },
      "proof": {
        "creator": "did:robotfactoryissuer@6gc.mnc015.mcc234.3gppnetwork#keys-1",
        "signature_value": "MEUCIECCZdNi16pP0gr1ez++bsxkcXavGkhldSgLiquVm/iQAiEAitymQtLuhoex2f/hx+suR0IyW43fQ2+ycJlnW+9xgVs="
      }
    }
  ]
}
2026-07-21 09:17:15 [INFO] httpx - HTTP Request: POST http://192.168.1.10:9010/arf/v1/agent-cards "HTTP/1.1 200 OK"
2026-07-21 09:17:15 [INFO] HttpClient - HTTP response /arf/v1/agent-cards
{
  "status": "OK"
}
2026-07-21 09:17:15 [INFO] AcnSDK - Robot attribute registered. agent_id=did:udid:type2.rid678.achid0.userid1380013811127392@6gc.mnc015.mcc234.3gppnetwork.org
2026-07-21 09:17:15 [INFO] WebSocketClient - Connecting websocket to ws://192.168.1.10:9002/ws
2026-07-21 09:17:15 [INFO] WebSocketClient - Websocket connected.
2026-07-21 09:17:15 [INFO] WebSocketClient - Sending websocket payload
{
  "type": "SETUP",
  "timestamp": "2026-07-21T01:17:15Z",
  "payload": {
    "src_agent_id": "did:udid:type2.rid678.achid0.userid1380013811127392@6gc.mnc015.mcc234.3gppnetwork.org"
  }
}
2026-07-21 09:17:15 [INFO] WebSocketClient - Received websocket payload
{
  "type": "SETUP",
  "timestamp": "2026-07-21T01:17:11.670168Z",
  "payload": {
    "status": "OK"
  }
}
2026-07-21 09:17:15 [INFO] MoQClient - Connecting MoQ client role=publisher remote=192.168.1.10:9003
2026-07-21 09:17:15 [INFO] moq.pub.publisher - MOQPublisher initialized for 192.168.1.10:9003
2026-07-21 09:17:15 [INFO] moq.pub.publisher - Connecting to relay at 192.168.1.10:9003
2026-07-21 09:17:15 [INFO] moq.transport.quic_transport - QUIC client config: congestion=cubic max_data=67108864 max_stream_data=67108864
2026-07-21 09:17:15 [INFO] moq.transport.quic_transport - Connecting to 192.168.1.10:9003
2026-07-21 09:17:15 [INFO] moq.transport.quic_transport - MOQQuicProtocol initialized
2026-07-21 09:17:16 [INFO] quic - [ee9ba1203ea966dd] Negotiated protocol version 0x00000001 (VERSION_1)
2026-07-21 09:17:16 [INFO] quic - [ee9ba1203ea966dd] ALPN negotiated protocol moq-00
2026-07-21 09:17:16 [INFO] moq.transport.quic_transport - QUIC connection established
2026-07-21 09:17:16 [INFO] moq.session.session - MOQSession created: session_id=pub-281473827542768, role=PUBLISHER
2026-07-21 09:17:16 [INFO] moq.session.session - Sent SETUP: version=4278190097, role=PUBLISHER
2026-07-21 09:17:16 [INFO] moq.pub.publisher - Connected to relay
2026-07-21 09:17:16 [INFO] MoQClient - MoQ publisher connected to relay
2026-07-21 09:17:16 [INFO] MoQClient - MoQ client connected role=publisher remote=192.168.1.10:9003
2026-07-21 09:17:16 [INFO] MoQClient - Connecting MoQ client role=subscriber remote=192.168.1.10:9003
2026-07-21 09:17:16 [INFO] moq.sub.subscriber - MOQSubscriber initialized for 192.168.1.10:9003
2026-07-21 09:17:16 [INFO] moq.sub.subscriber - Connecting to relay at 192.168.1.10:9003
2026-07-21 09:17:16 [INFO] moq.transport.quic_transport - QUIC client config: congestion=cubic max_data=67108864 max_stream_data=67108864
2026-07-21 09:17:16 [INFO] moq.transport.quic_transport - Connecting to 192.168.1.10:9003
2026-07-21 09:17:16 [INFO] moq.transport.quic_transport - MOQQuicProtocol initialized
2026-07-21 09:17:16 [INFO] quic - [f19d7b4015e3a0b2] Negotiated protocol version 0x00000001 (VERSION_1)
2026-07-21 09:17:16 [INFO] quic - [f19d7b4015e3a0b2] ALPN negotiated protocol moq-00
2026-07-21 09:17:16 [INFO] moq.transport.quic_transport - QUIC connection established
2026-07-21 09:17:16 [INFO] moq.session.session - MOQSession created: session_id=sub-281473827551120, role=SUBSCRIBER
2026-07-21 09:17:16 [INFO] moq.session.session - Sent SETUP: version=4278190097, role=SUBSCRIBER
2026-07-21 09:17:16 [INFO] moq.sub.subscriber - Connected to relay
2026-07-21 09:17:16 [INFO] MoQClient - MoQ subscriber connected to relay
2026-07-21 09:17:16 [INFO] MoQClient - MoQ client connected role=subscriber remote=192.168.1.10:9003
2026-07-21 09:17:16 [INFO] AcnSDK - Background network listener started.
2026-07-21 09:17:16 [INFO] AcnSDK - Network join successful for agent_id=did:udid:type2.rid678.achid0.userid1380013811127392@6gc.mnc015.mcc234.3gppnetwork.org
2026-07-21 09:17:16 [INFO] AcnSDK - Queried local agent info agent_id=did:udid:type2.rid678.achid0.userid1380013811127392@6gc.mnc015.mcc234.3gppnetwork.org
2026-07-21 09:17:16 [INFO] HttpClient - HTTP POST http://192.168.1.10:9010/acn-agent/v1/owner-agents
{
  "owner": "13800138111"
}
2026-07-21 09:17:16 [INFO] httpx - HTTP Request: POST http://192.168.1.10:9010/acn-agent/v1/owner-agents "HTTP/1.1 200 OK"
2026-07-21 09:17:16 [INFO] HttpClient - HTTP response /acn-agent/v1/owner-agents
{
  "owner": "13800138111",
  "total": 2,
  "agents": [
    {
      "agent_id": "did:udid:type2.rid678.achid0.userid1380013811127392@6gc.mnc015.mcc234.3gppnetwork.org",
      "agent_name": "RobotDog",
      "description": "RobotDogModel, SN654321"
    },
    {
      "agent_id": "did:udid:type2.rid678.achid0.userid1380013811169706@6gc.mnc015.mcc234.3gppnetwork.org",
      "agent_name": "RobotDog",
      "description": "RobotDogModel, SN654321"
    }
  ]
}
2026-07-21 09:17:16 [INFO] AcnSDK - Queried agent list owner=13800138111
2026-07-23 09:43:11 [INFO] AcnSDK - Cleared identity cache file: /home/unitree/zxy/imt/acn_sdk/data/identity.json
2026-07-23 09:43:11 [INFO] AcnSDK - AcnSDK initialized for agent=RobotDog, network_status=offline
2026-07-23 09:43:11 [INFO] AcnSDK - SDK network endpoints acn_agent=9010 ws=9002 moq=9003 web_ui=9005
2026-07-23 09:43:11 [INFO] HttpClient - HTTP POST http://192.168.1.10:9010/idm/v1/identity-applications
{
  "owner": "13800138111",
  "name": "RobotDog",
  "public_key": "-----BEGIN PUBLIC KEY-----\nMFkwEwYHKoZIzj0CAQYIKoZIzj0DAQcDQgAEjNqmCmtuP9IpEQb88DZmbN0nfAMT\nu0mALPHBfC+5PQSKfmfgFQoiv30y7MZCB4iQHIEf4S7+dHY/x6KK0s6Dfw==\n-----END PUBLIC KEY-----\n",
  "description": "RobotDogModel, SN654321",
  "timestamp": "2026-07-23T01:43:11Z",
  "metadata": {
    "region": "CN",
    "role": "collaborator"
  },
  "signature": "MEQCIEDldv1GgATLU7qRRUVC71w5zxG75j4nrUX/O6AiCUuSAiBhCUr95ziRRWClxi4GJFRSMdF+AVKI7dMmch8lkSEtNg==",
  "signature_encoding": "base64"
}
2026-07-23 09:43:11 [INFO] httpx - HTTP Request: POST http://192.168.1.10:9010/idm/v1/identity-applications "HTTP/1.1 200 OK"
2026-07-23 09:43:11 [INFO] HttpClient - HTTP response /idm/v1/identity-applications
{
  "result": "success",
  "agent_id": "did:udid:type2.rid678.achid0.userid1380013811140750@6gc.mnc015.mcc234.3gppnetwork.org",
  "vc0": {
    "context": [
      "3gpp-ts-33.xxx-v20.0.0"
    ],
    "id": "CMCC/credentials/6753",
    "type": [
      "VerifiableCredential",
      "BindingSIMCredential"
    ],
    "issuer": "did:udid:idm@6gc.mnc015.mcc234.3gppnetwork.org",
    "valid_from": "2026-07-23T01:43:03Z",
    "valid_until": "2027-07-23T01:43:03Z",
    "claims": {
      "agent_name": "RobotDog",
      "agent_id": "did:udid:type2.rid678.achid0.userid1380013811140750@6gc.mnc015.mcc234.3gppnetwork.org",
      "agent_attribute": "6G业务开通",
      "master_id": "type0.rid678.schid0.userid1userid20001@6gc0001@6gc.mnc015.mcc234.3gppnetwork.org",
      "self_id": "type0.rid678.schid0..mnc015.mcc234.3gppnetwork.org"
    },
    "proof": {
      "creator": "did:udid:idm@6gc.mnc015.mcc234.3gppnetwork.org#keys-1",
      "signature_value": "MEQCIGERqtQ9yKo6evaS9845/HLoiEfiLeItkPtBHiooAApJAiA2gsbx/3RjKaE/CWNOSqSrMJM0IrphuIF4vgzbH/XnMw=="
    }
  }
}
2026-07-23 09:43:11 [INFO] IdentityManager - Persisted identity state: {'agent_id': 'did:udid:type2.rid678.achid0.userid1380013811140750@6gc.mnc015.mcc234.3gppnetwork.org', 'vc0': {'context': ['3gpp-ts-33.xxx-v20.0.0'], 'id': 'CMCC/credentials/6753', 'type': ['VerifiableCredential', 'BindingSIMCredential'], 'issuer': 'did:udid:idm@6gc.mnc015.mcc234.3gppnetwork.org', 'valid_from': '2026-07-23T01:43:03Z', 'valid_until': '2027-07-23T01:43:03Z', 'claims': {'agent_name': 'RobotDog', 'agent_id': 'did:udid:type2.rid678.achid0.userid1380013811140750@6gc.mnc015.mcc234.3gppnetwork.org', 'agent_attribute': '6G业务开通', 'master_id': 'type0.rid678.schid0.userid1userid20001@6gc0001@6gc.mnc015.mcc234.3gppnetwork.org', 'self_id': 'type0.rid678.schid0..mnc015.mcc234.3gppnetwork.org'}, 'proof': {'creator': 'did:udid:idm@6gc.mnc015.mcc234.3gppnetwork.org#keys-1', 'signature_value': 'MEQCIGERqtQ9yKo6evaS9845/HLoiEfiLeItkPtBHiooAApJAiA2gsbx/3RjKaE/CWNOSqSrMJM0IrphuIF4vgzbH/XnMw=='}}, 'capability_names': [], 'capability_vcs': [], 'agent_name': 'RobotDog', 'owner': '13800138111', 'priority': 4, 'metadata': {'region': 'CN', 'role': 'collaborator'}}
2026-07-23 09:43:11 [INFO] AcnSDK - Agent registered. agent_id=did:udid:type2.rid678.achid0.userid1380013811140750@6gc.mnc015.mcc234.3gppnetwork.org
2026-07-23 09:43:11 [INFO] CredentialIssuer - Issued capability VCs: [{'context': ['3gpp-ts-33.xxx-v20.0.0'], 'id': 'robot-factory/credentials/3811', 'type': ['VerifiableCredential', 'BindingSIMCredential'], 'issuer': 'did:robotfactoryissuer@6gc.mnc015.mcc234.3gppnetwork', 'valid_from': '2026-07-22T01:43:11.966113+00:00', 'valid_until': '2027-07-23T01:43:11.966113+00:00', 'claims': {'agent_name': 'RobotDog', 'agent_id': 'did:udid:type2.rid678.achid0.userid1380013811140750@6gc.mnc015.mcc234.3gppnetwork.org', 'agent_attribute': '载重运输', 'authorization_mode': 'Mode2'}, 'proof': {'creator': 'did:robotfactoryissuer@6gc.mnc015.mcc234.3gppnetwork#keys-1', 'signature_value': 'MEYCIQDSfM74krv8HgF22lTDaQSVxAy8xHeSHiqkao76sAUB4QIhAIgGZj1wO79BgknYFSPsy5z9hkV7rF+Srjoo/kUyaBH1'}}, {'context': ['3gpp-ts-33.xxx-v20.0.0'], 'id': 'robot-factory/credentials/4731', 'type': ['VerifiableCredential', 'BindingSIMCredential'], 'issuer': 'did:robotfactoryissuer@6gc.mnc015.mcc234.3gppnetwork', 'valid_from': '2026-07-22T01:43:11.966113+00:00', 'valid_until': '2027-07-23T01:43:11.966113+00:00', 'claims': {'agent_name': 'RobotDog', 'agent_id': 'did:udid:type2.rid678.achid0.userid1380013811140750@6gc.mnc015.mcc234.3gppnetwork.org', 'agent_attribute': '自主导航', 'authorization_mode': 'Mode2'}, 'proof': {'creator': 'did:robotfactoryissuer@6gc.mnc015.mcc234.3gppnetwork#keys-1', 'signature_value': 'MEUCIQDLMpDHOCaJVl51R686JyV3o9V4dOQ4D19i8BP4+Coh9QIgaCvvJM7Qa1k/8ei0l6CGLNNmC/8R62ziu3VKBOj71yg='}}, {'context': ['3gpp-ts-33.xxx-v20.0.0'], 'id': 'robot-factory/credentials/1343', 'type': ['VerifiableCredential', 'BindingSIMCredential'], 'issuer': 'did:robotfactoryissuer@6gc.mnc015.mcc234.3gppnetwork', 'valid_from': '2026-07-22T01:43:11.966113+00:00', 'valid_until': '2027-07-23T01:43:11.966113+00:00', 'claims': {'agent_name': 'RobotDog', 'agent_id': 'did:udid:type2.rid678.achid0.userid1380013811140750@6gc.mnc015.mcc234.3gppnetwork.org', 'agent_attribute': '高清摄像', 'authorization_mode': 'Mode2'}, 'proof': {'creator': 'did:robotfactoryissuer@6gc.mnc015.mcc234.3gppnetwork#keys-1', 'signature_value': 'MEYCIQCzcjgXgRlnpzxmbKG0/xRSND7R3RBWVbVRPOlh6cdsGgIhANeh956Sc3ew5rtkPDIJvdftRjp1m1nUjxusAGDFJ2mG'}}]
2026-07-23 09:43:11 [INFO] IdentityManager - Persisted identity state: {'agent_id': 'did:udid:type2.rid678.achid0.userid1380013811140750@6gc.mnc015.mcc234.3gppnetwork.org', 'vc0': {'context': ['3gpp-ts-33.xxx-v20.0.0'], 'id': 'CMCC/credentials/6753', 'type': ['VerifiableCredential', 'BindingSIMCredential'], 'issuer': 'did:udid:idm@6gc.mnc015.mcc234.3gppnetwork.org', 'valid_from': '2026-07-23T01:43:03Z', 'valid_until': '2027-07-23T01:43:03Z', 'claims': {'agent_name': 'RobotDog', 'agent_id': 'did:udid:type2.rid678.achid0.userid1380013811140750@6gc.mnc015.mcc234.3gppnetwork.org', 'agent_attribute': '6G业务开通', 'master_id': 'type0.rid678.schid0.userid1userid20001@6gc0001@6gc.mnc015.mcc234.3gppnetwork.org', 'self_id': 'type0.rid678.schid0..mnc015.mcc234.3gppnetwork.org'}, 'proof': {'creator': 'did:udid:idm@6gc.mnc015.mcc234.3gppnetwork.org#keys-1', 'signature_value': 'MEQCIGERqtQ9yKo6evaS9845/HLoiEfiLeItkPtBHiooAApJAiA2gsbx/3RjKaE/CWNOSqSrMJM0IrphuIF4vgzbH/XnMw=='}}, 'capability_names': ['载重运输', '自主导航', '高清摄像'], 'capability_vcs': [{'context': ['3gpp-ts-33.xxx-v20.0.0'], 'id': 'robot-factory/credentials/3811', 'type': ['VerifiableCredential', 'BindingSIMCredential'], 'issuer': 'did:robotfactoryissuer@6gc.mnc015.mcc234.3gppnetwork', 'valid_from': '2026-07-22T01:43:11.966113+00:00', 'valid_until': '2027-07-23T01:43:11.966113+00:00', 'claims': {'agent_name': 'RobotDog', 'agent_id': 'did:udid:type2.rid678.achid0.userid1380013811140750@6gc.mnc015.mcc234.3gppnetwork.org', 'agent_attribute': '载重运输', 'authorization_mode': 'Mode2'}, 'proof': {'creator': 'did:robotfactoryissuer@6gc.mnc015.mcc234.3gppnetwork#keys-1', 'signature_value': 'MEYCIQDSfM74krv8HgF22lTDaQSVxAy8xHeSHiqkao76sAUB4QIhAIgGZj1wO79BgknYFSPsy5z9hkV7rF+Srjoo/kUyaBH1'}}, {'context': ['3gpp-ts-33.xxx-v20.0.0'], 'id': 'robot-factory/credentials/4731', 'type': ['VerifiableCredential', 'BindingSIMCredential'], 'issuer': 'did:robotfactoryissuer@6gc.mnc015.mcc234.3gppnetwork', 'valid_from': '2026-07-22T01:43:11.966113+00:00', 'valid_until': '2027-07-23T01:43:11.966113+00:00', 'claims': {'agent_name': 'RobotDog', 'agent_id': 'did:udid:type2.rid678.achid0.userid1380013811140750@6gc.mnc015.mcc234.3gppnetwork.org', 'agent_attribute': '自主导航', 'authorization_mode': 'Mode2'}, 'proof': {'creator': 'did:robotfactoryissuer@6gc.mnc015.mcc234.3gppnetwork#keys-1', 'signature_value': 'MEUCIQDLMpDHOCaJVl51R686JyV3o9V4dOQ4D19i8BP4+Coh9QIgaCvvJM7Qa1k/8ei0l6CGLNNmC/8R62ziu3VKBOj71yg='}}, {'context': ['3gpp-ts-33.xxx-v20.0.0'], 'id': 'robot-factory/credentials/1343', 'type': ['VerifiableCredential', 'BindingSIMCredential'], 'issuer': 'did:robotfactoryissuer@6gc.mnc015.mcc234.3gppnetwork', 'valid_from': '2026-07-22T01:43:11.966113+00:00', 'valid_until': '2027-07-23T01:43:11.966113+00:00', 'claims': {'agent_name': 'RobotDog', 'agent_id': 'did:udid:type2.rid678.achid0.userid1380013811140750@6gc.mnc015.mcc234.3gppnetwork.org', 'agent_attribute': '高清摄像', 'authorization_mode': 'Mode2'}, 'proof': {'creator': 'did:robotfactoryissuer@6gc.mnc015.mcc234.3gppnetwork#keys-1', 'signature_value': 'MEYCIQCzcjgXgRlnpzxmbKG0/xRSND7R3RBWVbVRPOlh6cdsGgIhANeh956Sc3ew5rtkPDIJvdftRjp1m1nUjxusAGDFJ2mG'}}], 'agent_name': 'RobotDog', 'owner': '13800138111', 'priority': 4, 'metadata': {'region': 'CN', 'role': 'collaborator'}}
2026-07-23 09:43:11 [INFO] HttpClient - HTTP POST http://192.168.1.10:9010/arf/v1/agent-cards
{
  "agent_id": "did:udid:type2.rid678.achid0.userid1380013811140750@6gc.mnc015.mcc234.3gppnetwork.org",
  "priority": 4,
  "timestamp": "2026-07-23T01:43:11Z",
  "signature": "MEUCIQDlJD01Rpazwep7Yl/lmDxii77tnKAu9/kKuPnZdFsQSwIgHR2GnI2qli2vkdxLPK4C2pd46//ANOSMFQpkdz1QS1I=",
  "signature_encoding": "base64",
  "vc_list": [
    {
      "context": [
        "3gpp-ts-33.xxx-v20.0.0"
      ],
      "id": "CMCC/credentials/6753",
      "type": [
        "VerifiableCredential",
        "BindingSIMCredential"
      ],
      "issuer": "did:udid:idm@6gc.mnc015.mcc234.3gppnetwork.org",
      "valid_from": "2026-07-23T01:43:03Z",
      "valid_until": "2027-07-23T01:43:03Z",
      "claims": {
        "agent_name": "RobotDog",
        "agent_id": "did:udid:type2.rid678.achid0.userid1380013811140750@6gc.mnc015.mcc234.3gppnetwork.org",
        "agent_attribute": "6G业务开通",
        "master_id": "type0.rid678.schid0.userid1userid20001@6gc0001@6gc.mnc015.mcc234.3gppnetwork.org",
        "self_id": "type0.rid678.schid0..mnc015.mcc234.3gppnetwork.org"
      },
      "proof": {
        "creator": "did:udid:idm@6gc.mnc015.mcc234.3gppnetwork.org#keys-1",
        "signature_value": "MEQCIGERqtQ9yKo6evaS9845/HLoiEfiLeItkPtBHiooAApJAiA2gsbx/3RjKaE/CWNOSqSrMJM0IrphuIF4vgzbH/XnMw=="
      }
    },
    {
      "context": [
        "3gpp-ts-33.xxx-v20.0.0"
      ],
      "id": "robot-factory/credentials/3811",
      "type": [
        "VerifiableCredential",
        "BindingSIMCredential"
      ],
      "issuer": "did:robotfactoryissuer@6gc.mnc015.mcc234.3gppnetwork",
      "valid_from": "2026-07-22T01:43:11.966113+00:00",
      "valid_until": "2027-07-23T01:43:11.966113+00:00",
      "claims": {
        "agent_name": "RobotDog",
        "agent_id": "did:udid:type2.rid678.achid0.userid1380013811140750@6gc.mnc015.mcc234.3gppnetwork.org",
        "agent_attribute": "载重运输",
        "authorization_mode": "Mode2"
      },
      "proof": {
        "creator": "did:robotfactoryissuer@6gc.mnc015.mcc234.3gppnetwork#keys-1",
        "signature_value": "MEYCIQDSfM74krv8HgF22lTDaQSVxAy8xHeSHiqkao76sAUB4QIhAIgGZj1wO79BgknYFSPsy5z9hkV7rF+Srjoo/kUyaBH1"
      }
    },
    {
      "context": [
        "3gpp-ts-33.xxx-v20.0.0"
      ],
      "id": "robot-factory/credentials/4731",
      "type": [
        "VerifiableCredential",
        "BindingSIMCredential"
      ],
      "issuer": "did:robotfactoryissuer@6gc.mnc015.mcc234.3gppnetwork",
      "valid_from": "2026-07-22T01:43:11.966113+00:00",
      "valid_until": "2027-07-23T01:43:11.966113+00:00",
      "claims": {
        "agent_name": "RobotDog",
        "agent_id": "did:udid:type2.rid678.achid0.userid1380013811140750@6gc.mnc015.mcc234.3gppnetwork.org",
        "agent_attribute": "自主导航",
        "authorization_mode": "Mode2"
      },
      "proof": {
        "creator": "did:robotfactoryissuer@6gc.mnc015.mcc234.3gppnetwork#keys-1",
        "signature_value": "MEUCIQDLMpDHOCaJVl51R686JyV3o9V4dOQ4D19i8BP4+Coh9QIgaCvvJM7Qa1k/8ei0l6CGLNNmC/8R62ziu3VKBOj71yg="
      }
    },
    {
      "context": [
        "3gpp-ts-33.xxx-v20.0.0"
      ],
      "id": "robot-factory/credentials/1343",
      "type": [
        "VerifiableCredential",
        "BindingSIMCredential"
      ],
      "issuer": "did:robotfactoryissuer@6gc.mnc015.mcc234.3gppnetwork",
      "valid_from": "2026-07-22T01:43:11.966113+00:00",
      "valid_until": "2027-07-23T01:43:11.966113+00:00",
      "claims": {
        "agent_name": "RobotDog",
        "agent_id": "did:udid:type2.rid678.achid0.userid1380013811140750@6gc.mnc015.mcc234.3gppnetwork.org",
        "agent_attribute": "高清摄像",
        "authorization_mode": "Mode2"
      },
      "proof": {
        "creator": "did:robotfactoryissuer@6gc.mnc015.mcc234.3gppnetwork#keys-1",
        "signature_value": "MEYCIQCzcjgXgRlnpzxmbKG0/xRSND7R3RBWVbVRPOlh6cdsGgIhANeh956Sc3ew5rtkPDIJvdftRjp1m1nUjxusAGDFJ2mG"
      }
    }
  ]
}
2026-07-23 09:43:12 [INFO] httpx - HTTP Request: POST http://192.168.1.10:9010/arf/v1/agent-cards "HTTP/1.1 200 OK"
2026-07-23 09:43:12 [INFO] HttpClient - HTTP response /arf/v1/agent-cards
{
  "status": "OK"
}
2026-07-23 09:43:12 [INFO] AcnSDK - Robot attribute registered. agent_id=did:udid:type2.rid678.achid0.userid1380013811140750@6gc.mnc015.mcc234.3gppnetwork.org
2026-07-23 09:43:12 [INFO] WebSocketClient - Connecting websocket to ws://192.168.1.10:9002/ws
2026-07-23 09:43:12 [INFO] WebSocketClient - Websocket connected.
2026-07-23 09:43:12 [INFO] WebSocketClient - Sending websocket payload
{
  "type": "SETUP",
  "timestamp": "2026-07-23T01:43:12Z",
  "payload": {
    "src_agent_id": "did:udid:type2.rid678.achid0.userid1380013811140750@6gc.mnc015.mcc234.3gppnetwork.org"
  }
}
2026-07-23 09:43:12 [INFO] WebSocketClient - Received websocket payload
{
  "type": "SETUP",
  "timestamp": "2026-07-23T01:43:04.527814Z",
  "payload": {
    "status": "OK"
  }
}
2026-07-23 09:43:12 [INFO] MoQClient - Connecting MoQ client role=publisher remote=192.168.1.10:9003
2026-07-23 09:43:12 [INFO] moq.pub.publisher - MOQPublisher initialized for 192.168.1.10:9003
2026-07-23 09:43:12 [INFO] moq.pub.publisher - Connecting to relay at 192.168.1.10:9003
2026-07-23 09:43:12 [INFO] moq.transport.quic_transport - QUIC client config: congestion=cubic max_data=67108864 max_stream_data=67108864
2026-07-23 09:43:12 [INFO] moq.transport.quic_transport - Connecting to 192.168.1.10:9003
2026-07-23 09:43:12 [INFO] moq.transport.quic_transport - MOQQuicProtocol initialized
2026-07-23 09:43:12 [INFO] quic - [613ed9742e9d4e17] Negotiated protocol version 0x00000001 (VERSION_1)
2026-07-23 09:43:12 [INFO] quic - [613ed9742e9d4e17] ALPN negotiated protocol moq-00
2026-07-23 09:43:12 [INFO] moq.transport.quic_transport - QUIC connection established
2026-07-23 09:43:12 [INFO] moq.session.session - MOQSession created: session_id=pub-281473635456704, role=PUBLISHER
2026-07-23 09:43:12 [INFO] moq.session.session - Sent SETUP: version=4278190097, role=PUBLISHER
2026-07-23 09:43:12 [INFO] moq.pub.publisher - Connected to relay
2026-07-23 09:43:12 [INFO] MoQClient - MoQ publisher connected to relay
2026-07-23 09:43:12 [INFO] MoQClient - MoQ client connected role=publisher remote=192.168.1.10:9003
2026-07-23 09:43:12 [INFO] MoQClient - Connecting MoQ client role=subscriber remote=192.168.1.10:9003
2026-07-23 09:43:12 [INFO] moq.sub.subscriber - MOQSubscriber initialized for 192.168.1.10:9003
2026-07-23 09:43:12 [INFO] moq.sub.subscriber - Connecting to relay at 192.168.1.10:9003
2026-07-23 09:43:12 [INFO] moq.transport.quic_transport - QUIC client config: congestion=cubic max_data=67108864 max_stream_data=67108864
2026-07-23 09:43:12 [INFO] moq.transport.quic_transport - Connecting to 192.168.1.10:9003
2026-07-23 09:43:12 [INFO] moq.transport.quic_transport - MOQQuicProtocol initialized
2026-07-23 09:43:12 [INFO] quic - [30babf3289eb9981] Negotiated protocol version 0x00000001 (VERSION_1)
2026-07-23 09:43:12 [INFO] quic - [30babf3289eb9981] ALPN negotiated protocol moq-00
2026-07-23 09:43:12 [INFO] moq.transport.quic_transport - QUIC connection established
2026-07-23 09:43:12 [INFO] moq.session.session - MOQSession created: session_id=sub-281473635465008, role=SUBSCRIBER
2026-07-23 09:43:12 [INFO] moq.session.session - Sent SETUP: version=4278190097, role=SUBSCRIBER
2026-07-23 09:43:12 [INFO] moq.sub.subscriber - Connected to relay
2026-07-23 09:43:12 [INFO] MoQClient - MoQ subscriber connected to relay
2026-07-23 09:43:12 [INFO] MoQClient - MoQ client connected role=subscriber remote=192.168.1.10:9003
2026-07-23 09:43:12 [INFO] AcnSDK - Background network listener started.
2026-07-23 09:43:12 [INFO] AcnSDK - Network join successful for agent_id=did:udid:type2.rid678.achid0.userid1380013811140750@6gc.mnc015.mcc234.3gppnetwork.org
2026-07-23 09:43:12 [INFO] AcnSDK - Queried local agent info agent_id=did:udid:type2.rid678.achid0.userid1380013811140750@6gc.mnc015.mcc234.3gppnetwork.org
2026-07-23 09:43:12 [INFO] HttpClient - HTTP POST http://192.168.1.10:9010/acn-agent/v1/owner-agents
{
  "owner": "13800138111"
}
2026-07-23 09:43:12 [INFO] httpx - HTTP Request: POST http://192.168.1.10:9010/acn-agent/v1/owner-agents "HTTP/1.1 200 OK"
2026-07-23 09:43:12 [INFO] HttpClient - HTTP response /acn-agent/v1/owner-agents
{
  "owner": "13800138111",
  "total": 3,
  "agents": [
    {
      "agent_id": "did:udid:type2.rid678.achid0.userid1380013811127392@6gc.mnc015.mcc234.3gppnetwork.org",
      "agent_name": "RobotDog",
      "description": "RobotDogModel, SN654321"
    },
    {
      "agent_id": "did:udid:type2.rid678.achid0.userid1380013811140750@6gc.mnc015.mcc234.3gppnetwork.org",
      "agent_name": "RobotDog",
      "description": "RobotDogModel, SN654321"
    },
    {
      "agent_id": "did:udid:type2.rid678.achid0.userid1380013811169706@6gc.mnc015.mcc234.3gppnetwork.org",
      "agent_name": "RobotDog",
      "description": "RobotDogModel, SN654321"
    }
  ]
}
2026-07-23 09:43:12 [INFO] AcnSDK - Queried agent list owner=13800138111
2026-07-23 16:09:14 [INFO] AcnSDK - Cleared identity cache file: /home/unitree/zxy/imt/acn_sdk/data/identity.json
2026-07-23 16:09:14 [INFO] AcnSDK - AcnSDK initialized for agent=RobotDog, network_status=offline
2026-07-23 16:09:14 [INFO] AcnSDK - SDK network endpoints acn_agent=9010 ws=9002 moq=9003 web_ui=9005
2026-07-23 16:09:14 [INFO] HttpClient - HTTP POST http://192.168.1.10:9010/idm/v1/identity-applications
{
  "owner": "13800138111",
  "name": "RobotDog",
  "public_key": "-----BEGIN PUBLIC KEY-----\nMFkwEwYHKoZIzj0CAQYIKoZIzj0DAQcDQgAEjNqmCmtuP9IpEQb88DZmbN0nfAMT\nu0mALPHBfC+5PQSKfmfgFQoiv30y7MZCB4iQHIEf4S7+dHY/x6KK0s6Dfw==\n-----END PUBLIC KEY-----\n",
  "description": "RobotDogModel, SN654321",
  "timestamp": "2026-07-23T08:09:14Z",
  "metadata": {
    "region": "CN",
    "role": "collaborator"
  },
  "signature": "MEQCIDiQnC1TaHFzaFwYbgprsI1BUyA0EIsaRdmSIqWh16e+AiBbLv/U/Gd2T2/Aq5phIARqcjx9vmUGDMOa90As4N8G4g==",
  "signature_encoding": "base64"
}
2026-07-23 16:09:14 [INFO] httpx - HTTP Request: POST http://192.168.1.10:9010/idm/v1/identity-applications "HTTP/1.1 200 OK"
2026-07-23 16:09:14 [INFO] HttpClient - HTTP response /idm/v1/identity-applications
{
  "result": "success",
  "agent_id": "did:udid:type2.rid678.achid0.userid1380013811135919@6gc.mnc015.mcc234.3gppnetwork.org",
  "vc0": {
    "context": [
      "3gpp-ts-33.xxx-v20.0.0"
    ],
    "id": "CMCC/credentials/4456",
    "type": [
      "VerifiableCredential",
      "BindingSIMCredential"
    ],
    "issuer": "did:udid:idm@6gc.mnc015.mcc234.3gppnetwork.org",
    "valid_from": "2026-07-23T08:09:08Z",
    "valid_until": "2027-07-23T08:09:08Z",
    "claims": {
      "agent_name": "RobotDog",
      "agent_id": "did:udid:type2.rid678.achid0.userid1380013811135919@6gc.mnc015.mcc234.3gppnetwork.org",
      "agent_attribute": "6G业务开通",
      "master_id": "type0.rid678.schid0.userid1userid20001@6gc0001@6gc.mnc015.mcc234.3gppnetwork.org",
      "self_id": "type0.rid678.schid0..mnc015.mcc234.3gppnetwork.org"
    },
    "proof": {
      "creator": "did:udid:idm@6gc.mnc015.mcc234.3gppnetwork.org#keys-1",
      "signature_value": "MEYCIQDh93aqXwjMtj5qKRg42va/+3MPMWLehaPHUPP+FW7SpgIhANGubYeGDUbSuqSwm29YUsCWU6yfWiobJ/HIHNLC0zC2"
    }
  }
}
2026-07-23 16:09:14 [INFO] IdentityManager - Persisted identity state: {'agent_id': 'did:udid:type2.rid678.achid0.userid1380013811135919@6gc.mnc015.mcc234.3gppnetwork.org', 'vc0': {'context': ['3gpp-ts-33.xxx-v20.0.0'], 'id': 'CMCC/credentials/4456', 'type': ['VerifiableCredential', 'BindingSIMCredential'], 'issuer': 'did:udid:idm@6gc.mnc015.mcc234.3gppnetwork.org', 'valid_from': '2026-07-23T08:09:08Z', 'valid_until': '2027-07-23T08:09:08Z', 'claims': {'agent_name': 'RobotDog', 'agent_id': 'did:udid:type2.rid678.achid0.userid1380013811135919@6gc.mnc015.mcc234.3gppnetwork.org', 'agent_attribute': '6G业务开通', 'master_id': 'type0.rid678.schid0.userid1userid20001@6gc0001@6gc.mnc015.mcc234.3gppnetwork.org', 'self_id': 'type0.rid678.schid0..mnc015.mcc234.3gppnetwork.org'}, 'proof': {'creator': 'did:udid:idm@6gc.mnc015.mcc234.3gppnetwork.org#keys-1', 'signature_value': 'MEYCIQDh93aqXwjMtj5qKRg42va/+3MPMWLehaPHUPP+FW7SpgIhANGubYeGDUbSuqSwm29YUsCWU6yfWiobJ/HIHNLC0zC2'}}, 'capability_names': [], 'capability_vcs': [], 'agent_name': 'RobotDog', 'owner': '13800138111', 'priority': 4, 'metadata': {'region': 'CN', 'role': 'collaborator'}}
2026-07-23 16:09:14 [INFO] AcnSDK - Agent registered. agent_id=did:udid:type2.rid678.achid0.userid1380013811135919@6gc.mnc015.mcc234.3gppnetwork.org
2026-07-23 16:09:14 [INFO] CredentialIssuer - Issued capability VCs: [{'context': ['3gpp-ts-33.xxx-v20.0.0'], 'id': 'robot-factory/credentials/1552', 'type': ['VerifiableCredential', 'BindingSIMCredential'], 'issuer': 'did:robotfactoryissuer@6gc.mnc015.mcc234.3gppnetwork', 'valid_from': '2026-07-22T08:09:14.646667+00:00', 'valid_until': '2027-07-23T08:09:14.646667+00:00', 'claims': {'agent_name': 'RobotDog', 'agent_id': 'did:udid:type2.rid678.achid0.userid1380013811135919@6gc.mnc015.mcc234.3gppnetwork.org', 'agent_attribute': '载重运输', 'authorization_mode': 'Mode2'}, 'proof': {'creator': 'did:robotfactoryissuer@6gc.mnc015.mcc234.3gppnetwork#keys-1', 'signature_value': 'MEQCIFMGmVxGYnkUuPrSuGWNBh/mqNDW6A1yWEp2B2OHYVZ1AiBaryA3/24If31kuLSCs0xEDcCfch3C8At3e1lirsYAzg=='}}, {'context': ['3gpp-ts-33.xxx-v20.0.0'], 'id': 'robot-factory/credentials/6391', 'type': ['VerifiableCredential', 'BindingSIMCredential'], 'issuer': 'did:robotfactoryissuer@6gc.mnc015.mcc234.3gppnetwork', 'valid_from': '2026-07-22T08:09:14.646667+00:00', 'valid_until': '2027-07-23T08:09:14.646667+00:00', 'claims': {'agent_name': 'RobotDog', 'agent_id': 'did:udid:type2.rid678.achid0.userid1380013811135919@6gc.mnc015.mcc234.3gppnetwork.org', 'agent_attribute': '自主导航', 'authorization_mode': 'Mode2'}, 'proof': {'creator': 'did:robotfactoryissuer@6gc.mnc015.mcc234.3gppnetwork#keys-1', 'signature_value': 'MEQCIBRdACvPy7PqigDV/cpo3pM5CpR5Aun4XDU26yPnfrCCAiBcz5OgX+N4PLu+73QRF0e7J77ZQ8JbMtsJ+hkKam1g4g=='}}, {'context': ['3gpp-ts-33.xxx-v20.0.0'], 'id': 'robot-factory/credentials/3782', 'type': ['VerifiableCredential', 'BindingSIMCredential'], 'issuer': 'did:robotfactoryissuer@6gc.mnc015.mcc234.3gppnetwork', 'valid_from': '2026-07-22T08:09:14.646667+00:00', 'valid_until': '2027-07-23T08:09:14.646667+00:00', 'claims': {'agent_name': 'RobotDog', 'agent_id': 'did:udid:type2.rid678.achid0.userid1380013811135919@6gc.mnc015.mcc234.3gppnetwork.org', 'agent_attribute': '高清摄像', 'authorization_mode': 'Mode2'}, 'proof': {'creator': 'did:robotfactoryissuer@6gc.mnc015.mcc234.3gppnetwork#keys-1', 'signature_value': 'MEUCIBG7VcSFpkTToVbS0X33SdqylCFqC6W65uEuA1Fqn+PxAiEAnvGNVlcIy+DzlCIUunCqcHVgzjv2BpbHqW/d2i+h58M='}}]
2026-07-23 16:09:14 [INFO] IdentityManager - Persisted identity state: {'agent_id': 'did:udid:type2.rid678.achid0.userid1380013811135919@6gc.mnc015.mcc234.3gppnetwork.org', 'vc0': {'context': ['3gpp-ts-33.xxx-v20.0.0'], 'id': 'CMCC/credentials/4456', 'type': ['VerifiableCredential', 'BindingSIMCredential'], 'issuer': 'did:udid:idm@6gc.mnc015.mcc234.3gppnetwork.org', 'valid_from': '2026-07-23T08:09:08Z', 'valid_until': '2027-07-23T08:09:08Z', 'claims': {'agent_name': 'RobotDog', 'agent_id': 'did:udid:type2.rid678.achid0.userid1380013811135919@6gc.mnc015.mcc234.3gppnetwork.org', 'agent_attribute': '6G业务开通', 'master_id': 'type0.rid678.schid0.userid1userid20001@6gc0001@6gc.mnc015.mcc234.3gppnetwork.org', 'self_id': 'type0.rid678.schid0..mnc015.mcc234.3gppnetwork.org'}, 'proof': {'creator': 'did:udid:idm@6gc.mnc015.mcc234.3gppnetwork.org#keys-1', 'signature_value': 'MEYCIQDh93aqXwjMtj5qKRg42va/+3MPMWLehaPHUPP+FW7SpgIhANGubYeGDUbSuqSwm29YUsCWU6yfWiobJ/HIHNLC0zC2'}}, 'capability_names': ['载重运输', '自主导航', '高清摄像'], 'capability_vcs': [{'context': ['3gpp-ts-33.xxx-v20.0.0'], 'id': 'robot-factory/credentials/1552', 'type': ['VerifiableCredential', 'BindingSIMCredential'], 'issuer': 'did:robotfactoryissuer@6gc.mnc015.mcc234.3gppnetwork', 'valid_from': '2026-07-22T08:09:14.646667+00:00', 'valid_until': '2027-07-23T08:09:14.646667+00:00', 'claims': {'agent_name': 'RobotDog', 'agent_id': 'did:udid:type2.rid678.achid0.userid1380013811135919@6gc.mnc015.mcc234.3gppnetwork.org', 'agent_attribute': '载重运输', 'authorization_mode': 'Mode2'}, 'proof': {'creator': 'did:robotfactoryissuer@6gc.mnc015.mcc234.3gppnetwork#keys-1', 'signature_value': 'MEQCIFMGmVxGYnkUuPrSuGWNBh/mqNDW6A1yWEp2B2OHYVZ1AiBaryA3/24If31kuLSCs0xEDcCfch3C8At3e1lirsYAzg=='}}, {'context': ['3gpp-ts-33.xxx-v20.0.0'], 'id': 'robot-factory/credentials/6391', 'type': ['VerifiableCredential', 'BindingSIMCredential'], 'issuer': 'did:robotfactoryissuer@6gc.mnc015.mcc234.3gppnetwork', 'valid_from': '2026-07-22T08:09:14.646667+00:00', 'valid_until': '2027-07-23T08:09:14.646667+00:00', 'claims': {'agent_name': 'RobotDog', 'agent_id': 'did:udid:type2.rid678.achid0.userid1380013811135919@6gc.mnc015.mcc234.3gppnetwork.org', 'agent_attribute': '自主导航', 'authorization_mode': 'Mode2'}, 'proof': {'creator': 'did:robotfactoryissuer@6gc.mnc015.mcc234.3gppnetwork#keys-1', 'signature_value': 'MEQCIBRdACvPy7PqigDV/cpo3pM5CpR5Aun4XDU26yPnfrCCAiBcz5OgX+N4PLu+73QRF0e7J77ZQ8JbMtsJ+hkKam1g4g=='}}, {'context': ['3gpp-ts-33.xxx-v20.0.0'], 'id': 'robot-factory/credentials/3782', 'type': ['VerifiableCredential', 'BindingSIMCredential'], 'issuer': 'did:robotfactoryissuer@6gc.mnc015.mcc234.3gppnetwork', 'valid_from': '2026-07-22T08:09:14.646667+00:00', 'valid_until': '2027-07-23T08:09:14.646667+00:00', 'claims': {'agent_name': 'RobotDog', 'agent_id': 'did:udid:type2.rid678.achid0.userid1380013811135919@6gc.mnc015.mcc234.3gppnetwork.org', 'agent_attribute': '高清摄像', 'authorization_mode': 'Mode2'}, 'proof': {'creator': 'did:robotfactoryissuer@6gc.mnc015.mcc234.3gppnetwork#keys-1', 'signature_value': 'MEUCIBG7VcSFpkTToVbS0X33SdqylCFqC6W65uEuA1Fqn+PxAiEAnvGNVlcIy+DzlCIUunCqcHVgzjv2BpbHqW/d2i+h58M='}}], 'agent_name': 'RobotDog', 'owner': '13800138111', 'priority': 4, 'metadata': {'region': 'CN', 'role': 'collaborator'}}
2026-07-23 16:09:14 [INFO] HttpClient - HTTP POST http://192.168.1.10:9010/arf/v1/agent-cards
{
  "agent_id": "did:udid:type2.rid678.achid0.userid1380013811135919@6gc.mnc015.mcc234.3gppnetwork.org",
  "priority": 4,
  "timestamp": "2026-07-23T08:09:14Z",
  "signature": "MEQCIGs7gGG/AHvGUQSzGfRyyGRHqzny0V40be/iu9sgrImLAiAacDAc9Nzo2PBj/txTXkKO8+OktcB+tOxi/jT4H+bz8Q==",
  "signature_encoding": "base64",
  "vc_list": [
    {
      "context": [
        "3gpp-ts-33.xxx-v20.0.0"
      ],
      "id": "CMCC/credentials/4456",
      "type": [
        "VerifiableCredential",
        "BindingSIMCredential"
      ],
      "issuer": "did:udid:idm@6gc.mnc015.mcc234.3gppnetwork.org",
      "valid_from": "2026-07-23T08:09:08Z",
      "valid_until": "2027-07-23T08:09:08Z",
      "claims": {
        "agent_name": "RobotDog",
        "agent_id": "did:udid:type2.rid678.achid0.userid1380013811135919@6gc.mnc015.mcc234.3gppnetwork.org",
        "agent_attribute": "6G业务开通",
        "master_id": "type0.rid678.schid0.userid1userid20001@6gc0001@6gc.mnc015.mcc234.3gppnetwork.org",
        "self_id": "type0.rid678.schid0..mnc015.mcc234.3gppnetwork.org"
      },
      "proof": {
        "creator": "did:udid:idm@6gc.mnc015.mcc234.3gppnetwork.org#keys-1",
        "signature_value": "MEYCIQDh93aqXwjMtj5qKRg42va/+3MPMWLehaPHUPP+FW7SpgIhANGubYeGDUbSuqSwm29YUsCWU6yfWiobJ/HIHNLC0zC2"
      }
    },
    {
      "context": [
        "3gpp-ts-33.xxx-v20.0.0"
      ],
      "id": "robot-factory/credentials/1552",
      "type": [
        "VerifiableCredential",
        "BindingSIMCredential"
      ],
      "issuer": "did:robotfactoryissuer@6gc.mnc015.mcc234.3gppnetwork",
      "valid_from": "2026-07-22T08:09:14.646667+00:00",
      "valid_until": "2027-07-23T08:09:14.646667+00:00",
      "claims": {
        "agent_name": "RobotDog",
        "agent_id": "did:udid:type2.rid678.achid0.userid1380013811135919@6gc.mnc015.mcc234.3gppnetwork.org",
        "agent_attribute": "载重运输",
        "authorization_mode": "Mode2"
      },
      "proof": {
        "creator": "did:robotfactoryissuer@6gc.mnc015.mcc234.3gppnetwork#keys-1",
        "signature_value": "MEQCIFMGmVxGYnkUuPrSuGWNBh/mqNDW6A1yWEp2B2OHYVZ1AiBaryA3/24If31kuLSCs0xEDcCfch3C8At3e1lirsYAzg=="
      }
    },
    {
      "context": [
        "3gpp-ts-33.xxx-v20.0.0"
      ],
      "id": "robot-factory/credentials/6391",
      "type": [
        "VerifiableCredential",
        "BindingSIMCredential"
      ],
      "issuer": "did:robotfactoryissuer@6gc.mnc015.mcc234.3gppnetwork",
      "valid_from": "2026-07-22T08:09:14.646667+00:00",
      "valid_until": "2027-07-23T08:09:14.646667+00:00",
      "claims": {
        "agent_name": "RobotDog",
        "agent_id": "did:udid:type2.rid678.achid0.userid1380013811135919@6gc.mnc015.mcc234.3gppnetwork.org",
        "agent_attribute": "自主导航",
        "authorization_mode": "Mode2"
      },
      "proof": {
        "creator": "did:robotfactoryissuer@6gc.mnc015.mcc234.3gppnetwork#keys-1",
        "signature_value": "MEQCIBRdACvPy7PqigDV/cpo3pM5CpR5Aun4XDU26yPnfrCCAiBcz5OgX+N4PLu+73QRF0e7J77ZQ8JbMtsJ+hkKam1g4g=="
      }
    },
    {
      "context": [
        "3gpp-ts-33.xxx-v20.0.0"
      ],
      "id": "robot-factory/credentials/3782",
      "type": [
        "VerifiableCredential",
        "BindingSIMCredential"
      ],
      "issuer": "did:robotfactoryissuer@6gc.mnc015.mcc234.3gppnetwork",
      "valid_from": "2026-07-22T08:09:14.646667+00:00",
      "valid_until": "2027-07-23T08:09:14.646667+00:00",
      "claims": {
        "agent_name": "RobotDog",
        "agent_id": "did:udid:type2.rid678.achid0.userid1380013811135919@6gc.mnc015.mcc234.3gppnetwork.org",
        "agent_attribute": "高清摄像",
        "authorization_mode": "Mode2"
      },
      "proof": {
        "creator": "did:robotfactoryissuer@6gc.mnc015.mcc234.3gppnetwork#keys-1",
        "signature_value": "MEUCIBG7VcSFpkTToVbS0X33SdqylCFqC6W65uEuA1Fqn+PxAiEAnvGNVlcIy+DzlCIUunCqcHVgzjv2BpbHqW/d2i+h58M="
      }
    }
  ]
}
2026-07-23 16:09:14 [INFO] httpx - HTTP Request: POST http://192.168.1.10:9010/arf/v1/agent-cards "HTTP/1.1 200 OK"
2026-07-23 16:09:14 [INFO] HttpClient - HTTP response /arf/v1/agent-cards
{
  "status": "OK"
}
2026-07-23 16:09:14 [INFO] AcnSDK - Robot attribute registered. agent_id=did:udid:type2.rid678.achid0.userid1380013811135919@6gc.mnc015.mcc234.3gppnetwork.org
2026-07-23 16:09:14 [INFO] WebSocketClient - Connecting websocket to ws://192.168.1.10:9002/ws
2026-07-23 16:09:14 [INFO] WebSocketClient - Websocket connected.
2026-07-23 16:09:14 [INFO] WebSocketClient - Sending websocket payload
{
  "type": "SETUP",
  "timestamp": "2026-07-23T08:09:14Z",
  "payload": {
    "src_agent_id": "did:udid:type2.rid678.achid0.userid1380013811135919@6gc.mnc015.mcc234.3gppnetwork.org"
  }
}
2026-07-23 16:09:14 [INFO] WebSocketClient - Received websocket payload
{
  "type": "SETUP",
  "timestamp": "2026-07-23T08:09:09.092254Z",
  "payload": {
    "status": "OK"
  }
}
2026-07-23 16:09:14 [INFO] MoQClient - Connecting MoQ client role=publisher remote=192.168.1.10:9003
2026-07-23 16:09:14 [INFO] moq.pub.publisher - MOQPublisher initialized for 192.168.1.10:9003
2026-07-23 16:09:14 [INFO] moq.pub.publisher - Connecting to relay at 192.168.1.10:9003
2026-07-23 16:09:14 [INFO] moq.transport.quic_transport - QUIC client config: congestion=cubic max_data=67108864 max_stream_data=67108864
2026-07-23 16:09:14 [INFO] moq.transport.quic_transport - Connecting to 192.168.1.10:9003
2026-07-23 16:09:14 [INFO] moq.transport.quic_transport - MOQQuicProtocol initialized
2026-07-23 16:09:14 [INFO] quic - [a6e83363c778bc0e] Negotiated protocol version 0x00000001 (VERSION_1)
2026-07-23 16:09:14 [INFO] quic - [a6e83363c778bc0e] ALPN negotiated protocol moq-00
2026-07-23 16:09:14 [INFO] moq.transport.quic_transport - QUIC connection established
2026-07-23 16:09:14 [INFO] moq.session.session - MOQSession created: session_id=pub-281472904992592, role=PUBLISHER
2026-07-23 16:09:14 [INFO] moq.session.session - Sent SETUP: version=4278190097, role=PUBLISHER
2026-07-23 16:09:14 [INFO] moq.pub.publisher - Connected to relay
2026-07-23 16:09:14 [INFO] MoQClient - MoQ publisher connected to relay
2026-07-23 16:09:14 [INFO] MoQClient - MoQ client connected role=publisher remote=192.168.1.10:9003
2026-07-23 16:09:14 [INFO] MoQClient - Connecting MoQ client role=subscriber remote=192.168.1.10:9003
2026-07-23 16:09:14 [INFO] moq.sub.subscriber - MOQSubscriber initialized for 192.168.1.10:9003
2026-07-23 16:09:14 [INFO] moq.sub.subscriber - Connecting to relay at 192.168.1.10:9003
2026-07-23 16:09:14 [INFO] moq.transport.quic_transport - QUIC client config: congestion=cubic max_data=67108864 max_stream_data=67108864
2026-07-23 16:09:14 [INFO] moq.transport.quic_transport - Connecting to 192.168.1.10:9003
2026-07-23 16:09:14 [INFO] moq.transport.quic_transport - MOQQuicProtocol initialized
2026-07-23 16:09:14 [INFO] quic - [1a4fa681a336d17a] Negotiated protocol version 0x00000001 (VERSION_1)
2026-07-23 16:09:14 [INFO] quic - [1a4fa681a336d17a] ALPN negotiated protocol moq-00
2026-07-23 16:09:14 [INFO] moq.transport.quic_transport - QUIC connection established
2026-07-23 16:09:14 [INFO] moq.session.session - MOQSession created: session_id=sub-281472905000896, role=SUBSCRIBER
2026-07-23 16:09:14 [INFO] moq.session.session - Sent SETUP: version=4278190097, role=SUBSCRIBER
2026-07-23 16:09:14 [INFO] moq.sub.subscriber - Connected to relay
2026-07-23 16:09:14 [INFO] MoQClient - MoQ subscriber connected to relay
2026-07-23 16:09:14 [INFO] MoQClient - MoQ client connected role=subscriber remote=192.168.1.10:9003
2026-07-23 16:09:14 [INFO] AcnSDK - Background network listener started.
2026-07-23 16:09:14 [INFO] AcnSDK - Network join successful for agent_id=did:udid:type2.rid678.achid0.userid1380013811135919@6gc.mnc015.mcc234.3gppnetwork.org
2026-07-23 16:09:14 [INFO] AcnSDK - Queried local agent info agent_id=did:udid:type2.rid678.achid0.userid1380013811135919@6gc.mnc015.mcc234.3gppnetwork.org
2026-07-23 16:09:15 [INFO] HttpClient - HTTP POST http://192.168.1.10:9010/acn-agent/v1/owner-agents
{
  "owner": "13800138111"
}
2026-07-23 16:09:15 [INFO] httpx - HTTP Request: POST http://192.168.1.10:9010/acn-agent/v1/owner-agents "HTTP/1.1 200 OK"
2026-07-23 16:09:15 [INFO] HttpClient - HTTP response /acn-agent/v1/owner-agents
{
  "owner": "13800138111",
  "total": 4,
  "agents": [
    {
      "agent_id": "did:udid:type2.rid678.achid0.userid1380013811127392@6gc.mnc015.mcc234.3gppnetwork.org",
      "agent_name": "RobotDog",
      "description": "RobotDogModel, SN654321"
    },
    {
      "agent_id": "did:udid:type2.rid678.achid0.userid1380013811135919@6gc.mnc015.mcc234.3gppnetwork.org",
      "agent_name": "RobotDog",
      "description": "RobotDogModel, SN654321"
    },
    {
      "agent_id": "did:udid:type2.rid678.achid0.userid1380013811140750@6gc.mnc015.mcc234.3gppnetwork.org",
      "agent_name": "RobotDog",
      "description": "RobotDogModel, SN654321"
    },
    {
      "agent_id": "did:udid:type2.rid678.achid0.userid1380013811169706@6gc.mnc015.mcc234.3gppnetwork.org",
      "agent_name": "RobotDog",
      "description": "RobotDogModel, SN654321"
    }
  ]
}
2026-07-23 16:09:15 [INFO] AcnSDK - Queried agent list owner=13800138111
2026-07-24 14:43:48 [INFO] AcnSDK - Cleared identity cache file: /home/unitree/zxy/imt/acn_sdk/data/identity.json
2026-07-24 14:43:48 [INFO] AcnSDK - AcnSDK initialized for agent=RobotDog, network_status=offline
2026-07-24 14:43:48 [INFO] AcnSDK - SDK network endpoints acn_agent=9010 ws=9002 moq=9003 web_ui=9005
2026-07-24 14:43:48 [INFO] HttpClient - HTTP POST http://192.168.1.10:9010/idm/v1/identity-applications
{
  "owner": "13800138111",
  "name": "RobotDog",
  "public_key": "-----BEGIN PUBLIC KEY-----\nMFkwEwYHKoZIzj0CAQYIKoZIzj0DAQcDQgAEjNqmCmtuP9IpEQb88DZmbN0nfAMT\nu0mALPHBfC+5PQSKfmfgFQoiv30y7MZCB4iQHIEf4S7+dHY/x6KK0s6Dfw==\n-----END PUBLIC KEY-----\n",
  "description": "RobotDogModel, SN654321",
  "timestamp": "2026-07-24T06:43:48Z",
  "metadata": {
    "region": "CN",
    "role": "collaborator"
  },
  "signature": "MEUCIQC+8i2/l54QukLamscITSkghML3AHcbGN9ArDFMkEvztAIgVDlxUaJiYs/ZEc+xFcDywmQ4m70B43tINGoLrOAGS6U=",
  "signature_encoding": "base64"
}
2026-07-24 14:43:49 [INFO] httpx - HTTP Request: POST http://192.168.1.10:9010/idm/v1/identity-applications "HTTP/1.1 200 OK"
2026-07-24 14:43:49 [INFO] HttpClient - HTTP response /idm/v1/identity-applications
{
  "result": "success",
  "agent_id": "did:udid:type2.rid678.achid0.userid1380013811155912@6gc.mnc015.mcc234.3gppnetwork.org",
  "vc0": {
    "context": [
      "3gpp-ts-33.xxx-v20.0.0"
    ],
    "id": "CMCC/credentials/9056",
    "type": [
      "VerifiableCredential",
      "BindingSIMCredential"
    ],
    "issuer": "did:udid:idm@6gc.mnc015.mcc234.3gppnetwork.org",
    "valid_from": "2026-07-24T06:43:48Z",
    "valid_until": "2027-07-24T06:43:48Z",
    "claims": {
      "agent_name": "RobotDog",
      "agent_id": "did:udid:type2.rid678.achid0.userid1380013811155912@6gc.mnc015.mcc234.3gppnetwork.org",
      "agent_attribute": "6G业务开通",
      "master_id": "type0.rid678.schid0.userid1userid20001@6gc0001@6gc.mnc015.mcc234.3gppnetwork.org",
      "self_id": "type0.rid678.schid0..mnc015.mcc234.3gppnetwork.org"
    },
    "proof": {
      "creator": "did:udid:idm@6gc.mnc015.mcc234.3gppnetwork.org#keys-1",
      "signature_value": "MEYCIQCd9Chbt+I5J/qT7cBCZkrmsmAhTgbqigeEGepvS48NDwIhANO+ILnrjkQcyBcczRJ7rx1AwQIHylnSb6BiftuC1Hes"
    }
  }
}
2026-07-24 14:43:49 [INFO] IdentityManager - Persisted identity state: {'agent_id': 'did:udid:type2.rid678.achid0.userid1380013811155912@6gc.mnc015.mcc234.3gppnetwork.org', 'vc0': {'context': ['3gpp-ts-33.xxx-v20.0.0'], 'id': 'CMCC/credentials/9056', 'type': ['VerifiableCredential', 'BindingSIMCredential'], 'issuer': 'did:udid:idm@6gc.mnc015.mcc234.3gppnetwork.org', 'valid_from': '2026-07-24T06:43:48Z', 'valid_until': '2027-07-24T06:43:48Z', 'claims': {'agent_name': 'RobotDog', 'agent_id': 'did:udid:type2.rid678.achid0.userid1380013811155912@6gc.mnc015.mcc234.3gppnetwork.org', 'agent_attribute': '6G业务开通', 'master_id': 'type0.rid678.schid0.userid1userid20001@6gc0001@6gc.mnc015.mcc234.3gppnetwork.org', 'self_id': 'type0.rid678.schid0..mnc015.mcc234.3gppnetwork.org'}, 'proof': {'creator': 'did:udid:idm@6gc.mnc015.mcc234.3gppnetwork.org#keys-1', 'signature_value': 'MEYCIQCd9Chbt+I5J/qT7cBCZkrmsmAhTgbqigeEGepvS48NDwIhANO+ILnrjkQcyBcczRJ7rx1AwQIHylnSb6BiftuC1Hes'}}, 'capability_names': [], 'capability_vcs': [], 'agent_name': 'RobotDog', 'owner': '13800138111', 'priority': 4, 'metadata': {'region': 'CN', 'role': 'collaborator'}}
2026-07-24 14:43:49 [INFO] AcnSDK - Agent registered. agent_id=did:udid:type2.rid678.achid0.userid1380013811155912@6gc.mnc015.mcc234.3gppnetwork.org
2026-07-24 14:43:49 [INFO] CredentialIssuer - Issued capability VCs: [{'context': ['3gpp-ts-33.xxx-v20.0.0'], 'id': 'robot-factory/credentials/7133', 'type': ['VerifiableCredential', 'BindingSIMCredential'], 'issuer': 'did:robotfactoryissuer@6gc.mnc015.mcc234.3gppnetwork', 'valid_from': '2026-07-23T06:43:49.720532+00:00', 'valid_until': '2027-07-24T06:43:49.720532+00:00', 'claims': {'agent_name': 'RobotDog', 'agent_id': 'did:udid:type2.rid678.achid0.userid1380013811155912@6gc.mnc015.mcc234.3gppnetwork.org', 'agent_attribute': '载重运输', 'authorization_mode': 'Mode2'}, 'proof': {'creator': 'did:robotfactoryissuer@6gc.mnc015.mcc234.3gppnetwork#keys-1', 'signature_value': 'MEQCIBJ02RTNrjzzkYRJooLPmaR79NSpQRNGa7c04FvfiPgFAiABi4L8FwuA6Miv+bLRWA8Z+0B8UVsCCnsTrGqq7EPwPQ=='}}, {'context': ['3gpp-ts-33.xxx-v20.0.0'], 'id': 'robot-factory/credentials/7714', 'type': ['VerifiableCredential', 'BindingSIMCredential'], 'issuer': 'did:robotfactoryissuer@6gc.mnc015.mcc234.3gppnetwork', 'valid_from': '2026-07-23T06:43:49.720532+00:00', 'valid_until': '2027-07-24T06:43:49.720532+00:00', 'claims': {'agent_name': 'RobotDog', 'agent_id': 'did:udid:type2.rid678.achid0.userid1380013811155912@6gc.mnc015.mcc234.3gppnetwork.org', 'agent_attribute': '自主导航', 'authorization_mode': 'Mode2'}, 'proof': {'creator': 'did:robotfactoryissuer@6gc.mnc015.mcc234.3gppnetwork#keys-1', 'signature_value': 'MEQCICOK4gYUZzX0uxyvouZZPkdE2YauCf5ova9hasP482mVAiBKCPIVs/KTehI/5p+1+02El2JHL9yF3VJZ3lORbrsTcQ=='}}, {'context': ['3gpp-ts-33.xxx-v20.0.0'], 'id': 'robot-factory/credentials/2401', 'type': ['VerifiableCredential', 'BindingSIMCredential'], 'issuer': 'did:robotfactoryissuer@6gc.mnc015.mcc234.3gppnetwork', 'valid_from': '2026-07-23T06:43:49.720532+00:00', 'valid_until': '2027-07-24T06:43:49.720532+00:00', 'claims': {'agent_name': 'RobotDog', 'agent_id': 'did:udid:type2.rid678.achid0.userid1380013811155912@6gc.mnc015.mcc234.3gppnetwork.org', 'agent_attribute': '高清摄像', 'authorization_mode': 'Mode2'}, 'proof': {'creator': 'did:robotfactoryissuer@6gc.mnc015.mcc234.3gppnetwork#keys-1', 'signature_value': 'MEUCIQD7a2mQiMw5fYBx55vuCsQPcJLBok1uF/GvXYfVszYhaQIgMmo8QD5G+cDPXOxopdDIPNbYF1YQf+uKA5gJYzVQS8o='}}]
2026-07-24 14:43:49 [INFO] IdentityManager - Persisted identity state: {'agent_id': 'did:udid:type2.rid678.achid0.userid1380013811155912@6gc.mnc015.mcc234.3gppnetwork.org', 'vc0': {'context': ['3gpp-ts-33.xxx-v20.0.0'], 'id': 'CMCC/credentials/9056', 'type': ['VerifiableCredential', 'BindingSIMCredential'], 'issuer': 'did:udid:idm@6gc.mnc015.mcc234.3gppnetwork.org', 'valid_from': '2026-07-24T06:43:48Z', 'valid_until': '2027-07-24T06:43:48Z', 'claims': {'agent_name': 'RobotDog', 'agent_id': 'did:udid:type2.rid678.achid0.userid1380013811155912@6gc.mnc015.mcc234.3gppnetwork.org', 'agent_attribute': '6G业务开通', 'master_id': 'type0.rid678.schid0.userid1userid20001@6gc0001@6gc.mnc015.mcc234.3gppnetwork.org', 'self_id': 'type0.rid678.schid0..mnc015.mcc234.3gppnetwork.org'}, 'proof': {'creator': 'did:udid:idm@6gc.mnc015.mcc234.3gppnetwork.org#keys-1', 'signature_value': 'MEYCIQCd9Chbt+I5J/qT7cBCZkrmsmAhTgbqigeEGepvS48NDwIhANO+ILnrjkQcyBcczRJ7rx1AwQIHylnSb6BiftuC1Hes'}}, 'capability_names': ['载重运输', '自主导航', '高清摄像'], 'capability_vcs': [{'context': ['3gpp-ts-33.xxx-v20.0.0'], 'id': 'robot-factory/credentials/7133', 'type': ['VerifiableCredential', 'BindingSIMCredential'], 'issuer': 'did:robotfactoryissuer@6gc.mnc015.mcc234.3gppnetwork', 'valid_from': '2026-07-23T06:43:49.720532+00:00', 'valid_until': '2027-07-24T06:43:49.720532+00:00', 'claims': {'agent_name': 'RobotDog', 'agent_id': 'did:udid:type2.rid678.achid0.userid1380013811155912@6gc.mnc015.mcc234.3gppnetwork.org', 'agent_attribute': '载重运输', 'authorization_mode': 'Mode2'}, 'proof': {'creator': 'did:robotfactoryissuer@6gc.mnc015.mcc234.3gppnetwork#keys-1', 'signature_value': 'MEQCIBJ02RTNrjzzkYRJooLPmaR79NSpQRNGa7c04FvfiPgFAiABi4L8FwuA6Miv+bLRWA8Z+0B8UVsCCnsTrGqq7EPwPQ=='}}, {'context': ['3gpp-ts-33.xxx-v20.0.0'], 'id': 'robot-factory/credentials/7714', 'type': ['VerifiableCredential', 'BindingSIMCredential'], 'issuer': 'did:robotfactoryissuer@6gc.mnc015.mcc234.3gppnetwork', 'valid_from': '2026-07-23T06:43:49.720532+00:00', 'valid_until': '2027-07-24T06:43:49.720532+00:00', 'claims': {'agent_name': 'RobotDog', 'agent_id': 'did:udid:type2.rid678.achid0.userid1380013811155912@6gc.mnc015.mcc234.3gppnetwork.org', 'agent_attribute': '自主导航', 'authorization_mode': 'Mode2'}, 'proof': {'creator': 'did:robotfactoryissuer@6gc.mnc015.mcc234.3gppnetwork#keys-1', 'signature_value': 'MEQCICOK4gYUZzX0uxyvouZZPkdE2YauCf5ova9hasP482mVAiBKCPIVs/KTehI/5p+1+02El2JHL9yF3VJZ3lORbrsTcQ=='}}, {'context': ['3gpp-ts-33.xxx-v20.0.0'], 'id': 'robot-factory/credentials/2401', 'type': ['VerifiableCredential', 'BindingSIMCredential'], 'issuer': 'did:robotfactoryissuer@6gc.mnc015.mcc234.3gppnetwork', 'valid_from': '2026-07-23T06:43:49.720532+00:00', 'valid_until': '2027-07-24T06:43:49.720532+00:00', 'claims': {'agent_name': 'RobotDog', 'agent_id': 'did:udid:type2.rid678.achid0.userid1380013811155912@6gc.mnc015.mcc234.3gppnetwork.org', 'agent_attribute': '高清摄像', 'authorization_mode': 'Mode2'}, 'proof': {'creator': 'did:robotfactoryissuer@6gc.mnc015.mcc234.3gppnetwork#keys-1', 'signature_value': 'MEUCIQD7a2mQiMw5fYBx55vuCsQPcJLBok1uF/GvXYfVszYhaQIgMmo8QD5G+cDPXOxopdDIPNbYF1YQf+uKA5gJYzVQS8o='}}], 'agent_name': 'RobotDog', 'owner': '13800138111', 'priority': 4, 'metadata': {'region': 'CN', 'role': 'collaborator'}}
2026-07-24 14:43:49 [INFO] HttpClient - HTTP POST http://192.168.1.10:9010/arf/v1/agent-cards
{
  "agent_id": "did:udid:type2.rid678.achid0.userid1380013811155912@6gc.mnc015.mcc234.3gppnetwork.org",
  "priority": 4,
  "timestamp": "2026-07-24T06:43:49Z",
  "signature": "MEUCIEjh/AjksF0rSqHVFacwlCF0LdBI/VA+NP/ioM7dOI6uAiEAzCGpee91zEO31YGuipvGYwF+E4slMMqqXjDGsyUuHoU=",
  "signature_encoding": "base64",
  "vc_list": [
    {
      "context": [
        "3gpp-ts-33.xxx-v20.0.0"
      ],
      "id": "CMCC/credentials/9056",
      "type": [
        "VerifiableCredential",
        "BindingSIMCredential"
      ],
      "issuer": "did:udid:idm@6gc.mnc015.mcc234.3gppnetwork.org",
      "valid_from": "2026-07-24T06:43:48Z",
      "valid_until": "2027-07-24T06:43:48Z",
      "claims": {
        "agent_name": "RobotDog",
        "agent_id": "did:udid:type2.rid678.achid0.userid1380013811155912@6gc.mnc015.mcc234.3gppnetwork.org",
        "agent_attribute": "6G业务开通",
        "master_id": "type0.rid678.schid0.userid1userid20001@6gc0001@6gc.mnc015.mcc234.3gppnetwork.org",
        "self_id": "type0.rid678.schid0..mnc015.mcc234.3gppnetwork.org"
      },
      "proof": {
        "creator": "did:udid:idm@6gc.mnc015.mcc234.3gppnetwork.org#keys-1",
        "signature_value": "MEYCIQCd9Chbt+I5J/qT7cBCZkrmsmAhTgbqigeEGepvS48NDwIhANO+ILnrjkQcyBcczRJ7rx1AwQIHylnSb6BiftuC1Hes"
      }
    },
    {
      "context": [
        "3gpp-ts-33.xxx-v20.0.0"
      ],
      "id": "robot-factory/credentials/7133",
      "type": [
        "VerifiableCredential",
        "BindingSIMCredential"
      ],
      "issuer": "did:robotfactoryissuer@6gc.mnc015.mcc234.3gppnetwork",
      "valid_from": "2026-07-23T06:43:49.720532+00:00",
      "valid_until": "2027-07-24T06:43:49.720532+00:00",
      "claims": {
        "agent_name": "RobotDog",
        "agent_id": "did:udid:type2.rid678.achid0.userid1380013811155912@6gc.mnc015.mcc234.3gppnetwork.org",
        "agent_attribute": "载重运输",
        "authorization_mode": "Mode2"
      },
      "proof": {
        "creator": "did:robotfactoryissuer@6gc.mnc015.mcc234.3gppnetwork#keys-1",
        "signature_value": "MEQCIBJ02RTNrjzzkYRJooLPmaR79NSpQRNGa7c04FvfiPgFAiABi4L8FwuA6Miv+bLRWA8Z+0B8UVsCCnsTrGqq7EPwPQ=="
      }
    },
    {
      "context": [
        "3gpp-ts-33.xxx-v20.0.0"
      ],
      "id": "robot-factory/credentials/7714",
      "type": [
        "VerifiableCredential",
        "BindingSIMCredential"
      ],
      "issuer": "did:robotfactoryissuer@6gc.mnc015.mcc234.3gppnetwork",
      "valid_from": "2026-07-23T06:43:49.720532+00:00",
      "valid_until": "2027-07-24T06:43:49.720532+00:00",
      "claims": {
        "agent_name": "RobotDog",
        "agent_id": "did:udid:type2.rid678.achid0.userid1380013811155912@6gc.mnc015.mcc234.3gppnetwork.org",
        "agent_attribute": "自主导航",
        "authorization_mode": "Mode2"
      },
      "proof": {
        "creator": "did:robotfactoryissuer@6gc.mnc015.mcc234.3gppnetwork#keys-1",
        "signature_value": "MEQCICOK4gYUZzX0uxyvouZZPkdE2YauCf5ova9hasP482mVAiBKCPIVs/KTehI/5p+1+02El2JHL9yF3VJZ3lORbrsTcQ=="
      }
    },
    {
      "context": [
        "3gpp-ts-33.xxx-v20.0.0"
      ],
      "id": "robot-factory/credentials/2401",
      "type": [
        "VerifiableCredential",
        "BindingSIMCredential"
      ],
      "issuer": "did:robotfactoryissuer@6gc.mnc015.mcc234.3gppnetwork",
      "valid_from": "2026-07-23T06:43:49.720532+00:00",
      "valid_until": "2027-07-24T06:43:49.720532+00:00",
      "claims": {
        "agent_name": "RobotDog",
        "agent_id": "did:udid:type2.rid678.achid0.userid1380013811155912@6gc.mnc015.mcc234.3gppnetwork.org",
        "agent_attribute": "高清摄像",
        "authorization_mode": "Mode2"
      },
      "proof": {
        "creator": "did:robotfactoryissuer@6gc.mnc015.mcc234.3gppnetwork#keys-1",
        "signature_value": "MEUCIQD7a2mQiMw5fYBx55vuCsQPcJLBok1uF/GvXYfVszYhaQIgMmo8QD5G+cDPXOxopdDIPNbYF1YQf+uKA5gJYzVQS8o="
      }
    }
  ]
}
2026-07-24 14:43:50 [INFO] httpx - HTTP Request: POST http://192.168.1.10:9010/arf/v1/agent-cards "HTTP/1.1 200 OK"
2026-07-24 14:43:50 [INFO] HttpClient - HTTP response /arf/v1/agent-cards
{
  "status": "OK"
}
2026-07-24 14:43:50 [INFO] AcnSDK - Robot attribute registered. agent_id=did:udid:type2.rid678.achid0.userid1380013811155912@6gc.mnc015.mcc234.3gppnetwork.org
2026-07-24 14:43:50 [INFO] WebSocketClient - Connecting websocket to ws://192.168.1.10:9002/ws
2026-07-24 14:43:50 [INFO] WebSocketClient - Websocket connected.
2026-07-24 14:43:50 [INFO] WebSocketClient - Sending websocket payload
{
  "type": "SETUP",
  "timestamp": "2026-07-24T06:43:50Z",
  "payload": {
    "src_agent_id": "did:udid:type2.rid678.achid0.userid1380013811155912@6gc.mnc015.mcc234.3gppnetwork.org"
  }
}
2026-07-24 14:43:50 [INFO] WebSocketClient - Received websocket payload
{
  "type": "SETUP",
  "timestamp": "2026-07-24T06:43:49.496394Z",
  "payload": {
    "status": "OK"
  }
}
2026-07-24 14:43:50 [INFO] MoQClient - Connecting MoQ client role=publisher remote=192.168.1.10:9003
2026-07-24 14:43:50 [INFO] moq.pub.publisher - MOQPublisher initialized for 192.168.1.10:9003
2026-07-24 14:43:50 [INFO] moq.pub.publisher - Connecting to relay at 192.168.1.10:9003
2026-07-24 14:43:50 [INFO] moq.transport.quic_transport - QUIC client config: congestion=cubic max_data=67108864 max_stream_data=67108864
2026-07-24 14:43:50 [INFO] moq.transport.quic_transport - Connecting to 192.168.1.10:9003
2026-07-24 14:43:50 [INFO] moq.transport.quic_transport - MOQQuicProtocol initialized
2026-07-24 14:43:50 [INFO] quic - [7496bfbe789bbc9a] Negotiated protocol version 0x00000001 (VERSION_1)
2026-07-24 14:43:50 [INFO] quic - [7496bfbe789bbc9a] ALPN negotiated protocol moq-00
2026-07-24 14:43:50 [INFO] moq.transport.quic_transport - QUIC connection established
2026-07-24 14:43:50 [INFO] moq.session.session - MOQSession created: session_id=pub-281473806931648, role=PUBLISHER
2026-07-24 14:43:50 [INFO] moq.session.session - Sent SETUP: version=4278190097, role=PUBLISHER
2026-07-24 14:43:50 [INFO] moq.pub.publisher - Connected to relay
2026-07-24 14:43:50 [INFO] MoQClient - MoQ publisher connected to relay
2026-07-24 14:43:50 [INFO] MoQClient - MoQ client connected role=publisher remote=192.168.1.10:9003
2026-07-24 14:43:50 [INFO] MoQClient - Connecting MoQ client role=subscriber remote=192.168.1.10:9003
2026-07-24 14:43:50 [INFO] moq.sub.subscriber - MOQSubscriber initialized for 192.168.1.10:9003
2026-07-24 14:43:50 [INFO] moq.sub.subscriber - Connecting to relay at 192.168.1.10:9003
2026-07-24 14:43:50 [INFO] moq.transport.quic_transport - QUIC client config: congestion=cubic max_data=67108864 max_stream_data=67108864
2026-07-24 14:43:50 [INFO] moq.transport.quic_transport - Connecting to 192.168.1.10:9003
2026-07-24 14:43:50 [INFO] moq.transport.quic_transport - MOQQuicProtocol initialized
2026-07-24 14:43:50 [INFO] quic - [5833bc1a9bb8079a] Negotiated protocol version 0x00000001 (VERSION_1)
2026-07-24 14:43:50 [INFO] quic - [5833bc1a9bb8079a] ALPN negotiated protocol moq-00
2026-07-24 14:43:50 [INFO] quic - [5833bc1a9bb8079a] Duplicate CRYPTO data received for epoch Epoch.HANDSHAKE
2026-07-24 14:43:50 [INFO] moq.transport.quic_transport - QUIC connection established
2026-07-24 14:43:50 [INFO] moq.session.session - MOQSession created: session_id=sub-281473806940096, role=SUBSCRIBER
2026-07-24 14:43:50 [INFO] moq.session.session - Sent SETUP: version=4278190097, role=SUBSCRIBER
2026-07-24 14:43:50 [INFO] moq.sub.subscriber - Connected to relay
2026-07-24 14:43:50 [INFO] MoQClient - MoQ subscriber connected to relay
2026-07-24 14:43:50 [INFO] MoQClient - MoQ client connected role=subscriber remote=192.168.1.10:9003
2026-07-24 14:43:50 [INFO] AcnSDK - Background network listener started.
2026-07-24 14:43:50 [INFO] AcnSDK - Network join successful for agent_id=did:udid:type2.rid678.achid0.userid1380013811155912@6gc.mnc015.mcc234.3gppnetwork.org
2026-07-24 14:43:50 [INFO] AcnSDK - Queried local agent info agent_id=did:udid:type2.rid678.achid0.userid1380013811155912@6gc.mnc015.mcc234.3gppnetwork.org
2026-07-24 14:43:50 [INFO] HttpClient - HTTP POST http://192.168.1.10:9010/acn-agent/v1/owner-agents
{
  "owner": "13800138111"
}
2026-07-24 14:43:50 [INFO] httpx - HTTP Request: POST http://192.168.1.10:9010/acn-agent/v1/owner-agents "HTTP/1.1 200 OK"
2026-07-24 14:43:50 [INFO] HttpClient - HTTP response /acn-agent/v1/owner-agents
{
  "owner": "13800138111",
  "total": 5,
  "agents": [
    {
      "agent_id": "did:udid:type2.rid678.achid0.userid1380013811127392@6gc.mnc015.mcc234.3gppnetwork.org",
      "agent_name": "RobotDog",
      "description": "RobotDogModel, SN654321"
    },
    {
      "agent_id": "did:udid:type2.rid678.achid0.userid1380013811135919@6gc.mnc015.mcc234.3gppnetwork.org",
      "agent_name": "RobotDog",
      "description": "RobotDogModel, SN654321"
    },
    {
      "agent_id": "did:udid:type2.rid678.achid0.userid1380013811140750@6gc.mnc015.mcc234.3gppnetwork.org",
      "agent_name": "RobotDog",
      "description": "RobotDogModel, SN654321"
    },
    {
      "agent_id": "did:udid:type2.rid678.achid0.userid1380013811155912@6gc.mnc015.mcc234.3gppnetwork.org",
      "agent_name": "RobotDog",
      "description": "RobotDogModel, SN654321"
    },
    {
      "agent_id": "did:udid:type2.rid678.achid0.userid1380013811169706@6gc.mnc015.mcc234.3gppnetwork.org",
      "agent_name": "RobotDog",
      "description": "RobotDogModel, SN654321"
    }
  ]
}
2026-07-24 14:43:50 [INFO] AcnSDK - Queried agent list owner=13800138111
2026-07-24 19:18:36 [INFO] AcnSDK - Cleared identity cache file: /home/unitree/zxy/imt/acn_sdk/data/identity.json
2026-07-24 19:18:36 [INFO] AcnSDK - AcnSDK initialized for agent=RobotDog, network_status=offline
2026-07-24 19:18:36 [INFO] AcnSDK - SDK network endpoints acn_agent=9010 ws=9002 moq=9003 web_ui=9005
2026-07-24 19:18:36 [INFO] HttpClient - HTTP POST http://192.168.1.10:9010/idm/v1/identity-applications
{
  "owner": "13800138111",
  "name": "RobotDog",
  "public_key": "-----BEGIN PUBLIC KEY-----\nMFkwEwYHKoZIzj0CAQYIKoZIzj0DAQcDQgAEjNqmCmtuP9IpEQb88DZmbN0nfAMT\nu0mALPHBfC+5PQSKfmfgFQoiv30y7MZCB4iQHIEf4S7+dHY/x6KK0s6Dfw==\n-----END PUBLIC KEY-----\n",
  "description": "RobotDogModel, SN654321",
  "timestamp": "2026-07-24T11:18:36Z",
  "metadata": {
    "region": "CN",
    "role": "collaborator"
  },
  "signature": "MEUCIE9W0iJ70vh4V0d/TA/Hff4C+KOvSBqz8mxY3iy9zfsPAiEAzV2QHdwQtITpZm6YvyW9cIRhs06SoQVX8++3qgj37Jg=",
  "signature_encoding": "base64"
}
2026-07-24 19:18:36 [INFO] httpx - HTTP Request: POST http://192.168.1.10:9010/idm/v1/identity-applications "HTTP/1.1 200 OK"
2026-07-24 19:18:36 [INFO] HttpClient - HTTP response /idm/v1/identity-applications
{
  "result": "success",
  "agent_id": "did:udid:type2.rid678.achid0.userid1380013811157226@6gc.mnc015.mcc234.3gppnetwork.org",
  "vc0": {
    "context": [
      "3gpp-ts-33.xxx-v20.0.0"
    ],
    "id": "CMCC/credentials/1546",
    "type": [
      "VerifiableCredential",
      "BindingSIMCredential"
    ],
    "issuer": "did:udid:idm@6gc.mnc015.mcc234.3gppnetwork.org",
    "valid_from": "2026-07-24T11:18:29Z",
    "valid_until": "2027-07-24T11:18:29Z",
    "claims": {
      "agent_name": "RobotDog",
      "agent_id": "did:udid:type2.rid678.achid0.userid1380013811157226@6gc.mnc015.mcc234.3gppnetwork.org",
      "agent_attribute": "6G业务开通",
      "master_id": "type0.rid678.schid0.userid1userid20001@6gc0001@6gc.mnc015.mcc234.3gppnetwork.org",
      "self_id": "type0.rid678.schid0..mnc015.mcc234.3gppnetwork.org"
    },
    "proof": {
      "creator": "did:udid:idm@6gc.mnc015.mcc234.3gppnetwork.org#keys-1",
      "signature_value": "MEUCIDiqk6CURi61mvxyP4zJUYpyKLPsNkQ/fsKqIm34F+VWAiEAoLr0pbGXsgvgSI0HpFEXuk0BzLS528f4qqRvIfBQ1ZM="
    }
  }
}
2026-07-24 19:18:36 [INFO] IdentityManager - Persisted identity state: {'agent_id': 'did:udid:type2.rid678.achid0.userid1380013811157226@6gc.mnc015.mcc234.3gppnetwork.org', 'vc0': {'context': ['3gpp-ts-33.xxx-v20.0.0'], 'id': 'CMCC/credentials/1546', 'type': ['VerifiableCredential', 'BindingSIMCredential'], 'issuer': 'did:udid:idm@6gc.mnc015.mcc234.3gppnetwork.org', 'valid_from': '2026-07-24T11:18:29Z', 'valid_until': '2027-07-24T11:18:29Z', 'claims': {'agent_name': 'RobotDog', 'agent_id': 'did:udid:type2.rid678.achid0.userid1380013811157226@6gc.mnc015.mcc234.3gppnetwork.org', 'agent_attribute': '6G业务开通', 'master_id': 'type0.rid678.schid0.userid1userid20001@6gc0001@6gc.mnc015.mcc234.3gppnetwork.org', 'self_id': 'type0.rid678.schid0..mnc015.mcc234.3gppnetwork.org'}, 'proof': {'creator': 'did:udid:idm@6gc.mnc015.mcc234.3gppnetwork.org#keys-1', 'signature_value': 'MEUCIDiqk6CURi61mvxyP4zJUYpyKLPsNkQ/fsKqIm34F+VWAiEAoLr0pbGXsgvgSI0HpFEXuk0BzLS528f4qqRvIfBQ1ZM='}}, 'capability_names': [], 'capability_vcs': [], 'agent_name': 'RobotDog', 'owner': '13800138111', 'priority': 4, 'metadata': {'region': 'CN', 'role': 'collaborator'}}
2026-07-24 19:18:36 [INFO] AcnSDK - Agent registered. agent_id=did:udid:type2.rid678.achid0.userid1380013811157226@6gc.mnc015.mcc234.3gppnetwork.org
2026-07-24 19:18:36 [INFO] CredentialIssuer - Issued capability VCs: [{'context': ['3gpp-ts-33.xxx-v20.0.0'], 'id': 'robot-factory/credentials/9701', 'type': ['VerifiableCredential', 'BindingSIMCredential'], 'issuer': 'did:robotfactoryissuer@6gc.mnc015.mcc234.3gppnetwork', 'valid_from': '2026-07-23T11:18:36.921541+00:00', 'valid_until': '2027-07-24T11:18:36.921541+00:00', 'claims': {'agent_name': 'RobotDog', 'agent_id': 'did:udid:type2.rid678.achid0.userid1380013811157226@6gc.mnc015.mcc234.3gppnetwork.org', 'agent_attribute': '载重运输', 'authorization_mode': 'Mode2'}, 'proof': {'creator': 'did:robotfactoryissuer@6gc.mnc015.mcc234.3gppnetwork#keys-1', 'signature_value': 'MEUCIDtvwC1KkgiHwlqhcTyxKX0VBwyzc3fuEqWmiq31UziDAiEAqBPqJdRgq5q3Zo/VECa3hjfzEJu6bHKVvhbfE2sAKuQ='}}, {'context': ['3gpp-ts-33.xxx-v20.0.0'], 'id': 'robot-factory/credentials/4329', 'type': ['VerifiableCredential', 'BindingSIMCredential'], 'issuer': 'did:robotfactoryissuer@6gc.mnc015.mcc234.3gppnetwork', 'valid_from': '2026-07-23T11:18:36.921541+00:00', 'valid_until': '2027-07-24T11:18:36.921541+00:00', 'claims': {'agent_name': 'RobotDog', 'agent_id': 'did:udid:type2.rid678.achid0.userid1380013811157226@6gc.mnc015.mcc234.3gppnetwork.org', 'agent_attribute': '自主导航', 'authorization_mode': 'Mode2'}, 'proof': {'creator': 'did:robotfactoryissuer@6gc.mnc015.mcc234.3gppnetwork#keys-1', 'signature_value': 'MEYCIQCVVV1gY2g9buXUuPHQPm+ihfnB+kT34+BnAiItsxlp5QIhAMsjQVEdH6cKZMWEzpsJkMOVB8hM8NkGfXfo4KZ6OHt9'}}, {'context': ['3gpp-ts-33.xxx-v20.0.0'], 'id': 'robot-factory/credentials/4888', 'type': ['VerifiableCredential', 'BindingSIMCredential'], 'issuer': 'did:robotfactoryissuer@6gc.mnc015.mcc234.3gppnetwork', 'valid_from': '2026-07-23T11:18:36.921541+00:00', 'valid_until': '2027-07-24T11:18:36.921541+00:00', 'claims': {'agent_name': 'RobotDog', 'agent_id': 'did:udid:type2.rid678.achid0.userid1380013811157226@6gc.mnc015.mcc234.3gppnetwork.org', 'agent_attribute': '高清摄像', 'authorization_mode': 'Mode2'}, 'proof': {'creator': 'did:robotfactoryissuer@6gc.mnc015.mcc234.3gppnetwork#keys-1', 'signature_value': 'MEUCIQDtydel8yo0Z6JqGb8ITCO1taeeZCyXDBhzWqhsPuIcNAIgSpJAzRUguIE0QkUdjg1R74Wcz9zZTBbVGRxbRlPOxHI='}}]
2026-07-24 19:18:36 [INFO] IdentityManager - Persisted identity state: {'agent_id': 'did:udid:type2.rid678.achid0.userid1380013811157226@6gc.mnc015.mcc234.3gppnetwork.org', 'vc0': {'context': ['3gpp-ts-33.xxx-v20.0.0'], 'id': 'CMCC/credentials/1546', 'type': ['VerifiableCredential', 'BindingSIMCredential'], 'issuer': 'did:udid:idm@6gc.mnc015.mcc234.3gppnetwork.org', 'valid_from': '2026-07-24T11:18:29Z', 'valid_until': '2027-07-24T11:18:29Z', 'claims': {'agent_name': 'RobotDog', 'agent_id': 'did:udid:type2.rid678.achid0.userid1380013811157226@6gc.mnc015.mcc234.3gppnetwork.org', 'agent_attribute': '6G业务开通', 'master_id': 'type0.rid678.schid0.userid1userid20001@6gc0001@6gc.mnc015.mcc234.3gppnetwork.org', 'self_id': 'type0.rid678.schid0..mnc015.mcc234.3gppnetwork.org'}, 'proof': {'creator': 'did:udid:idm@6gc.mnc015.mcc234.3gppnetwork.org#keys-1', 'signature_value': 'MEUCIDiqk6CURi61mvxyP4zJUYpyKLPsNkQ/fsKqIm34F+VWAiEAoLr0pbGXsgvgSI0HpFEXuk0BzLS528f4qqRvIfBQ1ZM='}}, 'capability_names': ['载重运输', '自主导航', '高清摄像'], 'capability_vcs': [{'context': ['3gpp-ts-33.xxx-v20.0.0'], 'id': 'robot-factory/credentials/9701', 'type': ['VerifiableCredential', 'BindingSIMCredential'], 'issuer': 'did:robotfactoryissuer@6gc.mnc015.mcc234.3gppnetwork', 'valid_from': '2026-07-23T11:18:36.921541+00:00', 'valid_until': '2027-07-24T11:18:36.921541+00:00', 'claims': {'agent_name': 'RobotDog', 'agent_id': 'did:udid:type2.rid678.achid0.userid1380013811157226@6gc.mnc015.mcc234.3gppnetwork.org', 'agent_attribute': '载重运输', 'authorization_mode': 'Mode2'}, 'proof': {'creator': 'did:robotfactoryissuer@6gc.mnc015.mcc234.3gppnetwork#keys-1', 'signature_value': 'MEUCIDtvwC1KkgiHwlqhcTyxKX0VBwyzc3fuEqWmiq31UziDAiEAqBPqJdRgq5q3Zo/VECa3hjfzEJu6bHKVvhbfE2sAKuQ='}}, {'context': ['3gpp-ts-33.xxx-v20.0.0'], 'id': 'robot-factory/credentials/4329', 'type': ['VerifiableCredential', 'BindingSIMCredential'], 'issuer': 'did:robotfactoryissuer@6gc.mnc015.mcc234.3gppnetwork', 'valid_from': '2026-07-23T11:18:36.921541+00:00', 'valid_until': '2027-07-24T11:18:36.921541+00:00', 'claims': {'agent_name': 'RobotDog', 'agent_id': 'did:udid:type2.rid678.achid0.userid1380013811157226@6gc.mnc015.mcc234.3gppnetwork.org', 'agent_attribute': '自主导航', 'authorization_mode': 'Mode2'}, 'proof': {'creator': 'did:robotfactoryissuer@6gc.mnc015.mcc234.3gppnetwork#keys-1', 'signature_value': 'MEYCIQCVVV1gY2g9buXUuPHQPm+ihfnB+kT34+BnAiItsxlp5QIhAMsjQVEdH6cKZMWEzpsJkMOVB8hM8NkGfXfo4KZ6OHt9'}}, {'context': ['3gpp-ts-33.xxx-v20.0.0'], 'id': 'robot-factory/credentials/4888', 'type': ['VerifiableCredential', 'BindingSIMCredential'], 'issuer': 'did:robotfactoryissuer@6gc.mnc015.mcc234.3gppnetwork', 'valid_from': '2026-07-23T11:18:36.921541+00:00', 'valid_until': '2027-07-24T11:18:36.921541+00:00', 'claims': {'agent_name': 'RobotDog', 'agent_id': 'did:udid:type2.rid678.achid0.userid1380013811157226@6gc.mnc015.mcc234.3gppnetwork.org', 'agent_attribute': '高清摄像', 'authorization_mode': 'Mode2'}, 'proof': {'creator': 'did:robotfactoryissuer@6gc.mnc015.mcc234.3gppnetwork#keys-1', 'signature_value': 'MEUCIQDtydel8yo0Z6JqGb8ITCO1taeeZCyXDBhzWqhsPuIcNAIgSpJAzRUguIE0QkUdjg1R74Wcz9zZTBbVGRxbRlPOxHI='}}], 'agent_name': 'RobotDog', 'owner': '13800138111', 'priority': 4, 'metadata': {'region': 'CN', 'role': 'collaborator'}}
2026-07-24 19:18:36 [INFO] HttpClient - HTTP POST http://192.168.1.10:9010/arf/v1/agent-cards
{
  "agent_id": "did:udid:type2.rid678.achid0.userid1380013811157226@6gc.mnc015.mcc234.3gppnetwork.org",
  "priority": 4,
  "timestamp": "2026-07-24T11:18:36Z",
  "signature": "MEQCIGCuXnA46OB5INswj8KqGX0QRcqzJaK1hOH4SGRo6K84AiBtTU9IoP1pow0bAXoGD/K6da4ENd4vo0AsLqAUW6lmmQ==",
  "signature_encoding": "base64",
  "vc_list": [
    {
      "context": [
        "3gpp-ts-33.xxx-v20.0.0"
      ],
      "id": "CMCC/credentials/1546",
      "type": [
        "VerifiableCredential",
        "BindingSIMCredential"
      ],
      "issuer": "did:udid:idm@6gc.mnc015.mcc234.3gppnetwork.org",
      "valid_from": "2026-07-24T11:18:29Z",
      "valid_until": "2027-07-24T11:18:29Z",
      "claims": {
        "agent_name": "RobotDog",
        "agent_id": "did:udid:type2.rid678.achid0.userid1380013811157226@6gc.mnc015.mcc234.3gppnetwork.org",
        "agent_attribute": "6G业务开通",
        "master_id": "type0.rid678.schid0.userid1userid20001@6gc0001@6gc.mnc015.mcc234.3gppnetwork.org",
        "self_id": "type0.rid678.schid0..mnc015.mcc234.3gppnetwork.org"
      },
      "proof": {
        "creator": "did:udid:idm@6gc.mnc015.mcc234.3gppnetwork.org#keys-1",
        "signature_value": "MEUCIDiqk6CURi61mvxyP4zJUYpyKLPsNkQ/fsKqIm34F+VWAiEAoLr0pbGXsgvgSI0HpFEXuk0BzLS528f4qqRvIfBQ1ZM="
      }
    },
    {
      "context": [
        "3gpp-ts-33.xxx-v20.0.0"
      ],
      "id": "robot-factory/credentials/9701",
      "type": [
        "VerifiableCredential",
        "BindingSIMCredential"
      ],
      "issuer": "did:robotfactoryissuer@6gc.mnc015.mcc234.3gppnetwork",
      "valid_from": "2026-07-23T11:18:36.921541+00:00",
      "valid_until": "2027-07-24T11:18:36.921541+00:00",
      "claims": {
        "agent_name": "RobotDog",
        "agent_id": "did:udid:type2.rid678.achid0.userid1380013811157226@6gc.mnc015.mcc234.3gppnetwork.org",
        "agent_attribute": "载重运输",
        "authorization_mode": "Mode2"
      },
      "proof": {
        "creator": "did:robotfactoryissuer@6gc.mnc015.mcc234.3gppnetwork#keys-1",
        "signature_value": "MEUCIDtvwC1KkgiHwlqhcTyxKX0VBwyzc3fuEqWmiq31UziDAiEAqBPqJdRgq5q3Zo/VECa3hjfzEJu6bHKVvhbfE2sAKuQ="
      }
    },
    {
      "context": [
        "3gpp-ts-33.xxx-v20.0.0"
      ],
      "id": "robot-factory/credentials/4329",
      "type": [
        "VerifiableCredential",
        "BindingSIMCredential"
      ],
      "issuer": "did:robotfactoryissuer@6gc.mnc015.mcc234.3gppnetwork",
      "valid_from": "2026-07-23T11:18:36.921541+00:00",
      "valid_until": "2027-07-24T11:18:36.921541+00:00",
      "claims": {
        "agent_name": "RobotDog",
        "agent_id": "did:udid:type2.rid678.achid0.userid1380013811157226@6gc.mnc015.mcc234.3gppnetwork.org",
        "agent_attribute": "自主导航",
        "authorization_mode": "Mode2"
      },
      "proof": {
        "creator": "did:robotfactoryissuer@6gc.mnc015.mcc234.3gppnetwork#keys-1",
        "signature_value": "MEYCIQCVVV1gY2g9buXUuPHQPm+ihfnB+kT34+BnAiItsxlp5QIhAMsjQVEdH6cKZMWEzpsJkMOVB8hM8NkGfXfo4KZ6OHt9"
      }
    },
    {
      "context": [
        "3gpp-ts-33.xxx-v20.0.0"
      ],
      "id": "robot-factory/credentials/4888",
      "type": [
        "VerifiableCredential",
        "BindingSIMCredential"
      ],
      "issuer": "did:robotfactoryissuer@6gc.mnc015.mcc234.3gppnetwork",
      "valid_from": "2026-07-23T11:18:36.921541+00:00",
      "valid_until": "2027-07-24T11:18:36.921541+00:00",
      "claims": {
        "agent_name": "RobotDog",
        "agent_id": "did:udid:type2.rid678.achid0.userid1380013811157226@6gc.mnc015.mcc234.3gppnetwork.org",
        "agent_attribute": "高清摄像",
        "authorization_mode": "Mode2"
      },
      "proof": {
        "creator": "did:robotfactoryissuer@6gc.mnc015.mcc234.3gppnetwork#keys-1",
        "signature_value": "MEUCIQDtydel8yo0Z6JqGb8ITCO1taeeZCyXDBhzWqhsPuIcNAIgSpJAzRUguIE0QkUdjg1R74Wcz9zZTBbVGRxbRlPOxHI="
      }
    }
  ]
}
2026-07-24 19:18:37 [INFO] httpx - HTTP Request: POST http://192.168.1.10:9010/arf/v1/agent-cards "HTTP/1.1 200 OK"
2026-07-24 19:18:37 [INFO] HttpClient - HTTP response /arf/v1/agent-cards
{
  "status": "OK"
}
2026-07-24 19:18:37 [INFO] AcnSDK - Robot attribute registered. agent_id=did:udid:type2.rid678.achid0.userid1380013811157226@6gc.mnc015.mcc234.3gppnetwork.org
2026-07-24 19:18:37 [INFO] WebSocketClient - Connecting websocket to ws://192.168.1.10:9002/ws
2026-07-24 19:18:37 [INFO] WebSocketClient - Websocket connected.
2026-07-24 19:18:37 [INFO] WebSocketClient - Sending websocket payload
{
  "type": "SETUP",
  "timestamp": "2026-07-24T11:18:37Z",
  "payload": {
    "src_agent_id": "did:udid:type2.rid678.achid0.userid1380013811157226@6gc.mnc015.mcc234.3gppnetwork.org"
  }
}
2026-07-24 19:18:37 [INFO] WebSocketClient - Received websocket payload
{
  "type": "SETUP",
  "timestamp": "2026-07-24T11:18:30.120152Z",
  "payload": {
    "status": "OK"
  }
}
2026-07-24 19:18:37 [INFO] MoQClient - Connecting MoQ client role=publisher remote=192.168.1.10:9003
2026-07-24 19:18:37 [INFO] moq.pub.publisher - MOQPublisher initialized for 192.168.1.10:9003
2026-07-24 19:18:37 [INFO] moq.pub.publisher - Connecting to relay at 192.168.1.10:9003
2026-07-24 19:18:37 [INFO] moq.transport.quic_transport - QUIC client config: congestion=cubic max_data=67108864 max_stream_data=67108864
2026-07-24 19:18:37 [INFO] moq.transport.quic_transport - Connecting to 192.168.1.10:9003
2026-07-24 19:18:37 [INFO] moq.transport.quic_transport - MOQQuicProtocol initialized
2026-07-24 19:18:37 [INFO] quic - [ea97b34a42bc8e7b] Negotiated protocol version 0x00000001 (VERSION_1)
2026-07-24 19:18:37 [INFO] quic - [ea97b34a42bc8e7b] ALPN negotiated protocol moq-00
2026-07-24 19:18:37 [INFO] moq.transport.quic_transport - QUIC connection established
2026-07-24 19:18:37 [INFO] moq.session.session - MOQSession created: session_id=pub-281472948786880, role=PUBLISHER
2026-07-24 19:18:37 [INFO] moq.session.session - Sent SETUP: version=4278190097, role=PUBLISHER
2026-07-24 19:18:37 [INFO] moq.pub.publisher - Connected to relay
2026-07-24 19:18:37 [INFO] MoQClient - MoQ publisher connected to relay
2026-07-24 19:18:37 [INFO] MoQClient - MoQ client connected role=publisher remote=192.168.1.10:9003
2026-07-24 19:18:37 [INFO] MoQClient - Connecting MoQ client role=subscriber remote=192.168.1.10:9003
2026-07-24 19:18:37 [INFO] moq.sub.subscriber - MOQSubscriber initialized for 192.168.1.10:9003
2026-07-24 19:18:37 [INFO] moq.sub.subscriber - Connecting to relay at 192.168.1.10:9003
2026-07-24 19:18:37 [INFO] moq.transport.quic_transport - QUIC client config: congestion=cubic max_data=67108864 max_stream_data=67108864
2026-07-24 19:18:37 [INFO] moq.transport.quic_transport - Connecting to 192.168.1.10:9003
2026-07-24 19:18:37 [INFO] moq.transport.quic_transport - MOQQuicProtocol initialized
2026-07-24 19:18:37 [INFO] quic - [ebc5a88b9566b9e5] Negotiated protocol version 0x00000001 (VERSION_1)
2026-07-24 19:18:37 [INFO] quic - [ebc5a88b9566b9e5] ALPN negotiated protocol moq-00
2026-07-24 19:18:37 [INFO] moq.transport.quic_transport - QUIC connection established
2026-07-24 19:18:37 [INFO] moq.session.session - MOQSession created: session_id=sub-281472948795232, role=SUBSCRIBER
2026-07-24 19:18:37 [INFO] moq.session.session - Sent SETUP: version=4278190097, role=SUBSCRIBER
2026-07-24 19:18:37 [INFO] moq.sub.subscriber - Connected to relay
2026-07-24 19:18:37 [INFO] MoQClient - MoQ subscriber connected to relay
2026-07-24 19:18:37 [INFO] MoQClient - MoQ client connected role=subscriber remote=192.168.1.10:9003
2026-07-24 19:18:37 [INFO] AcnSDK - Background network listener started.
2026-07-24 19:18:37 [INFO] AcnSDK - Network join successful for agent_id=did:udid:type2.rid678.achid0.userid1380013811157226@6gc.mnc015.mcc234.3gppnetwork.org
2026-07-24 19:18:37 [INFO] AcnSDK - Queried local agent info agent_id=did:udid:type2.rid678.achid0.userid1380013811157226@6gc.mnc015.mcc234.3gppnetwork.org
2026-07-24 19:18:37 [INFO] HttpClient - HTTP POST http://192.168.1.10:9010/acn-agent/v1/owner-agents
{
  "owner": "13800138111"
}
2026-07-24 19:18:37 [INFO] httpx - HTTP Request: POST http://192.168.1.10:9010/acn-agent/v1/owner-agents "HTTP/1.1 200 OK"
2026-07-24 19:18:37 [INFO] HttpClient - HTTP response /acn-agent/v1/owner-agents
{
  "owner": "13800138111",
  "total": 6,
  "agents": [
    {
      "agent_id": "did:udid:type2.rid678.achid0.userid1380013811127392@6gc.mnc015.mcc234.3gppnetwork.org",
      "agent_name": "RobotDog",
      "description": "RobotDogModel, SN654321"
    },
    {
      "agent_id": "did:udid:type2.rid678.achid0.userid1380013811135919@6gc.mnc015.mcc234.3gppnetwork.org",
      "agent_name": "RobotDog",
      "description": "RobotDogModel, SN654321"
    },
    {
      "agent_id": "did:udid:type2.rid678.achid0.userid1380013811140750@6gc.mnc015.mcc234.3gppnetwork.org",
      "agent_name": "RobotDog",
      "description": "RobotDogModel, SN654321"
    },
    {
      "agent_id": "did:udid:type2.rid678.achid0.userid1380013811155912@6gc.mnc015.mcc234.3gppnetwork.org",
      "agent_name": "RobotDog",
      "description": "RobotDogModel, SN654321"
    },
    {
      "agent_id": "did:udid:type2.rid678.achid0.userid1380013811157226@6gc.mnc015.mcc234.3gppnetwork.org",
      "agent_name": "RobotDog",
      "description": "RobotDogModel, SN654321"
    },
    {
      "agent_id": "did:udid:type2.rid678.achid0.userid1380013811169706@6gc.mnc015.mcc234.3gppnetwork.org",
      "agent_name": "RobotDog",
      "description": "RobotDogModel, SN654321"
    }
  ]
}
2026-07-24 19:18:37 [INFO] AcnSDK - Queried agent list owner=13800138111
2026-07-25 16:05:08 [INFO] AcnSDK - Cleared identity cache file: /home/unitree/zxy/imt/acn_sdk/data/identity.json
2026-07-25 16:05:08 [INFO] AcnSDK - AcnSDK initialized for agent=RobotDog, network_status=offline
2026-07-25 16:05:08 [INFO] AcnSDK - SDK network endpoints acn_agent=9010 ws=9002 moq=9003 web_ui=9005
2026-07-25 16:05:09 [INFO] HttpClient - HTTP POST http://192.168.1.10:9010/idm/v1/identity-applications
{
  "owner": "13800138111",
  "name": "RobotDog",
  "public_key": "-----BEGIN PUBLIC KEY-----\nMFkwEwYHKoZIzj0CAQYIKoZIzj0DAQcDQgAEjNqmCmtuP9IpEQb88DZmbN0nfAMT\nu0mALPHBfC+5PQSKfmfgFQoiv30y7MZCB4iQHIEf4S7+dHY/x6KK0s6Dfw==\n-----END PUBLIC KEY-----\n",
  "description": "RobotDogModel, SN654321",
  "timestamp": "2026-07-25T08:05:08Z",
  "metadata": {
    "region": "CN",
    "role": "collaborator"
  },
  "signature": "MEUCIFCHcwitdXzNUkZLH0w40+gxpTaWtV9v45g6SAq/nqg3AiEA1E6bHFNQTYEEPyXRCcFugNJvqfdp0mdOUarUCWj1lTc=",
  "signature_encoding": "base64"
}
2026-07-25 16:05:10 [INFO] httpx - HTTP Request: POST http://192.168.1.10:9010/idm/v1/identity-applications "HTTP/1.1 200 OK"
2026-07-25 16:05:10 [INFO] HttpClient - HTTP response /idm/v1/identity-applications
{
  "result": "success",
  "agent_id": "did:udid:type2.rid678.achid0.userid1380013811155293@6gc.mnc015.mcc234.3gppnetwork.org",
  "vc0": {
    "context": [
      "3gpp-ts-33.xxx-v20.0.0"
    ],
    "id": "CMCC/credentials/3821",
    "type": [
      "VerifiableCredential",
      "BindingSIMCredential"
    ],
    "issuer": "did:udid:idm@6gc.mnc015.mcc234.3gppnetwork.org",
    "valid_from": "2026-07-25T08:05:10Z",
    "valid_until": "2027-07-25T08:05:10Z",
    "claims": {
      "agent_name": "RobotDog",
      "agent_id": "did:udid:type2.rid678.achid0.userid1380013811155293@6gc.mnc015.mcc234.3gppnetwork.org",
      "agent_attribute": "6G业务开通",
      "master_id": "type0.rid678.schid0.userid1userid20001@6gc0001@6gc.mnc015.mcc234.3gppnetwork.org",
      "self_id": "type0.rid678.schid0..mnc015.mcc234.3gppnetwork.org"
    },
    "proof": {
      "creator": "did:udid:idm@6gc.mnc015.mcc234.3gppnetwork.org#keys-1",
      "signature_value": "MEYCIQCM81GEbcInyCRN7gCrbjZ1XyvlfOAaldmqPBhg5PJeoQIhAP208jwyUMhavEmbdWlIKYymEitlI9voiNdAL/QfqvM5"
    }
  }
}
2026-07-25 16:05:10 [INFO] IdentityManager - Persisted identity state: {'agent_id': 'did:udid:type2.rid678.achid0.userid1380013811155293@6gc.mnc015.mcc234.3gppnetwork.org', 'vc0': {'context': ['3gpp-ts-33.xxx-v20.0.0'], 'id': 'CMCC/credentials/3821', 'type': ['VerifiableCredential', 'BindingSIMCredential'], 'issuer': 'did:udid:idm@6gc.mnc015.mcc234.3gppnetwork.org', 'valid_from': '2026-07-25T08:05:10Z', 'valid_until': '2027-07-25T08:05:10Z', 'claims': {'agent_name': 'RobotDog', 'agent_id': 'did:udid:type2.rid678.achid0.userid1380013811155293@6gc.mnc015.mcc234.3gppnetwork.org', 'agent_attribute': '6G业务开通', 'master_id': 'type0.rid678.schid0.userid1userid20001@6gc0001@6gc.mnc015.mcc234.3gppnetwork.org', 'self_id': 'type0.rid678.schid0..mnc015.mcc234.3gppnetwork.org'}, 'proof': {'creator': 'did:udid:idm@6gc.mnc015.mcc234.3gppnetwork.org#keys-1', 'signature_value': 'MEYCIQCM81GEbcInyCRN7gCrbjZ1XyvlfOAaldmqPBhg5PJeoQIhAP208jwyUMhavEmbdWlIKYymEitlI9voiNdAL/QfqvM5'}}, 'capability_names': [], 'capability_vcs': [], 'agent_name': 'RobotDog', 'owner': '13800138111', 'priority': 4, 'metadata': {'region': 'CN', 'role': 'collaborator'}}
2026-07-25 16:05:10 [INFO] AcnSDK - Agent registered. agent_id=did:udid:type2.rid678.achid0.userid1380013811155293@6gc.mnc015.mcc234.3gppnetwork.org
2026-07-25 16:05:10 [INFO] CredentialIssuer - Issued capability VCs: [{'context': ['3gpp-ts-33.xxx-v20.0.0'], 'id': 'robot-factory/credentials/3990', 'type': ['VerifiableCredential', 'BindingSIMCredential'], 'issuer': 'did:robotfactoryissuer@6gc.mnc015.mcc234.3gppnetwork', 'valid_from': '2026-07-24T08:05:10.031920+00:00', 'valid_until': '2027-07-25T08:05:10.031920+00:00', 'claims': {'agent_name': 'RobotDog', 'agent_id': 'did:udid:type2.rid678.achid0.userid1380013811155293@6gc.mnc015.mcc234.3gppnetwork.org', 'agent_attribute': '载重运输', 'authorization_mode': 'Mode2'}, 'proof': {'creator': 'did:robotfactoryissuer@6gc.mnc015.mcc234.3gppnetwork#keys-1', 'signature_value': 'MEUCIQCp2l0zhAek78F6wrr8gbph3n4/b3oJXH/MlDRpFTVBkgIgTG+8lO4+u/i2C0bbRlhUd3Pmio/m/52ec+f/1s2KhmI='}}, {'context': ['3gpp-ts-33.xxx-v20.0.0'], 'id': 'robot-factory/credentials/5424', 'type': ['VerifiableCredential', 'BindingSIMCredential'], 'issuer': 'did:robotfactoryissuer@6gc.mnc015.mcc234.3gppnetwork', 'valid_from': '2026-07-24T08:05:10.031920+00:00', 'valid_until': '2027-07-25T08:05:10.031920+00:00', 'claims': {'agent_name': 'RobotDog', 'agent_id': 'did:udid:type2.rid678.achid0.userid1380013811155293@6gc.mnc015.mcc234.3gppnetwork.org', 'agent_attribute': '自主导航', 'authorization_mode': 'Mode2'}, 'proof': {'creator': 'did:robotfactoryissuer@6gc.mnc015.mcc234.3gppnetwork#keys-1', 'signature_value': 'MEQCICQnP0pwBtYrhrcgqSxX69DKy5DzFrLXKifausfKU0J8AiAYdNPHV55Ve/jD0jNZShNBDoCDbDw6uVw1gQDykzTRdQ=='}}, {'context': ['3gpp-ts-33.xxx-v20.0.0'], 'id': 'robot-factory/credentials/1144', 'type': ['VerifiableCredential', 'BindingSIMCredential'], 'issuer': 'did:robotfactoryissuer@6gc.mnc015.mcc234.3gppnetwork', 'valid_from': '2026-07-24T08:05:10.031920+00:00', 'valid_until': '2027-07-25T08:05:10.031920+00:00', 'claims': {'agent_name': 'RobotDog', 'agent_id': 'did:udid:type2.rid678.achid0.userid1380013811155293@6gc.mnc015.mcc234.3gppnetwork.org', 'agent_attribute': '高清摄像', 'authorization_mode': 'Mode2'}, 'proof': {'creator': 'did:robotfactoryissuer@6gc.mnc015.mcc234.3gppnetwork#keys-1', 'signature_value': 'MEQCIH9vqafjBWDz4UOvlcO5XC5bPuYoWW981t86s0qP/aO5AiBjbuFk7fKXDpsYqhDDRp+3lCJfcqbKKPZ9nVLk7qujwA=='}}]
2026-07-25 16:05:10 [INFO] IdentityManager - Persisted identity state: {'agent_id': 'did:udid:type2.rid678.achid0.userid1380013811155293@6gc.mnc015.mcc234.3gppnetwork.org', 'vc0': {'context': ['3gpp-ts-33.xxx-v20.0.0'], 'id': 'CMCC/credentials/3821', 'type': ['VerifiableCredential', 'BindingSIMCredential'], 'issuer': 'did:udid:idm@6gc.mnc015.mcc234.3gppnetwork.org', 'valid_from': '2026-07-25T08:05:10Z', 'valid_until': '2027-07-25T08:05:10Z', 'claims': {'agent_name': 'RobotDog', 'agent_id': 'did:udid:type2.rid678.achid0.userid1380013811155293@6gc.mnc015.mcc234.3gppnetwork.org', 'agent_attribute': '6G业务开通', 'master_id': 'type0.rid678.schid0.userid1userid20001@6gc0001@6gc.mnc015.mcc234.3gppnetwork.org', 'self_id': 'type0.rid678.schid0..mnc015.mcc234.3gppnetwork.org'}, 'proof': {'creator': 'did:udid:idm@6gc.mnc015.mcc234.3gppnetwork.org#keys-1', 'signature_value': 'MEYCIQCM81GEbcInyCRN7gCrbjZ1XyvlfOAaldmqPBhg5PJeoQIhAP208jwyUMhavEmbdWlIKYymEitlI9voiNdAL/QfqvM5'}}, 'capability_names': ['载重运输', '自主导航', '高清摄像'], 'capability_vcs': [{'context': ['3gpp-ts-33.xxx-v20.0.0'], 'id': 'robot-factory/credentials/3990', 'type': ['VerifiableCredential', 'BindingSIMCredential'], 'issuer': 'did:robotfactoryissuer@6gc.mnc015.mcc234.3gppnetwork', 'valid_from': '2026-07-24T08:05:10.031920+00:00', 'valid_until': '2027-07-25T08:05:10.031920+00:00', 'claims': {'agent_name': 'RobotDog', 'agent_id': 'did:udid:type2.rid678.achid0.userid1380013811155293@6gc.mnc015.mcc234.3gppnetwork.org', 'agent_attribute': '载重运输', 'authorization_mode': 'Mode2'}, 'proof': {'creator': 'did:robotfactoryissuer@6gc.mnc015.mcc234.3gppnetwork#keys-1', 'signature_value': 'MEUCIQCp2l0zhAek78F6wrr8gbph3n4/b3oJXH/MlDRpFTVBkgIgTG+8lO4+u/i2C0bbRlhUd3Pmio/m/52ec+f/1s2KhmI='}}, {'context': ['3gpp-ts-33.xxx-v20.0.0'], 'id': 'robot-factory/credentials/5424', 'type': ['VerifiableCredential', 'BindingSIMCredential'], 'issuer': 'did:robotfactoryissuer@6gc.mnc015.mcc234.3gppnetwork', 'valid_from': '2026-07-24T08:05:10.031920+00:00', 'valid_until': '2027-07-25T08:05:10.031920+00:00', 'claims': {'agent_name': 'RobotDog', 'agent_id': 'did:udid:type2.rid678.achid0.userid1380013811155293@6gc.mnc015.mcc234.3gppnetwork.org', 'agent_attribute': '自主导航', 'authorization_mode': 'Mode2'}, 'proof': {'creator': 'did:robotfactoryissuer@6gc.mnc015.mcc234.3gppnetwork#keys-1', 'signature_value': 'MEQCICQnP0pwBtYrhrcgqSxX69DKy5DzFrLXKifausfKU0J8AiAYdNPHV55Ve/jD0jNZShNBDoCDbDw6uVw1gQDykzTRdQ=='}}, {'context': ['3gpp-ts-33.xxx-v20.0.0'], 'id': 'robot-factory/credentials/1144', 'type': ['VerifiableCredential', 'BindingSIMCredential'], 'issuer': 'did:robotfactoryissuer@6gc.mnc015.mcc234.3gppnetwork', 'valid_from': '2026-07-24T08:05:10.031920+00:00', 'valid_until': '2027-07-25T08:05:10.031920+00:00', 'claims': {'agent_name': 'RobotDog', 'agent_id': 'did:udid:type2.rid678.achid0.userid1380013811155293@6gc.mnc015.mcc234.3gppnetwork.org', 'agent_attribute': '高清摄像', 'authorization_mode': 'Mode2'}, 'proof': {'creator': 'did:robotfactoryissuer@6gc.mnc015.mcc234.3gppnetwork#keys-1', 'signature_value': 'MEQCIH9vqafjBWDz4UOvlcO5XC5bPuYoWW981t86s0qP/aO5AiBjbuFk7fKXDpsYqhDDRp+3lCJfcqbKKPZ9nVLk7qujwA=='}}], 'agent_name': 'RobotDog', 'owner': '13800138111', 'priority': 4, 'metadata': {'region': 'CN', 'role': 'collaborator'}}
2026-07-25 16:05:10 [INFO] HttpClient - HTTP POST http://192.168.1.10:9010/arf/v1/agent-cards
{
  "agent_id": "did:udid:type2.rid678.achid0.userid1380013811155293@6gc.mnc015.mcc234.3gppnetwork.org",
  "priority": 4,
  "timestamp": "2026-07-25T08:05:10Z",
  "signature": "MEYCIQC3//Sq2xHfqVgNjgK4WA0Hkxw+3CxHa1LVcCNzChHYOQIhAMk5EAqmYL555V8XsAFj2flQK4C4zoiu0/hlvf6pjPRK",
  "signature_encoding": "base64",
  "vc_list": [
    {
      "context": [
        "3gpp-ts-33.xxx-v20.0.0"
      ],
      "id": "CMCC/credentials/3821",
      "type": [
        "VerifiableCredential",
        "BindingSIMCredential"
      ],
      "issuer": "did:udid:idm@6gc.mnc015.mcc234.3gppnetwork.org",
      "valid_from": "2026-07-25T08:05:10Z",
      "valid_until": "2027-07-25T08:05:10Z",
      "claims": {
        "agent_name": "RobotDog",
        "agent_id": "did:udid:type2.rid678.achid0.userid1380013811155293@6gc.mnc015.mcc234.3gppnetwork.org",
        "agent_attribute": "6G业务开通",
        "master_id": "type0.rid678.schid0.userid1userid20001@6gc0001@6gc.mnc015.mcc234.3gppnetwork.org",
        "self_id": "type0.rid678.schid0..mnc015.mcc234.3gppnetwork.org"
      },
      "proof": {
        "creator": "did:udid:idm@6gc.mnc015.mcc234.3gppnetwork.org#keys-1",
        "signature_value": "MEYCIQCM81GEbcInyCRN7gCrbjZ1XyvlfOAaldmqPBhg5PJeoQIhAP208jwyUMhavEmbdWlIKYymEitlI9voiNdAL/QfqvM5"
      }
    },
    {
      "context": [
        "3gpp-ts-33.xxx-v20.0.0"
      ],
      "id": "robot-factory/credentials/3990",
      "type": [
        "VerifiableCredential",
        "BindingSIMCredential"
      ],
      "issuer": "did:robotfactoryissuer@6gc.mnc015.mcc234.3gppnetwork",
      "valid_from": "2026-07-24T08:05:10.031920+00:00",
      "valid_until": "2027-07-25T08:05:10.031920+00:00",
      "claims": {
        "agent_name": "RobotDog",
        "agent_id": "did:udid:type2.rid678.achid0.userid1380013811155293@6gc.mnc015.mcc234.3gppnetwork.org",
        "agent_attribute": "载重运输",
        "authorization_mode": "Mode2"
      },
      "proof": {
        "creator": "did:robotfactoryissuer@6gc.mnc015.mcc234.3gppnetwork#keys-1",
        "signature_value": "MEUCIQCp2l0zhAek78F6wrr8gbph3n4/b3oJXH/MlDRpFTVBkgIgTG+8lO4+u/i2C0bbRlhUd3Pmio/m/52ec+f/1s2KhmI="
      }
    },
    {
      "context": [
        "3gpp-ts-33.xxx-v20.0.0"
      ],
      "id": "robot-factory/credentials/5424",
      "type": [
        "VerifiableCredential",
        "BindingSIMCredential"
      ],
      "issuer": "did:robotfactoryissuer@6gc.mnc015.mcc234.3gppnetwork",
      "valid_from": "2026-07-24T08:05:10.031920+00:00",
      "valid_until": "2027-07-25T08:05:10.031920+00:00",
      "claims": {
        "agent_name": "RobotDog",
        "agent_id": "did:udid:type2.rid678.achid0.userid1380013811155293@6gc.mnc015.mcc234.3gppnetwork.org",
        "agent_attribute": "自主导航",
        "authorization_mode": "Mode2"
      },
      "proof": {
        "creator": "did:robotfactoryissuer@6gc.mnc015.mcc234.3gppnetwork#keys-1",
        "signature_value": "MEQCICQnP0pwBtYrhrcgqSxX69DKy5DzFrLXKifausfKU0J8AiAYdNPHV55Ve/jD0jNZShNBDoCDbDw6uVw1gQDykzTRdQ=="
      }
    },
    {
      "context": [
        "3gpp-ts-33.xxx-v20.0.0"
      ],
      "id": "robot-factory/credentials/1144",
      "type": [
        "VerifiableCredential",
        "BindingSIMCredential"
      ],
      "issuer": "did:robotfactoryissuer@6gc.mnc015.mcc234.3gppnetwork",
      "valid_from": "2026-07-24T08:05:10.031920+00:00",
      "valid_until": "2027-07-25T08:05:10.031920+00:00",
      "claims": {
        "agent_name": "RobotDog",
        "agent_id": "did:udid:type2.rid678.achid0.userid1380013811155293@6gc.mnc015.mcc234.3gppnetwork.org",
        "agent_attribute": "高清摄像",
        "authorization_mode": "Mode2"
      },
      "proof": {
        "creator": "did:robotfactoryissuer@6gc.mnc015.mcc234.3gppnetwork#keys-1",
        "signature_value": "MEQCIH9vqafjBWDz4UOvlcO5XC5bPuYoWW981t86s0qP/aO5AiBjbuFk7fKXDpsYqhDDRp+3lCJfcqbKKPZ9nVLk7qujwA=="
      }
    }
  ]
}
2026-07-25 16:05:10 [INFO] httpx - HTTP Request: POST http://192.168.1.10:9010/arf/v1/agent-cards "HTTP/1.1 200 OK"
2026-07-25 16:05:10 [INFO] HttpClient - HTTP response /arf/v1/agent-cards
{
  "status": "OK"
}
2026-07-25 16:05:10 [INFO] AcnSDK - Robot attribute registered. agent_id=did:udid:type2.rid678.achid0.userid1380013811155293@6gc.mnc015.mcc234.3gppnetwork.org
2026-07-25 16:05:10 [INFO] WebSocketClient - Connecting websocket to ws://192.168.1.10:9002/ws
2026-07-25 16:05:10 [INFO] WebSocketClient - Websocket connected.
2026-07-25 16:05:10 [INFO] WebSocketClient - Sending websocket payload
{
  "type": "SETUP",
  "timestamp": "2026-07-25T08:05:10Z",
  "payload": {
    "src_agent_id": "did:udid:type2.rid678.achid0.userid1380013811155293@6gc.mnc015.mcc234.3gppnetwork.org"
  }
}
2026-07-25 16:05:10 [INFO] WebSocketClient - Received websocket payload
{
  "type": "SETUP",
  "timestamp": "2026-07-25T08:05:10.982944Z",
  "payload": {
    "status": "OK"
  }
}
2026-07-25 16:05:10 [INFO] MoQClient - Connecting MoQ client role=publisher remote=192.168.1.10:9003
2026-07-25 16:05:10 [INFO] moq.pub.publisher - MOQPublisher initialized for 192.168.1.10:9003
2026-07-25 16:05:10 [INFO] moq.pub.publisher - Connecting to relay at 192.168.1.10:9003
2026-07-25 16:05:10 [INFO] moq.transport.quic_transport - QUIC client config: congestion=cubic max_data=67108864 max_stream_data=67108864
2026-07-25 16:05:10 [INFO] moq.transport.quic_transport - Connecting to 192.168.1.10:9003
2026-07-25 16:05:10 [INFO] moq.transport.quic_transport - MOQQuicProtocol initialized
2026-07-25 16:05:10 [INFO] quic - [488d7245dd4e7f55] Negotiated protocol version 0x00000001 (VERSION_1)
2026-07-25 16:05:10 [INFO] quic - [488d7245dd4e7f55] ALPN negotiated protocol moq-00
2026-07-25 16:05:10 [INFO] moq.transport.quic_transport - QUIC connection established
2026-07-25 16:05:10 [INFO] moq.session.session - MOQSession created: session_id=pub-281473709578016, role=PUBLISHER
2026-07-25 16:05:10 [INFO] moq.session.session - Sent SETUP: version=4278190097, role=PUBLISHER
2026-07-25 16:05:10 [INFO] moq.pub.publisher - Connected to relay
2026-07-25 16:05:10 [INFO] MoQClient - MoQ publisher connected to relay
2026-07-25 16:05:10 [INFO] MoQClient - MoQ client connected role=publisher remote=192.168.1.10:9003
2026-07-25 16:05:10 [INFO] MoQClient - Connecting MoQ client role=subscriber remote=192.168.1.10:9003
2026-07-25 16:05:10 [INFO] moq.sub.subscriber - MOQSubscriber initialized for 192.168.1.10:9003
2026-07-25 16:05:10 [INFO] moq.sub.subscriber - Connecting to relay at 192.168.1.10:9003
2026-07-25 16:05:10 [INFO] moq.transport.quic_transport - QUIC client config: congestion=cubic max_data=67108864 max_stream_data=67108864
2026-07-25 16:05:10 [INFO] moq.transport.quic_transport - Connecting to 192.168.1.10:9003
2026-07-25 16:05:10 [INFO] moq.transport.quic_transport - MOQQuicProtocol initialized
2026-07-25 16:05:10 [INFO] quic - [1335e4f502ed4339] Negotiated protocol version 0x00000001 (VERSION_1)
2026-07-25 16:05:10 [INFO] quic - [1335e4f502ed4339] ALPN negotiated protocol moq-00
2026-07-25 16:05:10 [INFO] moq.transport.quic_transport - QUIC connection established
2026-07-25 16:05:10 [INFO] moq.session.session - MOQSession created: session_id=sub-281473709586320, role=SUBSCRIBER
2026-07-25 16:05:10 [INFO] moq.session.session - Sent SETUP: version=4278190097, role=SUBSCRIBER
2026-07-25 16:05:10 [INFO] moq.sub.subscriber - Connected to relay
2026-07-25 16:05:10 [INFO] MoQClient - MoQ subscriber connected to relay
2026-07-25 16:05:10 [INFO] MoQClient - MoQ client connected role=subscriber remote=192.168.1.10:9003
2026-07-25 16:05:10 [INFO] AcnSDK - Background network listener started.
2026-07-25 16:05:10 [INFO] AcnSDK - Network join successful for agent_id=did:udid:type2.rid678.achid0.userid1380013811155293@6gc.mnc015.mcc234.3gppnetwork.org
2026-07-25 16:05:10 [INFO] AcnSDK - Queried local agent info agent_id=did:udid:type2.rid678.achid0.userid1380013811155293@6gc.mnc015.mcc234.3gppnetwork.org
2026-07-25 16:05:10 [INFO] HttpClient - HTTP POST http://192.168.1.10:9010/acn-agent/v1/owner-agents
{
  "owner": "13800138111"
}
2026-07-25 16:05:10 [INFO] httpx - HTTP Request: POST http://192.168.1.10:9010/acn-agent/v1/owner-agents "HTTP/1.1 200 OK"
2026-07-25 16:05:10 [INFO] HttpClient - HTTP response /acn-agent/v1/owner-agents
{
  "owner": "13800138111",
  "total": 7,
  "agents": [
    {
      "agent_id": "did:udid:type2.rid678.achid0.userid1380013811127392@6gc.mnc015.mcc234.3gppnetwork.org",
      "agent_name": "RobotDog",
      "description": "RobotDogModel, SN654321"
    },
    {
      "agent_id": "did:udid:type2.rid678.achid0.userid1380013811135919@6gc.mnc015.mcc234.3gppnetwork.org",
      "agent_name": "RobotDog",
      "description": "RobotDogModel, SN654321"
    },
    {
      "agent_id": "did:udid:type2.rid678.achid0.userid1380013811140750@6gc.mnc015.mcc234.3gppnetwork.org",
      "agent_name": "RobotDog",
      "description": "RobotDogModel, SN654321"
    },
    {
      "agent_id": "did:udid:type2.rid678.achid0.userid1380013811155293@6gc.mnc015.mcc234.3gppnetwork.org",
      "agent_name": "RobotDog",
      "description": "RobotDogModel, SN654321"
    },
    {
      "agent_id": "did:udid:type2.rid678.achid0.userid1380013811155912@6gc.mnc015.mcc234.3gppnetwork.org",
      "agent_name": "RobotDog",
      "description": "RobotDogModel, SN654321"
    },
    {
      "agent_id": "did:udid:type2.rid678.achid0.userid1380013811157226@6gc.mnc015.mcc234.3gppnetwork.org",
      "agent_name": "RobotDog",
      "description": "RobotDogModel, SN654321"
    },
    {
      "agent_id": "did:udid:type2.rid678.achid0.userid1380013811169706@6gc.mnc015.mcc234.3gppnetwork.org",
      "agent_name": "RobotDog",
      "description": "RobotDogModel, SN654321"
    }
  ]
}
2026-07-25 16:05:10 [INFO] AcnSDK - Queried agent list owner=13800138111
2026-07-25 17:33:21 [INFO] AcnSDK - Cleared identity cache file: /home/unitree/zxy/imt/acn_sdk/data/identity.json
2026-07-25 17:33:21 [INFO] AcnSDK - AcnSDK initialized for agent=RobotDog, network_status=offline
2026-07-25 17:33:21 [INFO] AcnSDK - SDK network endpoints acn_agent=9010 ws=9002 moq=9003 web_ui=9005
2026-07-25 17:33:21 [INFO] HttpClient - HTTP POST http://192.168.1.10:9010/idm/v1/identity-applications
{
  "owner": "13800138111",
  "name": "RobotDog",
  "public_key": "-----BEGIN PUBLIC KEY-----\nMFkwEwYHKoZIzj0CAQYIKoZIzj0DAQcDQgAEjNqmCmtuP9IpEQb88DZmbN0nfAMT\nu0mALPHBfC+5PQSKfmfgFQoiv30y7MZCB4iQHIEf4S7+dHY/x6KK0s6Dfw==\n-----END PUBLIC KEY-----\n",
  "description": "RobotDogModel, SN654321",
  "timestamp": "2026-07-25T09:33:21Z",
  "metadata": {
    "region": "CN",
    "role": "collaborator"
  },
  "signature": "MEQCIF3TsiDII84fmnaeq5wHlfP8KT1mcLrHTnssbLxaxXUYAiB5emVqj1PT3I//D4IFK23SOpWFF4cu1C36f3tp47bGRQ==",
  "signature_encoding": "base64"
}
2026-07-25 17:33:22 [INFO] httpx - HTTP Request: POST http://192.168.1.10:9010/idm/v1/identity-applications "HTTP/1.1 200 OK"
2026-07-25 17:33:22 [INFO] HttpClient - HTTP response /idm/v1/identity-applications
{
  "result": "success",
  "agent_id": "did:udid:type2.rid678.achid0.userid1380013811172298@6gc.mnc015.mcc234.3gppnetwork.org",
  "vc0": {
    "context": [
      "3gpp-ts-33.xxx-v20.0.0"
    ],
    "id": "CMCC/credentials/6169",
    "type": [
      "VerifiableCredential",
      "BindingSIMCredential"
    ],
    "issuer": "did:udid:idm@6gc.mnc015.mcc234.3gppnetwork.org",
    "valid_from": "2026-07-25T09:33:16Z",
    "valid_until": "2027-07-25T09:33:16Z",
    "claims": {
      "agent_name": "RobotDog",
      "agent_id": "did:udid:type2.rid678.achid0.userid1380013811172298@6gc.mnc015.mcc234.3gppnetwork.org",
      "agent_attribute": "6G业务开通",
      "master_id": "type0.rid678.schid0.userid1userid20001@6gc0001@6gc.mnc015.mcc234.3gppnetwork.org",
      "self_id": "type0.rid678.schid0..mnc015.mcc234.3gppnetwork.org"
    },
    "proof": {
      "creator": "did:udid:idm@6gc.mnc015.mcc234.3gppnetwork.org#keys-1",
      "signature_value": "MEQCIFYwsomxBhYyef/wh9+GpB0O3R81ZfBl3d4h6AqRlYhIAiAp+575xopWmku2V9bqOCyu6be2AJnbAEfft6Nsv8X+1w=="
    }
  }
}
2026-07-25 17:33:22 [INFO] IdentityManager - Persisted identity state: {'agent_id': 'did:udid:type2.rid678.achid0.userid1380013811172298@6gc.mnc015.mcc234.3gppnetwork.org', 'vc0': {'context': ['3gpp-ts-33.xxx-v20.0.0'], 'id': 'CMCC/credentials/6169', 'type': ['VerifiableCredential', 'BindingSIMCredential'], 'issuer': 'did:udid:idm@6gc.mnc015.mcc234.3gppnetwork.org', 'valid_from': '2026-07-25T09:33:16Z', 'valid_until': '2027-07-25T09:33:16Z', 'claims': {'agent_name': 'RobotDog', 'agent_id': 'did:udid:type2.rid678.achid0.userid1380013811172298@6gc.mnc015.mcc234.3gppnetwork.org', 'agent_attribute': '6G业务开通', 'master_id': 'type0.rid678.schid0.userid1userid20001@6gc0001@6gc.mnc015.mcc234.3gppnetwork.org', 'self_id': 'type0.rid678.schid0..mnc015.mcc234.3gppnetwork.org'}, 'proof': {'creator': 'did:udid:idm@6gc.mnc015.mcc234.3gppnetwork.org#keys-1', 'signature_value': 'MEQCIFYwsomxBhYyef/wh9+GpB0O3R81ZfBl3d4h6AqRlYhIAiAp+575xopWmku2V9bqOCyu6be2AJnbAEfft6Nsv8X+1w=='}}, 'capability_names': [], 'capability_vcs': [], 'agent_name': 'RobotDog', 'owner': '13800138111', 'priority': 4, 'metadata': {'region': 'CN', 'role': 'collaborator'}}
2026-07-25 17:33:22 [INFO] AcnSDK - Agent registered. agent_id=did:udid:type2.rid678.achid0.userid1380013811172298@6gc.mnc015.mcc234.3gppnetwork.org
2026-07-25 17:33:22 [INFO] CredentialIssuer - Issued capability VCs: [{'context': ['3gpp-ts-33.xxx-v20.0.0'], 'id': 'robot-factory/credentials/7879', 'type': ['VerifiableCredential', 'BindingSIMCredential'], 'issuer': 'did:robotfactoryissuer@6gc.mnc015.mcc234.3gppnetwork', 'valid_from': '2026-07-24T09:33:22.396097+00:00', 'valid_until': '2027-07-25T09:33:22.396097+00:00', 'claims': {'agent_name': 'RobotDog', 'agent_id': 'did:udid:type2.rid678.achid0.userid1380013811172298@6gc.mnc015.mcc234.3gppnetwork.org', 'agent_attribute': '载重运输', 'authorization_mode': 'Mode2'}, 'proof': {'creator': 'did:robotfactoryissuer@6gc.mnc015.mcc234.3gppnetwork#keys-1', 'signature_value': 'MEUCIChysiKUD8oi9VLZ/LthlGMyoB6go1PXiLM4p67P2nSIAiEA8hTdgM9kPaa51tyMOD7Q98WVaWg9LyvpXf73wNCjTUA='}}, {'context': ['3gpp-ts-33.xxx-v20.0.0'], 'id': 'robot-factory/credentials/6435', 'type': ['VerifiableCredential', 'BindingSIMCredential'], 'issuer': 'did:robotfactoryissuer@6gc.mnc015.mcc234.3gppnetwork', 'valid_from': '2026-07-24T09:33:22.396097+00:00', 'valid_until': '2027-07-25T09:33:22.396097+00:00', 'claims': {'agent_name': 'RobotDog', 'agent_id': 'did:udid:type2.rid678.achid0.userid1380013811172298@6gc.mnc015.mcc234.3gppnetwork.org', 'agent_attribute': '自主导航', 'authorization_mode': 'Mode2'}, 'proof': {'creator': 'did:robotfactoryissuer@6gc.mnc015.mcc234.3gppnetwork#keys-1', 'signature_value': 'MEUCIFIUach1YpozIc7/dTPr5PDUM8kglXfUc5Z8XL6oD19YAiEAjGa8RWM57Y2UQZwHWxgAjTSEOmkr42UaA9FsftqaFnU='}}, {'context': ['3gpp-ts-33.xxx-v20.0.0'], 'id': 'robot-factory/credentials/5667', 'type': ['VerifiableCredential', 'BindingSIMCredential'], 'issuer': 'did:robotfactoryissuer@6gc.mnc015.mcc234.3gppnetwork', 'valid_from': '2026-07-24T09:33:22.396097+00:00', 'valid_until': '2027-07-25T09:33:22.396097+00:00', 'claims': {'agent_name': 'RobotDog', 'agent_id': 'did:udid:type2.rid678.achid0.userid1380013811172298@6gc.mnc015.mcc234.3gppnetwork.org', 'agent_attribute': '高清摄像', 'authorization_mode': 'Mode2'}, 'proof': {'creator': 'did:robotfactoryissuer@6gc.mnc015.mcc234.3gppnetwork#keys-1', 'signature_value': 'MEUCIFHVLoFZPdpO9l9Ofh17NQRVaZi7XY/fPJnnLaVLsWF2AiEAuQOkIeIg6ajz9UqTaTLynDeHegKyjosxs95h72Plgek='}}]
2026-07-25 17:33:22 [INFO] IdentityManager - Persisted identity state: {'agent_id': 'did:udid:type2.rid678.achid0.userid1380013811172298@6gc.mnc015.mcc234.3gppnetwork.org', 'vc0': {'context': ['3gpp-ts-33.xxx-v20.0.0'], 'id': 'CMCC/credentials/6169', 'type': ['VerifiableCredential', 'BindingSIMCredential'], 'issuer': 'did:udid:idm@6gc.mnc015.mcc234.3gppnetwork.org', 'valid_from': '2026-07-25T09:33:16Z', 'valid_until': '2027-07-25T09:33:16Z', 'claims': {'agent_name': 'RobotDog', 'agent_id': 'did:udid:type2.rid678.achid0.userid1380013811172298@6gc.mnc015.mcc234.3gppnetwork.org', 'agent_attribute': '6G业务开通', 'master_id': 'type0.rid678.schid0.userid1userid20001@6gc0001@6gc.mnc015.mcc234.3gppnetwork.org', 'self_id': 'type0.rid678.schid0..mnc015.mcc234.3gppnetwork.org'}, 'proof': {'creator': 'did:udid:idm@6gc.mnc015.mcc234.3gppnetwork.org#keys-1', 'signature_value': 'MEQCIFYwsomxBhYyef/wh9+GpB0O3R81ZfBl3d4h6AqRlYhIAiAp+575xopWmku2V9bqOCyu6be2AJnbAEfft6Nsv8X+1w=='}}, 'capability_names': ['载重运输', '自主导航', '高清摄像'], 'capability_vcs': [{'context': ['3gpp-ts-33.xxx-v20.0.0'], 'id': 'robot-factory/credentials/7879', 'type': ['VerifiableCredential', 'BindingSIMCredential'], 'issuer': 'did:robotfactoryissuer@6gc.mnc015.mcc234.3gppnetwork', 'valid_from': '2026-07-24T09:33:22.396097+00:00', 'valid_until': '2027-07-25T09:33:22.396097+00:00', 'claims': {'agent_name': 'RobotDog', 'agent_id': 'did:udid:type2.rid678.achid0.userid1380013811172298@6gc.mnc015.mcc234.3gppnetwork.org', 'agent_attribute': '载重运输', 'authorization_mode': 'Mode2'}, 'proof': {'creator': 'did:robotfactoryissuer@6gc.mnc015.mcc234.3gppnetwork#keys-1', 'signature_value': 'MEUCIChysiKUD8oi9VLZ/LthlGMyoB6go1PXiLM4p67P2nSIAiEA8hTdgM9kPaa51tyMOD7Q98WVaWg9LyvpXf73wNCjTUA='}}, {'context': ['3gpp-ts-33.xxx-v20.0.0'], 'id': 'robot-factory/credentials/6435', 'type': ['VerifiableCredential', 'BindingSIMCredential'], 'issuer': 'did:robotfactoryissuer@6gc.mnc015.mcc234.3gppnetwork', 'valid_from': '2026-07-24T09:33:22.396097+00:00', 'valid_until': '2027-07-25T09:33:22.396097+00:00', 'claims': {'agent_name': 'RobotDog', 'agent_id': 'did:udid:type2.rid678.achid0.userid1380013811172298@6gc.mnc015.mcc234.3gppnetwork.org', 'agent_attribute': '自主导航', 'authorization_mode': 'Mode2'}, 'proof': {'creator': 'did:robotfactoryissuer@6gc.mnc015.mcc234.3gppnetwork#keys-1', 'signature_value': 'MEUCIFIUach1YpozIc7/dTPr5PDUM8kglXfUc5Z8XL6oD19YAiEAjGa8RWM57Y2UQZwHWxgAjTSEOmkr42UaA9FsftqaFnU='}}, {'context': ['3gpp-ts-33.xxx-v20.0.0'], 'id': 'robot-factory/credentials/5667', 'type': ['VerifiableCredential', 'BindingSIMCredential'], 'issuer': 'did:robotfactoryissuer@6gc.mnc015.mcc234.3gppnetwork', 'valid_from': '2026-07-24T09:33:22.396097+00:00', 'valid_until': '2027-07-25T09:33:22.396097+00:00', 'claims': {'agent_name': 'RobotDog', 'agent_id': 'did:udid:type2.rid678.achid0.userid1380013811172298@6gc.mnc015.mcc234.3gppnetwork.org', 'agent_attribute': '高清摄像', 'authorization_mode': 'Mode2'}, 'proof': {'creator': 'did:robotfactoryissuer@6gc.mnc015.mcc234.3gppnetwork#keys-1', 'signature_value': 'MEUCIFHVLoFZPdpO9l9Ofh17NQRVaZi7XY/fPJnnLaVLsWF2AiEAuQOkIeIg6ajz9UqTaTLynDeHegKyjosxs95h72Plgek='}}], 'agent_name': 'RobotDog', 'owner': '13800138111', 'priority': 4, 'metadata': {'region': 'CN', 'role': 'collaborator'}}
2026-07-25 17:33:22 [INFO] HttpClient - HTTP POST http://192.168.1.10:9010/arf/v1/agent-cards
{
  "agent_id": "did:udid:type2.rid678.achid0.userid1380013811172298@6gc.mnc015.mcc234.3gppnetwork.org",
  "priority": 4,
  "timestamp": "2026-07-25T09:33:22Z",
  "signature": "MEQCIHfMDjnGF6q9SsGnC5Y/tQGaPW1jWzBlJZ6EzAGDsJb6AiAmMyK2PO3d5MsAD49fBORWoYYoS4mwPTPcPw2fyY16Pw==",
  "signature_encoding": "base64",
  "vc_list": [
    {
      "context": [
        "3gpp-ts-33.xxx-v20.0.0"
      ],
      "id": "CMCC/credentials/6169",
      "type": [
        "VerifiableCredential",
        "BindingSIMCredential"
      ],
      "issuer": "did:udid:idm@6gc.mnc015.mcc234.3gppnetwork.org",
      "valid_from": "2026-07-25T09:33:16Z",
      "valid_until": "2027-07-25T09:33:16Z",
      "claims": {
        "agent_name": "RobotDog",
        "agent_id": "did:udid:type2.rid678.achid0.userid1380013811172298@6gc.mnc015.mcc234.3gppnetwork.org",
        "agent_attribute": "6G业务开通",
        "master_id": "type0.rid678.schid0.userid1userid20001@6gc0001@6gc.mnc015.mcc234.3gppnetwork.org",
        "self_id": "type0.rid678.schid0..mnc015.mcc234.3gppnetwork.org"
      },
      "proof": {
        "creator": "did:udid:idm@6gc.mnc015.mcc234.3gppnetwork.org#keys-1",
        "signature_value": "MEQCIFYwsomxBhYyef/wh9+GpB0O3R81ZfBl3d4h6AqRlYhIAiAp+575xopWmku2V9bqOCyu6be2AJnbAEfft6Nsv8X+1w=="
      }
    },
    {
      "context": [
        "3gpp-ts-33.xxx-v20.0.0"
      ],
      "id": "robot-factory/credentials/7879",
      "type": [
        "VerifiableCredential",
        "BindingSIMCredential"
      ],
      "issuer": "did:robotfactoryissuer@6gc.mnc015.mcc234.3gppnetwork",
      "valid_from": "2026-07-24T09:33:22.396097+00:00",
      "valid_until": "2027-07-25T09:33:22.396097+00:00",
      "claims": {
        "agent_name": "RobotDog",
        "agent_id": "did:udid:type2.rid678.achid0.userid1380013811172298@6gc.mnc015.mcc234.3gppnetwork.org",
        "agent_attribute": "载重运输",
        "authorization_mode": "Mode2"
      },
      "proof": {
        "creator": "did:robotfactoryissuer@6gc.mnc015.mcc234.3gppnetwork#keys-1",
        "signature_value": "MEUCIChysiKUD8oi9VLZ/LthlGMyoB6go1PXiLM4p67P2nSIAiEA8hTdgM9kPaa51tyMOD7Q98WVaWg9LyvpXf73wNCjTUA="
      }
    },
    {
      "context": [
        "3gpp-ts-33.xxx-v20.0.0"
      ],
      "id": "robot-factory/credentials/6435",
      "type": [
        "VerifiableCredential",
        "BindingSIMCredential"
      ],
      "issuer": "did:robotfactoryissuer@6gc.mnc015.mcc234.3gppnetwork",
      "valid_from": "2026-07-24T09:33:22.396097+00:00",
      "valid_until": "2027-07-25T09:33:22.396097+00:00",
      "claims": {
        "agent_name": "RobotDog",
        "agent_id": "did:udid:type2.rid678.achid0.userid1380013811172298@6gc.mnc015.mcc234.3gppnetwork.org",
        "agent_attribute": "自主导航",
        "authorization_mode": "Mode2"
      },
      "proof": {
        "creator": "did:robotfactoryissuer@6gc.mnc015.mcc234.3gppnetwork#keys-1",
        "signature_value": "MEUCIFIUach1YpozIc7/dTPr5PDUM8kglXfUc5Z8XL6oD19YAiEAjGa8RWM57Y2UQZwHWxgAjTSEOmkr42UaA9FsftqaFnU="
      }
    },
    {
      "context": [
        "3gpp-ts-33.xxx-v20.0.0"
      ],
      "id": "robot-factory/credentials/5667",
      "type": [
        "VerifiableCredential",
        "BindingSIMCredential"
      ],
      "issuer": "did:robotfactoryissuer@6gc.mnc015.mcc234.3gppnetwork",
      "valid_from": "2026-07-24T09:33:22.396097+00:00",
      "valid_until": "2027-07-25T09:33:22.396097+00:00",
      "claims": {
        "agent_name": "RobotDog",
        "agent_id": "did:udid:type2.rid678.achid0.userid1380013811172298@6gc.mnc015.mcc234.3gppnetwork.org",
        "agent_attribute": "高清摄像",
        "authorization_mode": "Mode2"
      },
      "proof": {
        "creator": "did:robotfactoryissuer@6gc.mnc015.mcc234.3gppnetwork#keys-1",
        "signature_value": "MEUCIFHVLoFZPdpO9l9Ofh17NQRVaZi7XY/fPJnnLaVLsWF2AiEAuQOkIeIg6ajz9UqTaTLynDeHegKyjosxs95h72Plgek="
      }
    }
  ]
}
2026-07-25 17:33:22 [INFO] httpx - HTTP Request: POST http://192.168.1.10:9010/arf/v1/agent-cards "HTTP/1.1 200 OK"
2026-07-25 17:33:22 [INFO] HttpClient - HTTP response /arf/v1/agent-cards
{
  "status": "OK"
}
2026-07-25 17:33:22 [INFO] AcnSDK - Robot attribute registered. agent_id=did:udid:type2.rid678.achid0.userid1380013811172298@6gc.mnc015.mcc234.3gppnetwork.org
2026-07-25 17:33:22 [INFO] WebSocketClient - Connecting websocket to ws://192.168.1.10:9002/ws
2026-07-25 17:33:22 [INFO] WebSocketClient - Websocket connected.
2026-07-25 17:33:22 [INFO] WebSocketClient - Sending websocket payload
{
  "type": "SETUP",
  "timestamp": "2026-07-25T09:33:22Z",
  "payload": {
    "src_agent_id": "did:udid:type2.rid678.achid0.userid1380013811172298@6gc.mnc015.mcc234.3gppnetwork.org"
  }
}
2026-07-25 17:33:22 [INFO] WebSocketClient - Received websocket payload
{
  "type": "SETUP",
  "timestamp": "2026-07-25T09:33:16.608757Z",
  "payload": {
    "status": "OK"
  }
}
2026-07-25 17:33:22 [INFO] MoQClient - Connecting MoQ client role=publisher remote=192.168.1.10:9003
2026-07-25 17:33:22 [INFO] moq.pub.publisher - MOQPublisher initialized for 192.168.1.10:9003
2026-07-25 17:33:22 [INFO] moq.pub.publisher - Connecting to relay at 192.168.1.10:9003
2026-07-25 17:33:22 [INFO] moq.transport.quic_transport - QUIC client config: congestion=cubic max_data=67108864 max_stream_data=67108864
2026-07-25 17:33:22 [INFO] moq.transport.quic_transport - Connecting to 192.168.1.10:9003
2026-07-25 17:33:22 [INFO] moq.transport.quic_transport - MOQQuicProtocol initialized
2026-07-25 17:33:22 [INFO] quic - [d6641f6e8e1e8b24] Negotiated protocol version 0x00000001 (VERSION_1)
2026-07-25 17:33:22 [INFO] quic - [d6641f6e8e1e8b24] ALPN negotiated protocol moq-00
2026-07-25 17:33:22 [INFO] moq.transport.quic_transport - QUIC connection established
2026-07-25 17:33:22 [INFO] moq.session.session - MOQSession created: session_id=pub-281473508857584, role=PUBLISHER
2026-07-25 17:33:22 [INFO] moq.session.session - Sent SETUP: version=4278190097, role=PUBLISHER
2026-07-25 17:33:22 [INFO] moq.pub.publisher - Connected to relay
2026-07-25 17:33:22 [INFO] MoQClient - MoQ publisher connected to relay
2026-07-25 17:33:22 [INFO] MoQClient - MoQ client connected role=publisher remote=192.168.1.10:9003
2026-07-25 17:33:22 [INFO] MoQClient - Connecting MoQ client role=subscriber remote=192.168.1.10:9003
2026-07-25 17:33:22 [INFO] moq.sub.subscriber - MOQSubscriber initialized for 192.168.1.10:9003
2026-07-25 17:33:22 [INFO] moq.sub.subscriber - Connecting to relay at 192.168.1.10:9003
2026-07-25 17:33:22 [INFO] moq.transport.quic_transport - QUIC client config: congestion=cubic max_data=67108864 max_stream_data=67108864
2026-07-25 17:33:22 [INFO] moq.transport.quic_transport - Connecting to 192.168.1.10:9003
2026-07-25 17:33:22 [INFO] moq.transport.quic_transport - MOQQuicProtocol initialized
2026-07-25 17:33:22 [INFO] quic - [e6feabf352deeffa] Negotiated protocol version 0x00000001 (VERSION_1)
2026-07-25 17:33:22 [INFO] quic - [e6feabf352deeffa] ALPN negotiated protocol moq-00
2026-07-25 17:33:22 [INFO] moq.transport.quic_transport - QUIC connection established
2026-07-25 17:33:22 [INFO] moq.session.session - MOQSession created: session_id=sub-281473508866032, role=SUBSCRIBER
2026-07-25 17:33:22 [INFO] moq.session.session - Sent SETUP: version=4278190097, role=SUBSCRIBER
2026-07-25 17:33:22 [INFO] moq.sub.subscriber - Connected to relay
2026-07-25 17:33:22 [INFO] MoQClient - MoQ subscriber connected to relay
2026-07-25 17:33:22 [INFO] MoQClient - MoQ client connected role=subscriber remote=192.168.1.10:9003
2026-07-25 17:33:22 [INFO] AcnSDK - Background network listener started.
2026-07-25 17:33:22 [INFO] AcnSDK - Network join successful for agent_id=did:udid:type2.rid678.achid0.userid1380013811172298@6gc.mnc015.mcc234.3gppnetwork.org
2026-07-25 17:33:22 [INFO] AcnSDK - Queried local agent info agent_id=did:udid:type2.rid678.achid0.userid1380013811172298@6gc.mnc015.mcc234.3gppnetwork.org
2026-07-25 17:33:22 [INFO] HttpClient - HTTP POST http://192.168.1.10:9010/acn-agent/v1/owner-agents
{
  "owner": "13800138111"
}
2026-07-25 17:33:22 [INFO] httpx - HTTP Request: POST http://192.168.1.10:9010/acn-agent/v1/owner-agents "HTTP/1.1 200 OK"
2026-07-25 17:33:22 [INFO] HttpClient - HTTP response /acn-agent/v1/owner-agents
{
  "owner": "13800138111",
  "total": 8,
  "agents": [
    {
      "agent_id": "did:udid:type2.rid678.achid0.userid1380013811127392@6gc.mnc015.mcc234.3gppnetwork.org",
      "agent_name": "RobotDog",
      "description": "RobotDogModel, SN654321"
    },
    {
      "agent_id": "did:udid:type2.rid678.achid0.userid1380013811135919@6gc.mnc015.mcc234.3gppnetwork.org",
      "agent_name": "RobotDog",
      "description": "RobotDogModel, SN654321"
    },
    {
      "agent_id": "did:udid:type2.rid678.achid0.userid1380013811140750@6gc.mnc015.mcc234.3gppnetwork.org",
      "agent_name": "RobotDog",
      "description": "RobotDogModel, SN654321"
    },
    {
      "agent_id": "did:udid:type2.rid678.achid0.userid1380013811155293@6gc.mnc015.mcc234.3gppnetwork.org",
      "agent_name": "RobotDog",
      "description": "RobotDogModel, SN654321"
    },
    {
      "agent_id": "did:udid:type2.rid678.achid0.userid1380013811155912@6gc.mnc015.mcc234.3gppnetwork.org",
      "agent_name": "RobotDog",
      "description": "RobotDogModel, SN654321"
    },
    {
      "agent_id": "did:udid:type2.rid678.achid0.userid1380013811157226@6gc.mnc015.mcc234.3gppnetwork.org",
      "agent_name": "RobotDog",
      "description": "RobotDogModel, SN654321"
    },
    {
      "agent_id": "did:udid:type2.rid678.achid0.userid1380013811169706@6gc.mnc015.mcc234.3gppnetwork.org",
      "agent_name": "RobotDog",
      "description": "RobotDogModel, SN654321"
    },
    {
      "agent_id": "did:udid:type2.rid678.achid0.userid1380013811172298@6gc.mnc015.mcc234.3gppnetwork.org",
      "agent_name": "RobotDog",
      "description": "RobotDogModel, SN654321"
    }
  ]
}
2026-07-25 17:33:22 [INFO] AcnSDK - Queried agent list owner=13800138111
2026-07-27 09:35:57 [INFO] AcnSDK - Cleared identity cache file: /home/unitree/zxy/imt/acn_sdk/data/identity.json
2026-07-27 09:35:57 [INFO] AcnSDK - AcnSDK initialized for agent=RobotDog, network_status=offline
2026-07-27 09:35:57 [INFO] AcnSDK - SDK network endpoints acn_agent=9010 ws=9002 moq=9003 web_ui=9005
2026-07-27 09:35:57 [INFO] HttpClient - HTTP POST http://192.168.1.10:9010/idm/v1/identity-applications
{
  "owner": "13800138111",
  "name": "RobotDog",
  "public_key": "-----BEGIN PUBLIC KEY-----\nMFkwEwYHKoZIzj0CAQYIKoZIzj0DAQcDQgAEjNqmCmtuP9IpEQb88DZmbN0nfAMT\nu0mALPHBfC+5PQSKfmfgFQoiv30y7MZCB4iQHIEf4S7+dHY/x6KK0s6Dfw==\n-----END PUBLIC KEY-----\n",
  "description": "RobotDogModel, SN654321",
  "timestamp": "2026-07-27T01:35:57Z",
  "metadata": {
    "region": "CN",
    "role": "collaborator"
  },
  "signature": "MEQCIFg6kQussF51sgWTqNLizvO9X34eOqgMUqaZrIrAUk9qAiAZmpTOdNizccTw826n35sySyYM6UBham1MJJG3+cd7Jg==",
  "signature_encoding": "base64"
}
2026-07-27 09:35:57 [INFO] httpx - HTTP Request: POST http://192.168.1.10:9010/idm/v1/identity-applications "HTTP/1.1 200 OK"
2026-07-27 09:35:57 [INFO] HttpClient - HTTP response /idm/v1/identity-applications
{
  "result": "success",
  "agent_id": "did:udid:type2.rid678.achid0.userid1380013811152031@6gc.mnc015.mcc234.3gppnetwork.org",
  "vc0": {
    "context": [
      "3gpp-ts-33.xxx-v20.0.0"
    ],
    "id": "CMCC/credentials/1498",
    "type": [
      "VerifiableCredential",
      "BindingSIMCredential"
    ],
    "issuer": "did:udid:idm@6gc.mnc015.mcc234.3gppnetwork.org",
    "valid_from": "2026-07-27T01:35:54Z",
    "valid_until": "2027-07-27T01:35:54Z",
    "claims": {
      "agent_name": "RobotDog",
      "agent_id": "did:udid:type2.rid678.achid0.userid1380013811152031@6gc.mnc015.mcc234.3gppnetwork.org",
      "agent_attribute": "6G业务开通",
      "master_id": "type0.rid678.schid0.userid1userid20001@6gc0001@6gc.mnc015.mcc234.3gppnetwork.org",
      "self_id": "type0.rid678.schid0..mnc015.mcc234.3gppnetwork.org"
    },
    "proof": {
      "creator": "did:udid:idm@6gc.mnc015.mcc234.3gppnetwork.org#keys-1",
      "signature_value": "MEYCIQDCYsbsH89JYBWp6YM+PGFKeSGrBjiBSitUbfsoj2wgDAIhAL/zXAGI8fI5msN4l1ookrKqLDBIi8+C6IQax+quLqLD"
    }
  }
}
2026-07-27 09:35:57 [INFO] IdentityManager - Persisted identity state: {'agent_id': 'did:udid:type2.rid678.achid0.userid1380013811152031@6gc.mnc015.mcc234.3gppnetwork.org', 'vc0': {'context': ['3gpp-ts-33.xxx-v20.0.0'], 'id': 'CMCC/credentials/1498', 'type': ['VerifiableCredential', 'BindingSIMCredential'], 'issuer': 'did:udid:idm@6gc.mnc015.mcc234.3gppnetwork.org', 'valid_from': '2026-07-27T01:35:54Z', 'valid_until': '2027-07-27T01:35:54Z', 'claims': {'agent_name': 'RobotDog', 'agent_id': 'did:udid:type2.rid678.achid0.userid1380013811152031@6gc.mnc015.mcc234.3gppnetwork.org', 'agent_attribute': '6G业务开通', 'master_id': 'type0.rid678.schid0.userid1userid20001@6gc0001@6gc.mnc015.mcc234.3gppnetwork.org', 'self_id': 'type0.rid678.schid0..mnc015.mcc234.3gppnetwork.org'}, 'proof': {'creator': 'did:udid:idm@6gc.mnc015.mcc234.3gppnetwork.org#keys-1', 'signature_value': 'MEYCIQDCYsbsH89JYBWp6YM+PGFKeSGrBjiBSitUbfsoj2wgDAIhAL/zXAGI8fI5msN4l1ookrKqLDBIi8+C6IQax+quLqLD'}}, 'capability_names': [], 'capability_vcs': [], 'agent_name': 'RobotDog', 'owner': '13800138111', 'priority': 4, 'metadata': {'region': 'CN', 'role': 'collaborator'}}
2026-07-27 09:35:57 [INFO] AcnSDK - Agent registered. agent_id=did:udid:type2.rid678.achid0.userid1380013811152031@6gc.mnc015.mcc234.3gppnetwork.org
2026-07-27 09:35:57 [INFO] CredentialIssuer - Issued capability VCs: [{'context': ['3gpp-ts-33.xxx-v20.0.0'], 'id': 'robot-factory/credentials/1670', 'type': ['VerifiableCredential', 'BindingSIMCredential'], 'issuer': 'did:robotfactoryissuer@6gc.mnc015.mcc234.3gppnetwork', 'valid_from': '2026-07-26T01:35:57.888550+00:00', 'valid_until': '2027-07-27T01:35:57.888550+00:00', 'claims': {'agent_name': 'RobotDog', 'agent_id': 'did:udid:type2.rid678.achid0.userid1380013811152031@6gc.mnc015.mcc234.3gppnetwork.org', 'agent_attribute': '载重运输', 'authorization_mode': 'Mode2'}, 'proof': {'creator': 'did:robotfactoryissuer@6gc.mnc015.mcc234.3gppnetwork#keys-1', 'signature_value': 'MEQCIEgfLrRp2CoYDprtq5lBLD1+TpQx4zjjSV1y0U9TZoHPAiBtSb8dNnzawybPP/SMRK9EsK4xIf1A06zCprY1Ke6mqg=='}}, {'context': ['3gpp-ts-33.xxx-v20.0.0'], 'id': 'robot-factory/credentials/1828', 'type': ['VerifiableCredential', 'BindingSIMCredential'], 'issuer': 'did:robotfactoryissuer@6gc.mnc015.mcc234.3gppnetwork', 'valid_from': '2026-07-26T01:35:57.888550+00:00', 'valid_until': '2027-07-27T01:35:57.888550+00:00', 'claims': {'agent_name': 'RobotDog', 'agent_id': 'did:udid:type2.rid678.achid0.userid1380013811152031@6gc.mnc015.mcc234.3gppnetwork.org', 'agent_attribute': '自主导航', 'authorization_mode': 'Mode2'}, 'proof': {'creator': 'did:robotfactoryissuer@6gc.mnc015.mcc234.3gppnetwork#keys-1', 'signature_value': 'MEUCIBeb39z3AGE8eReBb/MK1Q1fd/f/SL8UeQLR3SxvkrJsAiEA5tQZET5NvHYhcmCCRdMty73OJPm4DoZZlQV/+vk2MYI='}}, {'context': ['3gpp-ts-33.xxx-v20.0.0'], 'id': 'robot-factory/credentials/7690', 'type': ['VerifiableCredential', 'BindingSIMCredential'], 'issuer': 'did:robotfactoryissuer@6gc.mnc015.mcc234.3gppnetwork', 'valid_from': '2026-07-26T01:35:57.888550+00:00', 'valid_until': '2027-07-27T01:35:57.888550+00:00', 'claims': {'agent_name': 'RobotDog', 'agent_id': 'did:udid:type2.rid678.achid0.userid1380013811152031@6gc.mnc015.mcc234.3gppnetwork.org', 'agent_attribute': '高清摄像', 'authorization_mode': 'Mode2'}, 'proof': {'creator': 'did:robotfactoryissuer@6gc.mnc015.mcc234.3gppnetwork#keys-1', 'signature_value': 'MEUCIBb/EJi3Hxf9OaW/plLpzC4tZePbC/KSRy1SF28ne5W/AiEAzVlMhkCBaNzvapg6Flk+9FKYF0yW5TCcIk1FrRjH/po='}}]
2026-07-27 09:35:57 [INFO] IdentityManager - Persisted identity state: {'agent_id': 'did:udid:type2.rid678.achid0.userid1380013811152031@6gc.mnc015.mcc234.3gppnetwork.org', 'vc0': {'context': ['3gpp-ts-33.xxx-v20.0.0'], 'id': 'CMCC/credentials/1498', 'type': ['VerifiableCredential', 'BindingSIMCredential'], 'issuer': 'did:udid:idm@6gc.mnc015.mcc234.3gppnetwork.org', 'valid_from': '2026-07-27T01:35:54Z', 'valid_until': '2027-07-27T01:35:54Z', 'claims': {'agent_name': 'RobotDog', 'agent_id': 'did:udid:type2.rid678.achid0.userid1380013811152031@6gc.mnc015.mcc234.3gppnetwork.org', 'agent_attribute': '6G业务开通', 'master_id': 'type0.rid678.schid0.userid1userid20001@6gc0001@6gc.mnc015.mcc234.3gppnetwork.org', 'self_id': 'type0.rid678.schid0..mnc015.mcc234.3gppnetwork.org'}, 'proof': {'creator': 'did:udid:idm@6gc.mnc015.mcc234.3gppnetwork.org#keys-1', 'signature_value': 'MEYCIQDCYsbsH89JYBWp6YM+PGFKeSGrBjiBSitUbfsoj2wgDAIhAL/zXAGI8fI5msN4l1ookrKqLDBIi8+C6IQax+quLqLD'}}, 'capability_names': ['载重运输', '自主导航', '高清摄像'], 'capability_vcs': [{'context': ['3gpp-ts-33.xxx-v20.0.0'], 'id': 'robot-factory/credentials/1670', 'type': ['VerifiableCredential', 'BindingSIMCredential'], 'issuer': 'did:robotfactoryissuer@6gc.mnc015.mcc234.3gppnetwork', 'valid_from': '2026-07-26T01:35:57.888550+00:00', 'valid_until': '2027-07-27T01:35:57.888550+00:00', 'claims': {'agent_name': 'RobotDog', 'agent_id': 'did:udid:type2.rid678.achid0.userid1380013811152031@6gc.mnc015.mcc234.3gppnetwork.org', 'agent_attribute': '载重运输', 'authorization_mode': 'Mode2'}, 'proof': {'creator': 'did:robotfactoryissuer@6gc.mnc015.mcc234.3gppnetwork#keys-1', 'signature_value': 'MEQCIEgfLrRp2CoYDprtq5lBLD1+TpQx4zjjSV1y0U9TZoHPAiBtSb8dNnzawybPP/SMRK9EsK4xIf1A06zCprY1Ke6mqg=='}}, {'context': ['3gpp-ts-33.xxx-v20.0.0'], 'id': 'robot-factory/credentials/1828', 'type': ['VerifiableCredential', 'BindingSIMCredential'], 'issuer': 'did:robotfactoryissuer@6gc.mnc015.mcc234.3gppnetwork', 'valid_from': '2026-07-26T01:35:57.888550+00:00', 'valid_until': '2027-07-27T01:35:57.888550+00:00', 'claims': {'agent_name': 'RobotDog', 'agent_id': 'did:udid:type2.rid678.achid0.userid1380013811152031@6gc.mnc015.mcc234.3gppnetwork.org', 'agent_attribute': '自主导航', 'authorization_mode': 'Mode2'}, 'proof': {'creator': 'did:robotfactoryissuer@6gc.mnc015.mcc234.3gppnetwork#keys-1', 'signature_value': 'MEUCIBeb39z3AGE8eReBb/MK1Q1fd/f/SL8UeQLR3SxvkrJsAiEA5tQZET5NvHYhcmCCRdMty73OJPm4DoZZlQV/+vk2MYI='}}, {'context': ['3gpp-ts-33.xxx-v20.0.0'], 'id': 'robot-factory/credentials/7690', 'type': ['VerifiableCredential', 'BindingSIMCredential'], 'issuer': 'did:robotfactoryissuer@6gc.mnc015.mcc234.3gppnetwork', 'valid_from': '2026-07-26T01:35:57.888550+00:00', 'valid_until': '2027-07-27T01:35:57.888550+00:00', 'claims': {'agent_name': 'RobotDog', 'agent_id': 'did:udid:type2.rid678.achid0.userid1380013811152031@6gc.mnc015.mcc234.3gppnetwork.org', 'agent_attribute': '高清摄像', 'authorization_mode': 'Mode2'}, 'proof': {'creator': 'did:robotfactoryissuer@6gc.mnc015.mcc234.3gppnetwork#keys-1', 'signature_value': 'MEUCIBb/EJi3Hxf9OaW/plLpzC4tZePbC/KSRy1SF28ne5W/AiEAzVlMhkCBaNzvapg6Flk+9FKYF0yW5TCcIk1FrRjH/po='}}], 'agent_name': 'RobotDog', 'owner': '13800138111', 'priority': 4, 'metadata': {'region': 'CN', 'role': 'collaborator'}}
2026-07-27 09:35:57 [INFO] HttpClient - HTTP POST http://192.168.1.10:9010/arf/v1/agent-cards
{
  "agent_id": "did:udid:type2.rid678.achid0.userid1380013811152031@6gc.mnc015.mcc234.3gppnetwork.org",
  "priority": 4,
  "timestamp": "2026-07-27T01:35:57Z",
  "signature": "MEUCICwCpep78fzPMG1Xk2Pv6TIlZ1xX+bScf6Uh5SVqdR8TAiEA4ouGogrn4uz0vk50bbCUsxxeZAd+R8lQxRIM58hPLfM=",
  "signature_encoding": "base64",
  "vc_list": [
    {
      "context": [
        "3gpp-ts-33.xxx-v20.0.0"
      ],
      "id": "CMCC/credentials/1498",
      "type": [
        "VerifiableCredential",
        "BindingSIMCredential"
      ],
      "issuer": "did:udid:idm@6gc.mnc015.mcc234.3gppnetwork.org",
      "valid_from": "2026-07-27T01:35:54Z",
      "valid_until": "2027-07-27T01:35:54Z",
      "claims": {
        "agent_name": "RobotDog",
        "agent_id": "did:udid:type2.rid678.achid0.userid1380013811152031@6gc.mnc015.mcc234.3gppnetwork.org",
        "agent_attribute": "6G业务开通",
        "master_id": "type0.rid678.schid0.userid1userid20001@6gc0001@6gc.mnc015.mcc234.3gppnetwork.org",
        "self_id": "type0.rid678.schid0..mnc015.mcc234.3gppnetwork.org"
      },
      "proof": {
        "creator": "did:udid:idm@6gc.mnc015.mcc234.3gppnetwork.org#keys-1",
        "signature_value": "MEYCIQDCYsbsH89JYBWp6YM+PGFKeSGrBjiBSitUbfsoj2wgDAIhAL/zXAGI8fI5msN4l1ookrKqLDBIi8+C6IQax+quLqLD"
      }
    },
    {
      "context": [
        "3gpp-ts-33.xxx-v20.0.0"
      ],
      "id": "robot-factory/credentials/1670",
      "type": [
        "VerifiableCredential",
        "BindingSIMCredential"
      ],
      "issuer": "did:robotfactoryissuer@6gc.mnc015.mcc234.3gppnetwork",
      "valid_from": "2026-07-26T01:35:57.888550+00:00",
      "valid_until": "2027-07-27T01:35:57.888550+00:00",
      "claims": {
        "agent_name": "RobotDog",
        "agent_id": "did:udid:type2.rid678.achid0.userid1380013811152031@6gc.mnc015.mcc234.3gppnetwork.org",
        "agent_attribute": "载重运输",
        "authorization_mode": "Mode2"
      },
      "proof": {
        "creator": "did:robotfactoryissuer@6gc.mnc015.mcc234.3gppnetwork#keys-1",
        "signature_value": "MEQCIEgfLrRp2CoYDprtq5lBLD1+TpQx4zjjSV1y0U9TZoHPAiBtSb8dNnzawybPP/SMRK9EsK4xIf1A06zCprY1Ke6mqg=="
      }
    },
    {
      "context": [
        "3gpp-ts-33.xxx-v20.0.0"
      ],
      "id": "robot-factory/credentials/1828",
      "type": [
        "VerifiableCredential",
        "BindingSIMCredential"
      ],
      "issuer": "did:robotfactoryissuer@6gc.mnc015.mcc234.3gppnetwork",
      "valid_from": "2026-07-26T01:35:57.888550+00:00",
      "valid_until": "2027-07-27T01:35:57.888550+00:00",
      "claims": {
        "agent_name": "RobotDog",
        "agent_id": "did:udid:type2.rid678.achid0.userid1380013811152031@6gc.mnc015.mcc234.3gppnetwork.org",
        "agent_attribute": "自主导航",
        "authorization_mode": "Mode2"
      },
      "proof": {
        "creator": "did:robotfactoryissuer@6gc.mnc015.mcc234.3gppnetwork#keys-1",
        "signature_value": "MEUCIBeb39z3AGE8eReBb/MK1Q1fd/f/SL8UeQLR3SxvkrJsAiEA5tQZET5NvHYhcmCCRdMty73OJPm4DoZZlQV/+vk2MYI="
      }
    },
    {
      "context": [
        "3gpp-ts-33.xxx-v20.0.0"
      ],
      "id": "robot-factory/credentials/7690",
      "type": [
        "VerifiableCredential",
        "BindingSIMCredential"
      ],
      "issuer": "did:robotfactoryissuer@6gc.mnc015.mcc234.3gppnetwork",
      "valid_from": "2026-07-26T01:35:57.888550+00:00",
      "valid_until": "2027-07-27T01:35:57.888550+00:00",
      "claims": {
        "agent_name": "RobotDog",
        "agent_id": "did:udid:type2.rid678.achid0.userid1380013811152031@6gc.mnc015.mcc234.3gppnetwork.org",
        "agent_attribute": "高清摄像",
        "authorization_mode": "Mode2"
      },
      "proof": {
        "creator": "did:robotfactoryissuer@6gc.mnc015.mcc234.3gppnetwork#keys-1",
        "signature_value": "MEUCIBb/EJi3Hxf9OaW/plLpzC4tZePbC/KSRy1SF28ne5W/AiEAzVlMhkCBaNzvapg6Flk+9FKYF0yW5TCcIk1FrRjH/po="
      }
    }
  ]
}
2026-07-27 09:35:58 [INFO] httpx - HTTP Request: POST http://192.168.1.10:9010/arf/v1/agent-cards "HTTP/1.1 200 OK"
2026-07-27 09:35:58 [INFO] HttpClient - HTTP response /arf/v1/agent-cards
{
  "status": "OK"
}
2026-07-27 09:35:58 [INFO] AcnSDK - Robot attribute registered. agent_id=did:udid:type2.rid678.achid0.userid1380013811152031@6gc.mnc015.mcc234.3gppnetwork.org
2026-07-27 09:35:58 [INFO] WebSocketClient - Connecting websocket to ws://192.168.1.10:9002/ws
2026-07-27 09:35:58 [INFO] WebSocketClient - Websocket connected.
2026-07-27 09:35:58 [INFO] WebSocketClient - Sending websocket payload
{
  "type": "SETUP",
  "timestamp": "2026-07-27T01:35:58Z",
  "payload": {
    "src_agent_id": "did:udid:type2.rid678.achid0.userid1380013811152031@6gc.mnc015.mcc234.3gppnetwork.org"
  }
}
2026-07-27 09:35:58 [INFO] WebSocketClient - Received websocket payload
{
  "type": "SETUP",
  "timestamp": "2026-07-27T01:35:55.413260Z",
  "payload": {
    "status": "OK"
  }
}
2026-07-27 09:35:58 [INFO] MoQClient - Connecting MoQ client role=publisher remote=192.168.1.10:9003
2026-07-27 09:35:58 [INFO] moq.pub.publisher - MOQPublisher initialized for 192.168.1.10:9003
2026-07-27 09:35:58 [INFO] moq.pub.publisher - Connecting to relay at 192.168.1.10:9003
2026-07-27 09:35:58 [INFO] moq.transport.quic_transport - QUIC client config: congestion=cubic max_data=67108864 max_stream_data=67108864
2026-07-27 09:35:58 [INFO] moq.transport.quic_transport - Connecting to 192.168.1.10:9003
2026-07-27 09:35:58 [INFO] moq.transport.quic_transport - MOQQuicProtocol initialized
2026-07-27 09:35:58 [INFO] quic - [ea7b342f72e255f1] Negotiated protocol version 0x00000001 (VERSION_1)
2026-07-27 09:35:58 [INFO] quic - [ea7b342f72e255f1] ALPN negotiated protocol moq-00
2026-07-27 09:35:58 [INFO] moq.transport.quic_transport - QUIC connection established
2026-07-27 09:35:58 [INFO] moq.session.session - MOQSession created: session_id=pub-281473288296176, role=PUBLISHER
2026-07-27 09:35:58 [INFO] moq.session.session - Sent SETUP: version=4278190097, role=PUBLISHER
2026-07-27 09:35:58 [INFO] moq.pub.publisher - Connected to relay
2026-07-27 09:35:58 [INFO] MoQClient - MoQ publisher connected to relay
2026-07-27 09:35:58 [INFO] MoQClient - MoQ client connected role=publisher remote=192.168.1.10:9003
2026-07-27 09:35:58 [INFO] MoQClient - Connecting MoQ client role=subscriber remote=192.168.1.10:9003
2026-07-27 09:35:58 [INFO] moq.sub.subscriber - MOQSubscriber initialized for 192.168.1.10:9003
2026-07-27 09:35:58 [INFO] moq.sub.subscriber - Connecting to relay at 192.168.1.10:9003
2026-07-27 09:35:58 [INFO] moq.transport.quic_transport - QUIC client config: congestion=cubic max_data=67108864 max_stream_data=67108864
2026-07-27 09:35:58 [INFO] moq.transport.quic_transport - Connecting to 192.168.1.10:9003
2026-07-27 09:35:58 [INFO] moq.transport.quic_transport - MOQQuicProtocol initialized
2026-07-27 09:35:58 [INFO] quic - [d21fde1a9a7e12cb] Negotiated protocol version 0x00000001 (VERSION_1)
2026-07-27 09:35:58 [INFO] quic - [d21fde1a9a7e12cb] ALPN negotiated protocol moq-00
2026-07-27 09:35:58 [INFO] moq.transport.quic_transport - QUIC connection established
2026-07-27 09:35:58 [INFO] moq.session.session - MOQSession created: session_id=sub-281473288304528, role=SUBSCRIBER
2026-07-27 09:35:58 [INFO] moq.session.session - Sent SETUP: version=4278190097, role=SUBSCRIBER
2026-07-27 09:35:58 [INFO] moq.sub.subscriber - Connected to relay
2026-07-27 09:35:58 [INFO] MoQClient - MoQ subscriber connected to relay
2026-07-27 09:35:58 [INFO] MoQClient - MoQ client connected role=subscriber remote=192.168.1.10:9003
2026-07-27 09:35:58 [INFO] AcnSDK - Background network listener started.
2026-07-27 09:35:58 [INFO] AcnSDK - Network join successful for agent_id=did:udid:type2.rid678.achid0.userid1380013811152031@6gc.mnc015.mcc234.3gppnetwork.org
2026-07-27 09:35:58 [INFO] AcnSDK - Queried local agent info agent_id=did:udid:type2.rid678.achid0.userid1380013811152031@6gc.mnc015.mcc234.3gppnetwork.org
2026-07-27 09:35:58 [INFO] HttpClient - HTTP POST http://192.168.1.10:9010/acn-agent/v1/owner-agents
{
  "owner": "13800138111"
}
2026-07-27 09:35:58 [INFO] httpx - HTTP Request: POST http://192.168.1.10:9010/acn-agent/v1/owner-agents "HTTP/1.1 200 OK"
2026-07-27 09:35:58 [INFO] HttpClient - HTTP response /acn-agent/v1/owner-agents
{
  "owner": "13800138111",
  "total": 9,
  "agents": [
    {
      "agent_id": "did:udid:type2.rid678.achid0.userid1380013811127392@6gc.mnc015.mcc234.3gppnetwork.org",
      "agent_name": "RobotDog",
      "description": "RobotDogModel, SN654321"
    },
    {
      "agent_id": "did:udid:type2.rid678.achid0.userid1380013811135919@6gc.mnc015.mcc234.3gppnetwork.org",
      "agent_name": "RobotDog",
      "description": "RobotDogModel, SN654321"
    },
    {
      "agent_id": "did:udid:type2.rid678.achid0.userid1380013811140750@6gc.mnc015.mcc234.3gppnetwork.org",
      "agent_name": "RobotDog",
      "description": "RobotDogModel, SN654321"
    },
    {
      "agent_id": "did:udid:type2.rid678.achid0.userid1380013811152031@6gc.mnc015.mcc234.3gppnetwork.org",
      "agent_name": "RobotDog",
      "description": "RobotDogModel, SN654321"
    },
    {
      "agent_id": "did:udid:type2.rid678.achid0.userid1380013811155293@6gc.mnc015.mcc234.3gppnetwork.org",
      "agent_name": "RobotDog",
      "description": "RobotDogModel, SN654321"
    },
    {
      "agent_id": "did:udid:type2.rid678.achid0.userid1380013811155912@6gc.mnc015.mcc234.3gppnetwork.org",
      "agent_name": "RobotDog",
      "description": "RobotDogModel, SN654321"
    },
    {
      "agent_id": "did:udid:type2.rid678.achid0.userid1380013811157226@6gc.mnc015.mcc234.3gppnetwork.org",
      "agent_name": "RobotDog",
      "description": "RobotDogModel, SN654321"
    },
    {
      "agent_id": "did:udid:type2.rid678.achid0.userid1380013811169706@6gc.mnc015.mcc234.3gppnetwork.org",
      "agent_name": "RobotDog",
      "description": "RobotDogModel, SN654321"
    },
    {
      "agent_id": "did:udid:type2.rid678.achid0.userid1380013811172298@6gc.mnc015.mcc234.3gppnetwork.org",
      "agent_name": "RobotDog",
      "description": "RobotDogModel, SN654321"
    }
  ]
}
2026-07-27 09:35:58 [INFO] AcnSDK - Queried agent list owner=13800138111
2026-07-27 11:27:52 [ERROR] AcnSDK - Background network listener stopped after websocket receive failure.
Traceback (most recent call last):
  File "/home/unitree/zxy/imt/acn_sdk/core/network_service.py", line 337, in _network_listener_loop
    message = websocket_client.receive_json()
  File "/home/unitree/zxy/imt/acn_sdk/network/websocket_client.py", line 38, in receive_json
    payload = json.loads(message)
  File "/home/unitree/.local/share/uv/python/cpython-3.10-linux-aarch64-gnu/lib/python3.10/json/__init__.py", line 346, in loads
    return _default_decoder.decode(s)
  File "/home/unitree/.local/share/uv/python/cpython-3.10-linux-aarch64-gnu/lib/python3.10/json/decoder.py", line 337, in decode
    obj, end = self.raw_decode(s, idx=_w(s, 0).end())
  File "/home/unitree/.local/share/uv/python/cpython-3.10-linux-aarch64-gnu/lib/python3.10/json/decoder.py", line 355, in raw_decode
    raise JSONDecodeError("Expecting value", s, err.value) from None
json.decoder.JSONDecodeError: Expecting value: line 1 column 1 (char 0)
2026-07-27 15:40:41 [INFO] AcnSDK - Cleared identity cache file: /home/unitree/zxy/imt/acn_sdk/data/identity.json
2026-07-27 15:40:41 [INFO] AcnSDK - AcnSDK initialized for agent=RobotDog, network_status=offline
2026-07-27 15:40:41 [INFO] AcnSDK - SDK network endpoints acn_agent=9010 ws=9002 moq=9003 web_ui=9005
2026-07-27 15:40:41 [INFO] HttpClient - HTTP POST http://192.168.1.10:9010/idm/v1/identity-applications
{
  "owner": "13800138111",
  "name": "RobotDog",
  "public_key": "-----BEGIN PUBLIC KEY-----\nMFkwEwYHKoZIzj0CAQYIKoZIzj0DAQcDQgAEjNqmCmtuP9IpEQb88DZmbN0nfAMT\nu0mALPHBfC+5PQSKfmfgFQoiv30y7MZCB4iQHIEf4S7+dHY/x6KK0s6Dfw==\n-----END PUBLIC KEY-----\n",
  "description": "RobotDogModel, SN654321",
  "timestamp": "2026-07-27T07:40:41Z",
  "metadata": {
    "region": "CN",
    "role": "collaborator"
  },
  "signature": "MEUCIQCnZ1MulJJasDsAI/buhgxs9sMnQVw9ZEaku9HMSBpxGAIgfXg6jgma/61aIlvIiPbkKEjy2qI78lXoesGeysfTZ9E=",
  "signature_encoding": "base64"
}
2026-07-27 15:40:41 [INFO] httpx - HTTP Request: POST http://192.168.1.10:9010/idm/v1/identity-applications "HTTP/1.1 200 OK"
2026-07-27 15:40:41 [INFO] HttpClient - HTTP response /idm/v1/identity-applications
{
  "result": "success",
  "agent_id": "did:udid:type2.rid678.achid0.userid1380013811196654@6gc.mnc015.mcc234.3gppnetwork.org",
  "vc0": {
    "context": [
      "3gpp-ts-33.xxx-v20.0.0"
    ],
    "id": "CMCC/credentials/7672",
    "type": [
      "VerifiableCredential",
      "BindingSIMCredential"
    ],
    "issuer": "did:udid:idm@6gc.mnc015.mcc234.3gppnetwork.org",
    "valid_from": "2026-07-27T07:40:33Z",
    "valid_until": "2027-07-27T07:40:33Z",
    "claims": {
      "agent_name": "RobotDog",
      "agent_id": "did:udid:type2.rid678.achid0.userid1380013811196654@6gc.mnc015.mcc234.3gppnetwork.org",
      "agent_attribute": "6G业务开通",
      "master_id": "type0.rid678.schid0.userid1userid20001@6gc0001@6gc.mnc015.mcc234.3gppnetwork.org",
      "self_id": "type0.rid678.schid0..mnc015.mcc234.3gppnetwork.org"
    },
    "proof": {
      "creator": "did:udid:idm@6gc.mnc015.mcc234.3gppnetwork.org#keys-1",
      "signature_value": "MEYCIQCUCCKoKC3BlDmvwaIx9zHEiYtGMpa0TPUrApAZklrhSgIhAOz3KlZL+G+v00oKHLIOSmsJbfxe+vOoxPpo4RhQKSj7"
    }
  }
}
2026-07-27 15:40:41 [INFO] IdentityManager - Persisted identity state: {'agent_id': 'did:udid:type2.rid678.achid0.userid1380013811196654@6gc.mnc015.mcc234.3gppnetwork.org', 'vc0': {'context': ['3gpp-ts-33.xxx-v20.0.0'], 'id': 'CMCC/credentials/7672', 'type': ['VerifiableCredential', 'BindingSIMCredential'], 'issuer': 'did:udid:idm@6gc.mnc015.mcc234.3gppnetwork.org', 'valid_from': '2026-07-27T07:40:33Z', 'valid_until': '2027-07-27T07:40:33Z', 'claims': {'agent_name': 'RobotDog', 'agent_id': 'did:udid:type2.rid678.achid0.userid1380013811196654@6gc.mnc015.mcc234.3gppnetwork.org', 'agent_attribute': '6G业务开通', 'master_id': 'type0.rid678.schid0.userid1userid20001@6gc0001@6gc.mnc015.mcc234.3gppnetwork.org', 'self_id': 'type0.rid678.schid0..mnc015.mcc234.3gppnetwork.org'}, 'proof': {'creator': 'did:udid:idm@6gc.mnc015.mcc234.3gppnetwork.org#keys-1', 'signature_value': 'MEYCIQCUCCKoKC3BlDmvwaIx9zHEiYtGMpa0TPUrApAZklrhSgIhAOz3KlZL+G+v00oKHLIOSmsJbfxe+vOoxPpo4RhQKSj7'}}, 'capability_names': [], 'capability_vcs': [], 'agent_name': 'RobotDog', 'owner': '13800138111', 'priority': 4, 'metadata': {'region': 'CN', 'role': 'collaborator'}}
2026-07-27 15:40:41 [INFO] AcnSDK - Agent registered. agent_id=did:udid:type2.rid678.achid0.userid1380013811196654@6gc.mnc015.mcc234.3gppnetwork.org
2026-07-27 15:40:41 [INFO] CredentialIssuer - Issued capability VCs: [{'context': ['3gpp-ts-33.xxx-v20.0.0'], 'id': 'robot-factory/credentials/8305', 'type': ['VerifiableCredential', 'BindingSIMCredential'], 'issuer': 'did:robotfactoryissuer@6gc.mnc015.mcc234.3gppnetwork', 'valid_from': '2026-07-26T07:40:41.791730+00:00', 'valid_until': '2027-07-27T07:40:41.791730+00:00', 'claims': {'agent_name': 'RobotDog', 'agent_id': 'did:udid:type2.rid678.achid0.userid1380013811196654@6gc.mnc015.mcc234.3gppnetwork.org', 'agent_attribute': '载重运输', 'authorization_mode': 'Mode2'}, 'proof': {'creator': 'did:robotfactoryissuer@6gc.mnc015.mcc234.3gppnetwork#keys-1', 'signature_value': 'MEQCIDA3FyPpebFmdfntCEhjxMf5FtTTUN7IEDYmecs5SrCDAiBI/x7avmGdmOQpjRDTa57KA7S2RaGwBhQ86/67ipQijw=='}}, {'context': ['3gpp-ts-33.xxx-v20.0.0'], 'id': 'robot-factory/credentials/1153', 'type': ['VerifiableCredential', 'BindingSIMCredential'], 'issuer': 'did:robotfactoryissuer@6gc.mnc015.mcc234.3gppnetwork', 'valid_from': '2026-07-26T07:40:41.791730+00:00', 'valid_until': '2027-07-27T07:40:41.791730+00:00', 'claims': {'agent_name': 'RobotDog', 'agent_id': 'did:udid:type2.rid678.achid0.userid1380013811196654@6gc.mnc015.mcc234.3gppnetwork.org', 'agent_attribute': '自主导航', 'authorization_mode': 'Mode2'}, 'proof': {'creator': 'did:robotfactoryissuer@6gc.mnc015.mcc234.3gppnetwork#keys-1', 'signature_value': 'MEQCIES+pKKsxlVpAol8y3csQn4wTVFY/rq6ojaknZ9MCLR1AiAQ06t9Z/G9keXhHIUdquYOLLfX3ThtSlBPGqWYX9qsqA=='}}, {'context': ['3gpp-ts-33.xxx-v20.0.0'], 'id': 'robot-factory/credentials/1549', 'type': ['VerifiableCredential', 'BindingSIMCredential'], 'issuer': 'did:robotfactoryissuer@6gc.mnc015.mcc234.3gppnetwork', 'valid_from': '2026-07-26T07:40:41.791730+00:00', 'valid_until': '2027-07-27T07:40:41.791730+00:00', 'claims': {'agent_name': 'RobotDog', 'agent_id': 'did:udid:type2.rid678.achid0.userid1380013811196654@6gc.mnc015.mcc234.3gppnetwork.org', 'agent_attribute': '高清摄像', 'authorization_mode': 'Mode2'}, 'proof': {'creator': 'did:robotfactoryissuer@6gc.mnc015.mcc234.3gppnetwork#keys-1', 'signature_value': 'MEYCIQCQsTR4RJyolgfWczcH7xPtq/as73TQBdCZKJq4z4yGnQIhAJEMBbzi4YBEs+6nI8ryOSTEhQs1r+NdrOXO2IdzbNa0'}}]
2026-07-27 15:40:41 [INFO] IdentityManager - Persisted identity state: {'agent_id': 'did:udid:type2.rid678.achid0.userid1380013811196654@6gc.mnc015.mcc234.3gppnetwork.org', 'vc0': {'context': ['3gpp-ts-33.xxx-v20.0.0'], 'id': 'CMCC/credentials/7672', 'type': ['VerifiableCredential', 'BindingSIMCredential'], 'issuer': 'did:udid:idm@6gc.mnc015.mcc234.3gppnetwork.org', 'valid_from': '2026-07-27T07:40:33Z', 'valid_until': '2027-07-27T07:40:33Z', 'claims': {'agent_name': 'RobotDog', 'agent_id': 'did:udid:type2.rid678.achid0.userid1380013811196654@6gc.mnc015.mcc234.3gppnetwork.org', 'agent_attribute': '6G业务开通', 'master_id': 'type0.rid678.schid0.userid1userid20001@6gc0001@6gc.mnc015.mcc234.3gppnetwork.org', 'self_id': 'type0.rid678.schid0..mnc015.mcc234.3gppnetwork.org'}, 'proof': {'creator': 'did:udid:idm@6gc.mnc015.mcc234.3gppnetwork.org#keys-1', 'signature_value': 'MEYCIQCUCCKoKC3BlDmvwaIx9zHEiYtGMpa0TPUrApAZklrhSgIhAOz3KlZL+G+v00oKHLIOSmsJbfxe+vOoxPpo4RhQKSj7'}}, 'capability_names': ['载重运输', '自主导航', '高清摄像'], 'capability_vcs': [{'context': ['3gpp-ts-33.xxx-v20.0.0'], 'id': 'robot-factory/credentials/8305', 'type': ['VerifiableCredential', 'BindingSIMCredential'], 'issuer': 'did:robotfactoryissuer@6gc.mnc015.mcc234.3gppnetwork', 'valid_from': '2026-07-26T07:40:41.791730+00:00', 'valid_until': '2027-07-27T07:40:41.791730+00:00', 'claims': {'agent_name': 'RobotDog', 'agent_id': 'did:udid:type2.rid678.achid0.userid1380013811196654@6gc.mnc015.mcc234.3gppnetwork.org', 'agent_attribute': '载重运输', 'authorization_mode': 'Mode2'}, 'proof': {'creator': 'did:robotfactoryissuer@6gc.mnc015.mcc234.3gppnetwork#keys-1', 'signature_value': 'MEQCIDA3FyPpebFmdfntCEhjxMf5FtTTUN7IEDYmecs5SrCDAiBI/x7avmGdmOQpjRDTa57KA7S2RaGwBhQ86/67ipQijw=='}}, {'context': ['3gpp-ts-33.xxx-v20.0.0'], 'id': 'robot-factory/credentials/1153', 'type': ['VerifiableCredential', 'BindingSIMCredential'], 'issuer': 'did:robotfactoryissuer@6gc.mnc015.mcc234.3gppnetwork', 'valid_from': '2026-07-26T07:40:41.791730+00:00', 'valid_until': '2027-07-27T07:40:41.791730+00:00', 'claims': {'agent_name': 'RobotDog', 'agent_id': 'did:udid:type2.rid678.achid0.userid1380013811196654@6gc.mnc015.mcc234.3gppnetwork.org', 'agent_attribute': '自主导航', 'authorization_mode': 'Mode2'}, 'proof': {'creator': 'did:robotfactoryissuer@6gc.mnc015.mcc234.3gppnetwork#keys-1', 'signature_value': 'MEQCIES+pKKsxlVpAol8y3csQn4wTVFY/rq6ojaknZ9MCLR1AiAQ06t9Z/G9keXhHIUdquYOLLfX3ThtSlBPGqWYX9qsqA=='}}, {'context': ['3gpp-ts-33.xxx-v20.0.0'], 'id': 'robot-factory/credentials/1549', 'type': ['VerifiableCredential', 'BindingSIMCredential'], 'issuer': 'did:robotfactoryissuer@6gc.mnc015.mcc234.3gppnetwork', 'valid_from': '2026-07-26T07:40:41.791730+00:00', 'valid_until': '2027-07-27T07:40:41.791730+00:00', 'claims': {'agent_name': 'RobotDog', 'agent_id': 'did:udid:type2.rid678.achid0.userid1380013811196654@6gc.mnc015.mcc234.3gppnetwork.org', 'agent_attribute': '高清摄像', 'authorization_mode': 'Mode2'}, 'proof': {'creator': 'did:robotfactoryissuer@6gc.mnc015.mcc234.3gppnetwork#keys-1', 'signature_value': 'MEYCIQCQsTR4RJyolgfWczcH7xPtq/as73TQBdCZKJq4z4yGnQIhAJEMBbzi4YBEs+6nI8ryOSTEhQs1r+NdrOXO2IdzbNa0'}}], 'agent_name': 'RobotDog', 'owner': '13800138111', 'priority': 4, 'metadata': {'region': 'CN', 'role': 'collaborator'}}
2026-07-27 15:40:41 [INFO] HttpClient - HTTP POST http://192.168.1.10:9010/arf/v1/agent-cards
{
  "agent_id": "did:udid:type2.rid678.achid0.userid1380013811196654@6gc.mnc015.mcc234.3gppnetwork.org",
  "priority": 4,
  "timestamp": "2026-07-27T07:40:41Z",
  "signature": "MEUCIC3F8QA2bGsZAT8mAPlb/reVxgYuVcKsIqYQgXC7CIeDAiEA0Nrs1DGsLoK5Nx1ADzgc2VfT5kyO5sQw+QQ2BEIy9SQ=",
  "signature_encoding": "base64",
  "vc_list": [
    {
      "context": [
        "3gpp-ts-33.xxx-v20.0.0"
      ],
      "id": "CMCC/credentials/7672",
      "type": [
        "VerifiableCredential",
        "BindingSIMCredential"
      ],
      "issuer": "did:udid:idm@6gc.mnc015.mcc234.3gppnetwork.org",
      "valid_from": "2026-07-27T07:40:33Z",
      "valid_until": "2027-07-27T07:40:33Z",
      "claims": {
        "agent_name": "RobotDog",
        "agent_id": "did:udid:type2.rid678.achid0.userid1380013811196654@6gc.mnc015.mcc234.3gppnetwork.org",
        "agent_attribute": "6G业务开通",
        "master_id": "type0.rid678.schid0.userid1userid20001@6gc0001@6gc.mnc015.mcc234.3gppnetwork.org",
        "self_id": "type0.rid678.schid0..mnc015.mcc234.3gppnetwork.org"
      },
      "proof": {
        "creator": "did:udid:idm@6gc.mnc015.mcc234.3gppnetwork.org#keys-1",
        "signature_value": "MEYCIQCUCCKoKC3BlDmvwaIx9zHEiYtGMpa0TPUrApAZklrhSgIhAOz3KlZL+G+v00oKHLIOSmsJbfxe+vOoxPpo4RhQKSj7"
      }
    },
    {
      "context": [
        "3gpp-ts-33.xxx-v20.0.0"
      ],
      "id": "robot-factory/credentials/8305",
      "type": [
        "VerifiableCredential",
        "BindingSIMCredential"
      ],
      "issuer": "did:robotfactoryissuer@6gc.mnc015.mcc234.3gppnetwork",
      "valid_from": "2026-07-26T07:40:41.791730+00:00",
      "valid_until": "2027-07-27T07:40:41.791730+00:00",
      "claims": {
        "agent_name": "RobotDog",
        "agent_id": "did:udid:type2.rid678.achid0.userid1380013811196654@6gc.mnc015.mcc234.3gppnetwork.org",
        "agent_attribute": "载重运输",
        "authorization_mode": "Mode2"
      },
      "proof": {
        "creator": "did:robotfactoryissuer@6gc.mnc015.mcc234.3gppnetwork#keys-1",
        "signature_value": "MEQCIDA3FyPpebFmdfntCEhjxMf5FtTTUN7IEDYmecs5SrCDAiBI/x7avmGdmOQpjRDTa57KA7S2RaGwBhQ86/67ipQijw=="
      }
    },
    {
      "context": [
        "3gpp-ts-33.xxx-v20.0.0"
      ],
      "id": "robot-factory/credentials/1153",
      "type": [
        "VerifiableCredential",
        "BindingSIMCredential"
      ],
      "issuer": "did:robotfactoryissuer@6gc.mnc015.mcc234.3gppnetwork",
      "valid_from": "2026-07-26T07:40:41.791730+00:00",
      "valid_until": "2027-07-27T07:40:41.791730+00:00",
      "claims": {
        "agent_name": "RobotDog",
        "agent_id": "did:udid:type2.rid678.achid0.userid1380013811196654@6gc.mnc015.mcc234.3gppnetwork.org",
        "agent_attribute": "自主导航",
        "authorization_mode": "Mode2"
      },
      "proof": {
        "creator": "did:robotfactoryissuer@6gc.mnc015.mcc234.3gppnetwork#keys-1",
        "signature_value": "MEQCIES+pKKsxlVpAol8y3csQn4wTVFY/rq6ojaknZ9MCLR1AiAQ06t9Z/G9keXhHIUdquYOLLfX3ThtSlBPGqWYX9qsqA=="
      }
    },
    {
      "context": [
        "3gpp-ts-33.xxx-v20.0.0"
      ],
      "id": "robot-factory/credentials/1549",
      "type": [
        "VerifiableCredential",
        "BindingSIMCredential"
      ],
      "issuer": "did:robotfactoryissuer@6gc.mnc015.mcc234.3gppnetwork",
      "valid_from": "2026-07-26T07:40:41.791730+00:00",
      "valid_until": "2027-07-27T07:40:41.791730+00:00",
      "claims": {
        "agent_name": "RobotDog",
        "agent_id": "did:udid:type2.rid678.achid0.userid1380013811196654@6gc.mnc015.mcc234.3gppnetwork.org",
        "agent_attribute": "高清摄像",
        "authorization_mode": "Mode2"
      },
      "proof": {
        "creator": "did:robotfactoryissuer@6gc.mnc015.mcc234.3gppnetwork#keys-1",
        "signature_value": "MEYCIQCQsTR4RJyolgfWczcH7xPtq/as73TQBdCZKJq4z4yGnQIhAJEMBbzi4YBEs+6nI8ryOSTEhQs1r+NdrOXO2IdzbNa0"
      }
    }
  ]
}
2026-07-27 15:40:41 [INFO] httpx - HTTP Request: POST http://192.168.1.10:9010/arf/v1/agent-cards "HTTP/1.1 200 OK"
2026-07-27 15:40:41 [INFO] HttpClient - HTTP response /arf/v1/agent-cards
{
  "status": "OK"
}
2026-07-27 15:40:41 [INFO] AcnSDK - Robot attribute registered. agent_id=did:udid:type2.rid678.achid0.userid1380013811196654@6gc.mnc015.mcc234.3gppnetwork.org
2026-07-27 15:40:42 [INFO] WebSocketClient - Connecting websocket to ws://192.168.1.10:9002/ws
2026-07-27 15:40:42 [INFO] WebSocketClient - Websocket connected.
2026-07-27 15:40:42 [INFO] WebSocketClient - Sending websocket payload
{
  "type": "SETUP",
  "timestamp": "2026-07-27T07:40:42Z",
  "payload": {
    "src_agent_id": "did:udid:type2.rid678.achid0.userid1380013811196654@6gc.mnc015.mcc234.3gppnetwork.org"
  }
}
2026-07-27 15:40:42 [INFO] WebSocketClient - Received websocket payload
{
  "type": "SETUP",
  "timestamp": "2026-07-27T07:40:34.147720Z",
  "payload": {
    "status": "OK"
  }
}
2026-07-27 15:40:42 [INFO] MoQClient - Connecting MoQ client role=publisher remote=192.168.1.10:9003
2026-07-27 15:40:42 [INFO] moq.pub.publisher - MOQPublisher initialized for 192.168.1.10:9003
2026-07-27 15:40:42 [INFO] moq.pub.publisher - Connecting to relay at 192.168.1.10:9003
2026-07-27 15:40:42 [INFO] moq.transport.quic_transport - QUIC client config: congestion=cubic max_data=67108864 max_stream_data=67108864
2026-07-27 15:40:42 [INFO] moq.transport.quic_transport - Connecting to 192.168.1.10:9003
2026-07-27 15:40:42 [INFO] moq.transport.quic_transport - MOQQuicProtocol initialized
2026-07-27 15:40:42 [INFO] quic - [5ee5955c7523172b] Negotiated protocol version 0x00000001 (VERSION_1)
2026-07-27 15:40:42 [INFO] quic - [5ee5955c7523172b] ALPN negotiated protocol moq-00
2026-07-27 15:40:42 [INFO] moq.transport.quic_transport - QUIC connection established
2026-07-27 15:40:42 [INFO] moq.session.session - MOQSession created: session_id=pub-281473827673744, role=PUBLISHER
2026-07-27 15:40:42 [INFO] moq.session.session - Sent SETUP: version=4278190097, role=PUBLISHER
2026-07-27 15:40:42 [INFO] moq.pub.publisher - Connected to relay
2026-07-27 15:40:42 [INFO] MoQClient - MoQ publisher connected to relay
2026-07-27 15:40:42 [INFO] MoQClient - MoQ client connected role=publisher remote=192.168.1.10:9003
2026-07-27 15:40:42 [INFO] MoQClient - Connecting MoQ client role=subscriber remote=192.168.1.10:9003
2026-07-27 15:40:42 [INFO] moq.sub.subscriber - MOQSubscriber initialized for 192.168.1.10:9003
2026-07-27 15:40:42 [INFO] moq.sub.subscriber - Connecting to relay at 192.168.1.10:9003
2026-07-27 15:40:42 [INFO] moq.transport.quic_transport - QUIC client config: congestion=cubic max_data=67108864 max_stream_data=67108864
2026-07-27 15:40:42 [INFO] moq.transport.quic_transport - Connecting to 192.168.1.10:9003
2026-07-27 15:40:42 [INFO] moq.transport.quic_transport - MOQQuicProtocol initialized
2026-07-27 15:40:42 [INFO] quic - [a653c20b2c4c117c] Negotiated protocol version 0x00000001 (VERSION_1)
2026-07-27 15:40:42 [INFO] quic - [a653c20b2c4c117c] ALPN negotiated protocol moq-00
2026-07-27 15:40:42 [INFO] moq.transport.quic_transport - QUIC connection established
2026-07-27 15:40:42 [INFO] moq.session.session - MOQSession created: session_id=sub-281473827680848, role=SUBSCRIBER
2026-07-27 15:40:42 [INFO] moq.session.session - Sent SETUP: version=4278190097, role=SUBSCRIBER
2026-07-27 15:40:42 [INFO] moq.sub.subscriber - Connected to relay
2026-07-27 15:40:42 [INFO] MoQClient - MoQ subscriber connected to relay
2026-07-27 15:40:42 [INFO] MoQClient - MoQ client connected role=subscriber remote=192.168.1.10:9003
2026-07-27 15:40:42 [INFO] AcnSDK - Background network listener started.
2026-07-27 15:40:42 [INFO] AcnSDK - Network join successful for agent_id=did:udid:type2.rid678.achid0.userid1380013811196654@6gc.mnc015.mcc234.3gppnetwork.org
2026-07-27 15:40:42 [INFO] AcnSDK - Queried local agent info agent_id=did:udid:type2.rid678.achid0.userid1380013811196654@6gc.mnc015.mcc234.3gppnetwork.org
2026-07-27 15:40:42 [INFO] HttpClient - HTTP POST http://192.168.1.10:9010/acn-agent/v1/owner-agents
{
  "owner": "13800138111"
}
2026-07-27 15:40:42 [INFO] httpx - HTTP Request: POST http://192.168.1.10:9010/acn-agent/v1/owner-agents "HTTP/1.1 200 OK"
2026-07-27 15:40:42 [INFO] HttpClient - HTTP response /acn-agent/v1/owner-agents
{
  "owner": "13800138111",
  "total": 10,
  "agents": [
    {
      "agent_id": "did:udid:type2.rid678.achid0.userid1380013811127392@6gc.mnc015.mcc234.3gppnetwork.org",
      "agent_name": "RobotDog",
      "description": "RobotDogModel, SN654321"
    },
    {
      "agent_id": "did:udid:type2.rid678.achid0.userid1380013811135919@6gc.mnc015.mcc234.3gppnetwork.org",
      "agent_name": "RobotDog",
      "description": "RobotDogModel, SN654321"
    },
    {
      "agent_id": "did:udid:type2.rid678.achid0.userid1380013811140750@6gc.mnc015.mcc234.3gppnetwork.org",
      "agent_name": "RobotDog",
      "description": "RobotDogModel, SN654321"
    },
    {
      "agent_id": "did:udid:type2.rid678.achid0.userid1380013811152031@6gc.mnc015.mcc234.3gppnetwork.org",
      "agent_name": "RobotDog",
      "description": "RobotDogModel, SN654321"
    },
    {
      "agent_id": "did:udid:type2.rid678.achid0.userid1380013811155293@6gc.mnc015.mcc234.3gppnetwork.org",
      "agent_name": "RobotDog",
      "description": "RobotDogModel, SN654321"
    },
    {
      "agent_id": "did:udid:type2.rid678.achid0.userid1380013811155912@6gc.mnc015.mcc234.3gppnetwork.org",
      "agent_name": "RobotDog",
      "description": "RobotDogModel, SN654321"
    },
    {
      "agent_id": "did:udid:type2.rid678.achid0.userid1380013811157226@6gc.mnc015.mcc234.3gppnetwork.org",
      "agent_name": "RobotDog",
      "description": "RobotDogModel, SN654321"
    },
    {
      "agent_id": "did:udid:type2.rid678.achid0.userid1380013811169706@6gc.mnc015.mcc234.3gppnetwork.org",
      "agent_name": "RobotDog",
      "description": "RobotDogModel, SN654321"
    },
    {
      "agent_id": "did:udid:type2.rid678.achid0.userid1380013811172298@6gc.mnc015.mcc234.3gppnetwork.org",
      "agent_name": "RobotDog",
      "description": "RobotDogModel, SN654321"
    },
    {
      "agent_id": "did:udid:type2.rid678.achid0.userid1380013811196654@6gc.mnc015.mcc234.3gppnetwork.org",
      "agent_name": "RobotDog",
      "description": "RobotDogModel, SN654321"
    }
  ]
}
2026-07-27 15:40:42 [INFO] AcnSDK - Queried agent list owner=13800138111
1970-01-02 02:08:54 [INFO] AcnSDK - Cleared identity cache file: /home/unitree/zxy/imt/acn_sdk/data/identity.json
1970-01-02 02:08:54 [INFO] AcnSDK - AcnSDK initialized for agent=RobotDog, network_status=offline
1970-01-02 02:08:54 [INFO] AcnSDK - SDK network endpoints acn_agent=9010 ws=9002 moq=9003 web_ui=9005
1970-01-02 02:08:54 [INFO] IdentityManager - Persisted identity state: {'agent_id': 'did:udid:type2.rid678.achid0.userid1380013811196654@6gc.mnc015.mcc234.3gppnetwork.org', 'vc0': {'context': ['3gpp-ts-33.xxx-v20.0.0'], 'id': 'CMCC/credentials/7672', 'type': ['VerifiableCredential', 'BindingSIMCredential'], 'issuer': 'did:udid:idm@6gc.mnc015.mcc234.3gppnetwork.org', 'valid_from': '2026-07-27T07:40:33Z', 'valid_until': '2027-07-27T07:40:33Z', 'claims': {'agent_name': 'RobotDog', 'agent_id': 'did:udid:type2.rid678.achid0.userid1380013811196654@6gc.mnc015.mcc234.3gppnetwork.org', 'agent_attribute': '6G业务开通', 'master_id': 'type0.rid678.schid0.userid1userid20001@6gc0001@6gc.mnc015.mcc234.3gppnetwork.org', 'self_id': 'type0.rid678.schid0..mnc015.mcc234.3gppnetwork.org'}, 'proof': {'creator': 'did:udid:idm@6gc.mnc015.mcc234.3gppnetwork.org#keys-1', 'signature_value': 'MEYCIQCUCCKoKC3BlDmvwaIx9zHEiYtGMpa0TPUrApAZklrhSgIhAOz3KlZL+G+v00oKHLIOSmsJbfxe+vOoxPpo4RhQKSj7'}}, 'capability_names': ['载重运输', '自主导航', '高清摄像'], 'capability_vcs': [{'context': ['3gpp-ts-33.xxx-v20.0.0'], 'id': 'robot-factory/credentials/8305', 'type': ['VerifiableCredential', 'BindingSIMCredential'], 'issuer': 'did:robotfactoryissuer@6gc.mnc015.mcc234.3gppnetwork', 'valid_from': '2026-07-26T07:40:41.791730+00:00', 'valid_until': '2027-07-27T07:40:41.791730+00:00', 'claims': {'agent_name': 'RobotDog', 'agent_id': 'did:udid:type2.rid678.achid0.userid1380013811196654@6gc.mnc015.mcc234.3gppnetwork.org', 'agent_attribute': '载重运输', 'authorization_mode': 'Mode2'}, 'proof': {'creator': 'did:robotfactoryissuer@6gc.mnc015.mcc234.3gppnetwork#keys-1', 'signature_value': 'MEQCIDA3FyPpebFmdfntCEhjxMf5FtTTUN7IEDYmecs5SrCDAiBI/x7avmGdmOQpjRDTa57KA7S2RaGwBhQ86/67ipQijw=='}}, {'context': ['3gpp-ts-33.xxx-v20.0.0'], 'id': 'robot-factory/credentials/1153', 'type': ['VerifiableCredential', 'BindingSIMCredential'], 'issuer': 'did:robotfactoryissuer@6gc.mnc015.mcc234.3gppnetwork', 'valid_from': '2026-07-26T07:40:41.791730+00:00', 'valid_until': '2027-07-27T07:40:41.791730+00:00', 'claims': {'agent_name': 'RobotDog', 'agent_id': 'did:udid:type2.rid678.achid0.userid1380013811196654@6gc.mnc015.mcc234.3gppnetwork.org', 'agent_attribute': '自主导航', 'authorization_mode': 'Mode2'}, 'proof': {'creator': 'did:robotfactoryissuer@6gc.mnc015.mcc234.3gppnetwork#keys-1', 'signature_value': 'MEQCIES+pKKsxlVpAol8y3csQn4wTVFY/rq6ojaknZ9MCLR1AiAQ06t9Z/G9keXhHIUdquYOLLfX3ThtSlBPGqWYX9qsqA=='}}, {'context': ['3gpp-ts-33.xxx-v20.0.0'], 'id': 'robot-factory/credentials/1549', 'type': ['VerifiableCredential', 'BindingSIMCredential'], 'issuer': 'did:robotfactoryissuer@6gc.mnc015.mcc234.3gppnetwork', 'valid_from': '2026-07-26T07:40:41.791730+00:00', 'valid_until': '2027-07-27T07:40:41.791730+00:00', 'claims': {'agent_name': 'RobotDog', 'agent_id': 'did:udid:type2.rid678.achid0.userid1380013811196654@6gc.mnc015.mcc234.3gppnetwork.org', 'agent_attribute': '高清摄像', 'authorization_mode': 'Mode2'}, 'proof': {'creator': 'did:robotfactoryissuer@6gc.mnc015.mcc234.3gppnetwork#keys-1', 'signature_value': 'MEYCIQCQsTR4RJyolgfWczcH7xPtq/as73TQBdCZKJq4z4yGnQIhAJEMBbzi4YBEs+6nI8ryOSTEhQs1r+NdrOXO2IdzbNa0'}}], 'agent_name': 'RobotDog', 'owner': '13800138111', 'priority': 4, 'metadata': {'region': 'CN', 'role': 'collaborator'}}
1970-01-02 02:08:54 [INFO] WebSocketClient - Connecting websocket to ws://192.168.1.10:9002/ws
1970-01-02 02:08:54 [INFO] MoQClient - Disconnecting MoQ client role=publisher remote=192.168.1.10:9003
1970-01-02 02:08:54 [INFO] MoQClient - MoQ client disconnected role=publisher remote=192.168.1.10:9003
1970-01-02 02:08:54 [INFO] MoQClient - Disconnecting MoQ client role=subscriber remote=192.168.1.10:9003
1970-01-02 02:08:54 [INFO] MoQClient - MoQ client disconnected role=subscriber remote=192.168.1.10:9003
1970-01-02 02:08:54 [INFO] TaskManager - Stopping all tasks: []
1970-01-02 02:08:54 [INFO] AcnSDK - Network state changed to offline
1970-01-02 02:08:54 [ERROR] AcnSDK - Failed to join network for agent_id=did:udid:type2.rid678.achid0.userid1380013811196654@6gc.mnc015.mcc234.3gppnetwork.org.
Traceback (most recent call last):
  File "/home/unitree/zxy/imt/acn_sdk/core/network_service.py", line 27, in join_network
    self.websocket_client.connect()
  File "/home/unitree/zxy/imt/acn_sdk/network/websocket_client.py", line 20, in connect
    self._connection = create_connection(self.url)
  File "/home/unitree/zxy/imt/.venv/lib/python3.10/site-packages/websocket/_core.py", line 664, in create_connection
    websock.connect(url, **options)
  File "/home/unitree/zxy/imt/.venv/lib/python3.10/site-packages/websocket/_core.py", line 263, in connect
    self.sock, addrs = connect(
  File "/home/unitree/zxy/imt/.venv/lib/python3.10/site-packages/websocket/_http.py", line 146, in connect
    sock = _open_socket(addrinfo_list, options.sockopt, options.timeout)
  File "/home/unitree/zxy/imt/.venv/lib/python3.10/site-packages/websocket/_http.py", line 233, in _open_socket
    raise err
  File "/home/unitree/zxy/imt/.venv/lib/python3.10/site-packages/websocket/_http.py", line 210, in _open_socket
    sock.connect(address)
ConnectionRefusedError: [Errno 111] Connection refused
